artDate,artTitle,artContent,sentence,LLM,情緒,文章分類
2024-03-25 15:59:27,問題日公布銷量會統一江湖嗎,大家都收到交車通知台灣自產值史上最佳訂單上看萬台交車模式採用特斯拉模式簡單快速家裡附近最近也開了一個展間三月份可能還沒辦法超過但是四月份應該是統一江湖了也難怪家裡社區忽然有個位子都在裝充電樁有卦嗎產能真的開得出來嗎,大家都收到交車通知台灣自產值史上最佳訂單上看萬台交車模式採用特斯拉模式簡單快速家裡附近最近也開了一個展間三月份可能還沒辦法超過但是四月份應該是統一江湖了也難怪家裡社區忽然有個位子都在裝充電樁有卦嗎產能真的開得出來嗎,"{""文章分類"": ""使用者體驗"",""情緒"": ""中性"",}",,
2024-03-26 00:29:03,情報特斯拉主控煞車失效停紅燈自動倒退撞車,嘖嘖看到這則新聞讓我想到另外這則新聞可憐的趙小蘭妹妹會不會也是開特斯拉遇到主控煞車失效自動倒退到掉湖裏溺斃呢不過死人不會講話所以一切以特斯拉自家內建的行車記錄器說了算記者洪彩綸攝影簡大程報導宜蘭有特斯拉車主控訴新買的電動車狀況連連儀表板先顯示車燈異常車廠查不出原因之後又出現停車功能失常等好幾個異常訊號甚至在停紅燈時他指控煞車失效特斯拉自動倒退嚕撞上後車,嘖嘖看到這則新聞讓我想到另外這則新聞可憐的趙小蘭妹妹會不會也是開特斯拉遇到主控煞車失效自動倒退到掉湖裏溺斃呢不過死人不會講話所以一切以特斯拉自家內建的行車記錄器說了算記者洪彩綸攝影簡大程報導宜蘭有特斯拉車主控訴新買的電動車狀況連連儀表板先顯示車燈異常車廠查不出原因之後又出現停車功能失常等好幾個異常訊號甚至在停紅燈時他指控煞車失效特斯拉自動倒退嚕撞上後車,"{""文章分類"": ""安全性方面"",""情緒"": ""負面""}",,
2024-03-27 12:54:43,情報大改款配備售價流出,其實這件事情你要是有看過車跟乘坐過就不會問了我這次出差剛好接送分別是後的回程應該是初代我只能說乘坐感受天差地遠我看至少還比老個幾年但乘坐上基本上非常安靜引擎運轉和內裝都沒什麼雜音別說跟比跟我之前開十幾年的還糟上很多駕駛艙內裝一堆有的沒有的屁噪音然後後馬達聲音非常惱人我相信新款應該好很多底盤路感很硬沒錯但晃動感不是一個舒適的狀態以後座來說其實也是普通但那台真的是糟到一個不行還不到十年的車異音大概就是二手國產車的水準之前坐過六七年的吉利沃爾沃真的是安靜舒適多了假如你是在乎行車品質真的不是什麼好選擇連最高階的開不到十年都慘成這樣了,其實這件事情你要是有看過車跟乘坐過就不會問了我這次出差剛好接送分別是後的回程應該是初代我只能說乘坐感受天差地遠我看至少還比老個幾年但乘坐上基本上非常安靜引擎運轉和內裝都沒什麼雜音別說跟比跟我之前開十幾年的還糟上很多駕駛艙內裝一堆有的沒有的屁噪音然後後馬達聲音非常惱人我相信新款應該好很多底盤路感很硬沒錯但晃動感不是一個舒適的狀態以後座來說其實也是普通但那台真的是糟到一個不行還不到十年的車異音大概就是二手國產車的水準之前坐過六七年的吉利沃爾沃真的是安靜舒適多了假如你是在乎行車品質真的不是什麼好選擇連最高階的開不到十年都慘成這樣了,"{""文章分類"": ""使用者體驗"",""情緒"": ""負面"",}",,
2024-03-27 17:26:46,新聞煥新版實車搶先登台最快,原文連結原文內容煥新版提供後輪驅動與全輪驅動雙版本標準售價自元起全輪驅動售價元起心得說明字以上首批好像五月會開始交車新的車頭銳利很多比之前好看不少這個顏色還滿像馬自達的渾動紅原文及網址連結心得或意見字不含標點符號,原文連結原文內容煥新版提供後輪驅動與全輪驅動雙版本標準售價自元起全輪驅動售價元起心得說明字以上首批好像五月會開始交車新的車頭銳利很多比之前好看不少這個顏色還滿像馬自達的渾動紅原文及網址連結心得或意見字不含標點符號,"{""文章分類"":""使用者體驗"",""情緒"":""正面"",""特點"": [""後輪驅動與全輪驅動雙版本標準售價自元起全輪驅動售價元起"",""首批好像五月會開始交車新的車頭銳利很多比之前好看不少這個顏色還滿像馬自達的渾動紅""]}",,
2024-03-27 18:55:26,新聞煥新版實車搶先登台最快,原文恕刪文長直接看圖心得萬非常香通風椅後螢幕都有前後都雙層玻璃萬款零百秒也足夠快了更重要的是續航比舊版進步很多新版萬款公里也夠誠意了再考量可能的牌照稅訂單應該會非常集中在萬款另外方向盤非常特別可能要適應一下大家覺得如何呢討論下巴,原文恕刪文長直接看圖心得萬非常香通風椅後螢幕都有前後都雙層玻璃萬款零百秒也足夠快了更重要的是續航比舊版進步很多新版萬款公里也夠誠意了再考量可能的牌照稅訂單應該會非常集中在萬款另外方向盤非常特別可能要適應一下大家覺得如何呢討論下巴,"{""文章分類"": ""使用者體驗"",""情緒"": ""正面"",}",,
2024-03-27 18:56:48,討論台灣漲電價會影響電動車銷售嗎,還行吧特斯拉的車主等超有錢的你知道哀鳳嗎手機中的霸主精品真正的果粉買哀鳳是出一隻新的就買就是一直買就對了有在管你什麼性價比嗎買特斯拉的有錢人就是這樣有新的車型上市就立刻買誰在管你什麼電價人家一個比一個有錢好嗎以上是女友在說電價漲會影響特斯拉時拎北跟她豪洨的不過應該也是事實吧買得起特斯拉怎麼會充不起電不用幫特斯拉車主擔心啦電價漲十倍都沒影響嘻嘻,還行吧特斯拉的車主等超有錢的你知道哀鳳嗎手機中的霸主精品真正的果粉買哀鳳是出一隻新的就買就是一直買就對了有在管你什麼性價比嗎買特斯拉的有錢人就是這樣有新的車型上市就立刻買誰在管你什麼電價人家一個比一個有錢好嗎以上是女友在說電價漲會影響特斯拉時拎北跟她豪洨的不過應該也是事實吧買得起特斯拉怎麼會充不起電不用幫特斯拉車主擔心啦電價漲十倍都沒影響嘻嘻,"{""文章分類"": ""性價比方面"",""情緒"": ""負面"",}",,
2024-03-28 08:19:08,新聞煥新版實車搶先登台最快,這顏色的我在上海開過一直有人說新版比較安靜懸吊比較好我個人的體驗是跟年以後的沒差異比較大的區別在外觀和內裝以及沒撥桿前車窗有雙層玻璃上一篇板友分享極速我自己試過的極速是原廠數據好像也是一樣以下是內裝差異圖排檔移到螢幕跟上方車內燈整合,這顏色的我在上海開過一直有人說新版比較安靜懸吊比較好我個人的體驗是跟年以後的沒差異比較大的區別在外觀和內裝以及沒撥桿前車窗有雙層玻璃上一篇板友分享極速我自己試過的極速是原廠數據好像也是一樣以下是內裝差異圖排檔移到螢幕跟上方車內燈整合,"{""文章分類"":""使用者體驗"",""情緒"":""中性"",}",,
2024-03-28 08:22:27,討論純電貨車的未來性,現在物流業分工蠻精細的大車運載到站點站點再用小車或是兩輪到最終收貨人手中假如你的商用車是指大車我覺得沒搞頭在車重問題上的能源效率無法達到平衡長途運輸下能源補充也是一個大問題但最後一哩路的運載我覺得是有機會的因為大多數都在市區跑動其實動力你抓個以內的反正馬達扭力低轉就有峰值有個就超可怕的這個續航配上的電池其實也是可以跑了反正不上高速公路市區大概最高就在跑這動力綽綽有餘單馬達小電池加上空間配置美國物流公司也是有投資不少這種載具台灣問題是規模不夠像那樣自己玩客製化的車隊但未來有車廠推出標準化的產品其實成本並不會太高而目前車廠也還在觀望除了外高頻率使用下小電池的壽命到底如何假如證實多數電池跑個三十萬都沒太大問題末端運輸改電車機率還是頗高的,現在物流業分工蠻精細的大車運載到站點站點再用小車或是兩輪到最終收貨人手中假如你的商用車是指大車我覺得沒搞頭在車重問題上的能源效率無法達到平衡長途運輸下能源補充也是一個大問題但最後一哩路的運載我覺得是有機會的因為大多數都在市區跑動其實動力你抓個以內的反正馬達扭力低轉就有峰值有個就超可怕的這個續航配上的電池其實也是可以跑了反正不上高速公路市區大概最高就在跑這動力綽綽有餘單馬達小電池加上空間配置美國物流公司也是有投資不少這種載具台灣問題是規模不夠像那樣自己玩客製化的車隊但未來有車廠推出標準化的產品其實成本並不會太高而目前車廠也還在觀望除了外高頻率使用下小電池的壽命到底如何假如證實多數電池跑個三十萬都沒太大問題末端運輸改電車機率還是頗高的,"{""文章分類"": ""安全性方面"",""情緒"": ""負面"",}",,
2024-03-28 14:14:35,新聞沒電特斯拉停國道中線警到場駕駛竟抱,原文連結原文內容沒電特斯拉停國道中線警到場駕駛竟抱氣球狂吸聯合報記者黃羿馨新竹即時報導多歲男子今晨時許開著特斯拉電動車行經國道號南向公里新竹竹北路段時在車道中線龜速公里慢行甚至一度停下擋路警方獲報到場查看發現男子竟抱著一顆藍色氣球狂吸且神情恍惚疑似在吸食笑氣國道警方表示全案依公共危險罪送辦並查扣該輛特斯拉未懸掛車牌部分另行裁罰據民眾提供畫面指出一輛白色未懸掛車牌的特斯拉電動車不明原因停在國中線車道上警方到場查看發現該名男子抱著一顆藍色氣球正在吸食且神情恍惚警方上前吆喝制止下車開門不要再吸了但男子依舊不予理會等待警方靠近男子還狡辯是電動車沒有電了啦隨後警方還在車上搜出一袋現金國道警方表示由於男子行為已涉嫌危險駕車占據路面影響其他車輛通行甚至妨害交通安全全案依公共危險罪嫌送辦至於男子吸食的是否為笑氣或是其他毒品已進一步釐清中至於未懸掛車牌部分警方表示將依道路交通管理處罰條例第條已領有號牌而未懸掛或不依指定位置懸掛處千百元以上萬百元以下罰鍰並禁止其行駛目前該輛特斯拉已遭警方查扣心得說明字以上可能是已經吸到啪代了麻豆傳媒那麼高調喔車牌不掛然後掛宣傳布條是趕著拍片嗎,原文連結原文內容沒電特斯拉停國道中線警到場駕駛竟抱氣球狂吸聯合報記者黃羿馨新竹即時報導多歲男子今晨時許開著特斯拉電動車行經國道號南向公里新竹竹北路段時在車道中線龜速公里慢行甚至一度停下擋路警方獲報到場查看發現男子竟抱著一顆藍色氣球狂吸且神情恍惚疑似在吸食笑氣國道警方表示全案依公共危險罪送辦並查扣該輛特斯拉未懸掛車牌部分另行裁罰據民眾提供畫面指出一輛白色未懸掛車牌的特斯拉電動車不明原因停在國中線車道上警方到場查看發現該名男子抱著一顆藍色氣球正在吸食且神情恍惚警方上前吆喝制止下車開門不要再吸了但男子依舊不予理會等待警方靠近男子還狡辯是電動車沒有電了啦隨後警方還在車上搜出一袋現金國道警方表示由於男子行為已涉嫌危險駕車占據路面影響其他車輛通行甚至妨害交通安全全案依公共危險罪嫌送辦至於男子吸食的是否為笑氣或是其他毒品已進一步釐清中至於未懸掛車牌部分警方表示將依道路交通管理處罰條例第條已領有號牌而未懸掛或不依指定位置懸掛處千百元以上萬百元以下罰鍰並禁止其行駛目前該輛特斯拉已遭警方查扣心得說明字以上可能是已經吸到啪代了麻豆傳媒那麼高調喔車牌不掛然後掛宣傳布條是趕著拍片嗎,"{""文章分類"": ""安全性方面"",""情緒"": ""負面"",}",,
2024-03-28 17:32:05,新聞雙剉咧等中製電動車將拿下歐洲逾,雙剉咧等中製電動車將拿下歐洲逾市佔率財經頻道綜合報導在比亞迪強勢來襲電動車龍頭特斯拉與電動車發展起步相對慢的雙剉咧等據項新的政策分析顯示年中國製造的電動車將佔歐洲電動車銷量逾分之其市佔率將較去年成長超過報導歐洲運輸與環境聯合會報告稱去年在歐盟銷售的電動車中約有來自中國其中法國和西班牙銷量近分之是從中國製造的電動車研究顯示隨著比亞迪等中國品牌加強全球擴張力度到年中國製造汽車在歐洲地區市佔率將提升到以上儘管在歐盟銷售的大多數電動車都來自特斯拉等西方品牌特斯拉在中國製造和輸出電動車但到年僅中國品牌就將佔據該地區市場的表示到年預料市佔將達到這項調查結果發佈之際歐盟委員會正在調查對中國電動車製造商提供的補貼以確定它們是否不公平地削弱了當地企業的利益從中國發貨的非中國品牌例如特斯拉和可能會被納入正在進行的補貼調查中根據創辦人屠樂介紹年代初中國實施的激勵措施導致新創企業激增電池產能增加為經濟實惠的電動車鋪平了道路屠樂指出歐盟和美國遠遠落後因為他們沒有價格實惠的優質電動車因為傳統汽車製造商最近才真正專注於設計和製造電動車表示歐洲需將電動車關稅從目前的提高到至少則中國的轎車和等中型電動車的價格才會比歐盟同類產品更高但緊湊型介於超小與中型之間和大型汽車仍會稍微便宜一些除了祭關稅政策外中企華奧汽車指出歐洲電動車生產真正面臨的難題是如果沒有中國電池他們就無法製造價格實惠且有利可圖的電動車因為中國在礦產開採精煉和製造方面遠遠領先於歐盟和美國為了因應將中國製造的電動車運往歐洲的政策風險特斯拉和比亞迪等中國製造商加強了在歐洲的製造力度特斯拉正在尋求擴大在德國的組裝廠而比亞迪則計劃在匈牙利建立家工廠歐盟之前不是要對中國電動汽車徵收關稅說中國政府一直在非法補貼電動汽車出口,雙剉咧等中製電動車將拿下歐洲逾市佔率財經頻道綜合報導在比亞迪強勢來襲電動車龍頭特斯拉與電動車發展起步相對慢的雙剉咧等據項新的政策分析顯示年中國製造的電動車將佔歐洲電動車銷量逾分之其市佔率將較去年成長超過報導歐洲運輸與環境聯合會報告稱去年在歐盟銷售的電動車中約有來自中國其中法國和西班牙銷量近分之是從中國製造的電動車研究顯示隨著比亞迪等中國品牌加強全球擴張力度到年中國製造汽車在歐洲地區市佔率將提升到以上儘管在歐盟銷售的大多數電動車都來自特斯拉等西方品牌特斯拉在中國製造和輸出電動車但到年僅中國品牌就將佔據該地區市場的表示到年預料市佔將達到這項調查結果發佈之際歐盟委員會正在調查對中國電動車製造商提供的補貼以確定它們是否不公平地削弱了當地企業的利益從中國發貨的非中國品牌例如特斯拉和可能會被納入正在進行的補貼調查中根據創辦人屠樂介紹年代初中國實施的激勵措施導致新創企業激增電池產能增加為經濟實惠的電動車鋪平了道路屠樂指出歐盟和美國遠遠落後因為他們沒有價格實惠的優質電動車因為傳統汽車製造商最近才真正專注於設計和製造電動車表示歐洲需將電動車關稅從目前的提高到至少則中國的轎車和等中型電動車的價格才會比歐盟同類產品更高但緊湊型介於超小與中型之間和大型汽車仍會稍微便宜一些除了祭關稅政策外中企華奧汽車指出歐洲電動車生產真正面臨的難題是如果沒有中國電池他們就無法製造價格實惠且有利可圖的電動車因為中國在礦產開採精煉和製造方面遠遠領先於歐盟和美國為了因應將中國製造的電動車運往歐洲的政策風險特斯拉和比亞迪等中國製造商加強了在歐洲的製造力度特斯拉正在尋求擴大在德國的組裝廠而比亞迪則計劃在匈牙利建立家工廠歐盟之前不是要對中國電動汽車徵收關稅說中國政府一直在非法補貼電動汽車出,"{""文章分類"": ""性價比方面"",""情緒"": ""負面"",}",,
2024-03-29 12:08:44,問題裕隆野望,近年電車成為新的藍海市場崛起有特斯拉當領頭羊一路往前狂奔也有中國電車後起之秀電動車拼命追趕馳騁世界裕隆台灣汽車的北極星縱橫台灣車市幾十年市占穩定技術領先獲利驚人會怎麼在這個世界車市改變的浪潮中稱霸呢還是買下所有中國電車的代理權然後死都不賣以保護自己原本的市場分額呢,近年電車成為新的藍海市場崛起有特斯拉當領頭羊一路往前狂奔也有中國電車後起之秀電動車拼命追趕馳騁世界裕隆台灣汽車的北極星縱橫台灣車市幾十年市占穩定技術領先獲利驚人會怎麼在這個世界車市改變的浪潮中稱霸呢還是買下所有中國電車的代理權然後死都不賣以保護自己原本的市場分額呢,"{""文章分類"":""性價比方面"",""情緒"":""負面"",}",,
2024-03-29 15:56:39,問題台灣什麼時候要引進鯰魚,中國為了逼迫企業發展電動車引進了特斯拉開出一堆超優質條件又給地又給貸款又給全資直接衝擊整個大陸造車業開始玩命研發導致了現在大陸的電動車產業領先世界百花齊放台灣現在車市也是一灘死水車廠不思進取只想躺著賺錢是不是也該引進幾條鯰魚來敲打一下台灣的車廠看看能不能也敲出些什麼好產品說不定能弄出個產業呢,中國為了逼迫企業發展電動車引進了特斯拉開出一堆超優質條件又給地又給貸款又給全資直接衝擊整個大陸造車業開始玩命研發導致了現在大陸的電動車產業領先世界百花齊放台灣現在車市也是一灘死水車廠不思進取只想躺著賺錢是不是也該引進幾條鯰魚來敲打一下台灣的車廠看看能不能也敲出些什麼好產品說不定能弄出個產業呢,"{""文章分類"": ""性價比方面"",""情緒"": ""負面""}",,
2024-03-29 23:53:34,情報特斯拉今日起開放全美車主天試用,現在不叫版改成版開始全美萬車主公測囉新的除了程式自動駕駛外還有自動停車功能到底美國四月路上的特斯拉會變成怎麼樣呢拭目以待,現在不叫版改成版開始全美萬車主公測囉新的除了程式自動駕駛外還有自動停車功能到底美國四月路上的特斯拉會變成怎麼樣呢拭目以待,"{""文章分類"": ""使用者體驗"",""情緒"": ""中性"",}",,
2024-03-31 05:56:30,討論華為的,最近特斯拉讓人眼睛一亮結果看了問界無圖智駕在北京一堆機車行人的情況下真的非常厲害激光雷達毫米波雷達視覺訓練整合價格雖然是萬人民幣但是那個智能駕駛的技術展示我認為完全不輸純視覺的特斯拉自動駕駛技術真的年內會實現阿光達系統的提供的準確物體距離視覺圖像顏色整合怪不得美國要限制中國的晶片然後川普說中國車關稅要中國龍真的要甦醒了不壓不行啊,最近特斯拉讓人眼睛一亮結果看了問界無圖智駕在北京一堆機車行人的情況下真的非常厲害激光雷達毫米波雷達視覺訓練整合價格雖然是萬人民幣但是那個智能駕駛的技術展示我認為完全不輸純視覺的特斯拉自動駕駛技術真的年內會實現阿光達系統的提供的準確物體距離視覺圖像顏色整合怪不得美國要限制中國的晶片然後川普說中國車關稅要中國龍真的要甦醒了不壓不行啊,"{""文章分類"": ""安全性方面"",""情緒"": ""正面"",}",,
2024-03-31 12:21:52,討論華為的,中國智駕又不只華為小鵬理想還有小米等高階電車早就普遍使用特斯拉只有美國有而且路況相對單純中國現在都還沒開放根本無從比較但是一堆人說特斯拉比較厲害都還不能自動停車咧,中國智駕又不只華為小鵬理想還有小米等高階電車早就普遍使用特斯拉只有美國有而且路況相對單純中國現在都還沒開放根本無從比較但是一堆人說特斯拉比較厲害都還不能自動停車咧,"{""文章分類"": ""安全性方面"",""情緒"": ""中性"",}",,
2024-03-31 16:18:38,情報小米發表會,汽車之家電耗評比直播小米配寸性能胎小米配寸低阻胎極氪特斯拉極氪看起來涼了不過用小米四分之三電池量續航里程跟小米打了個不相上下,汽車之家電耗評比直播小米配寸性能胎小米配寸低阻胎極氪特斯拉極氪看起來涼了不過用小米四分之三電池量續航里程跟小米打了個不相上下,"{""文章分類"":""性價比方面"",""情緒"":""負面"",}",,
2024-03-31 22:26:18,討論華為的,別傻了中國唯一說大實話的雷軍都承認自駕光算力都離特斯拉很遠特斯拉現在是萬台車北美加拿大任何地方都能用且隨便你上傳網路給大家看等有萬台車全大陸都可以用且開放大家任意拍視頻再來吹也不遲牆內就是抄襲加堆料然後不賺錢讓人買而已可以吹便宜但不用吹技術有比特強好嗎大陸產品一直都走這路線又不是第一天了自駕目前就是一直針對一些特定場景做地區優化然後特斯拉怎麼做就抄襲跟上當然比台灣強多了不過也不用以為世界第一賠錢程度世界第一倒是真的,別傻了中國唯一說大實話的雷軍都承認自駕光算力都離特斯拉很遠特斯拉現在是萬台車北美加拿大任何地方都能用且隨便你上傳網路給大家看等有萬台車全大陸都可以用且開放大家任意拍視頻再來吹也不遲牆內就是抄襲加堆料然後不賺錢讓人買而已可以吹便宜但不用吹技術有比特強好嗎大陸產品一直都走這路線又不是第一天了自駕目前就是一直針對一些特定場景做地區優化然後特斯拉怎麼做就抄襲跟上當然比台灣強多了不過也不用以為世界第一賠錢程度世界第一倒是真的,"{""文章分類"": ""安全性方面"",""情緒"": ""負面"",}",,
2024-03-31 23:46:59,問題特斯拉保險請益,新牽一台二手還沒交車不過上網才發現原來特斯拉強制保乙式好像只有新安東京跟富邦車體險能上網試算其他間都只能試算車體險之外的險種富邦就不看了一定貴新安東京我保下來要請問還有哪間保險是比較便宜的嗚嗚我前一台保丙式強制第三責任才一萬麻煩大神開示,新牽一台二手還沒交車不過上網才發現原來特斯拉強制保乙式好像只有新安東京跟富邦車體險能上網試算其他間都只能試算車體險之外的險種富邦就不看了一定貴新安東京我保下來要請問還有哪間保險是比較便宜的嗚嗚我前一台保丙式強制第三責任才一萬麻煩大神開示,"{""文章分類"": ""安全性方面"",""情緒"": ""負面"",""保險選擇"": ""新安東京、富邦車體險""}",,
2024-04-01 09:18:27,討論華為的,非常同意這篇的看法不要太去吹噓大陸的自動駕駛啥的前兩天剛好出了趟遠門開著我那台破爛麵包車一路上開了來回大約三百多公里不得不有以下幾個非常糟糕的地方要抱怨現在都了居然一路上每幾分鐘就警告我說手要握住方向盤真的好糟心一直都要去握方向盤感覺很差路過收費站也會一直吵著要我手握方向盤腳採煞車說他自己不會過收費站不會過閘道不虧是麵包車毫無駕駛體驗感說好的運動教調說好的駕駛體驗全部沒有就只會一直給我座椅按摩搞的都不知道是不是在開車了老實說真的感覺很差我朋友開特斯拉那評價多好運動感駕駛感速度感更別說各種智能體貼的操作真的落差感很大應該當時不該買麵包車特斯拉才是王道阿阿悶昨天我去隔壁朋友家看到一個情況我朋友用啥東西他兒子都覺得老爸選的東西是全世界最好的可能是教育的好吧,非常同意這篇的看法不要太去吹噓大陸的自動駕駛啥的前兩天剛好出了趟遠門開著我那台破爛麵包車一路上開了來回大約三百多公里不得不有以下幾個非常糟糕的地方要抱怨現在都了居然一路上每幾分鐘就警告我說手要握住方向盤真的好糟心一直都要去握方向盤感覺很差路過收費站也會一直吵著要我手握方向盤腳採煞車說他自己不會過收費站不會過閘道不虧是麵包車毫無駕駛體驗感說好的運動教調說好的駕駛體驗全部沒有就只會一直給我座椅按摩搞的都不知道是不是在開車了老實說真的感覺很差我朋友開特斯拉那評價多好運動感駕駛感速度感更別說各種智能體貼的操作真的落差感很大應該當時不該買麵包車特斯拉才是王道阿阿悶昨天我去隔壁朋友家看到一個情況我朋友用啥東西他兒子都覺得老爸選的東西是全世界最好的可能是教育的好吧,"{""文章分類"": ""使用者體驗"",""情緒"": ""負面""}",,
2024-04-01 12:06:19,情報滿電出門方案漲價,漲了左右降價維權漲價抗議消費者該一起來表達不滿惹吧對岸電動車來勢洶洶馬老闆是不想賣了嗎,漲了左右降價維權漲價抗議消費者該一起來表達不滿惹吧對岸電動車來勢洶洶馬老闆是不想賣了嗎,"{""文章分類"":""使用者體驗"",""情緒"":""正面"",}",,
2024-04-01 14:56:59,新聞歐洲月新車銷售數字出爐燃油車佔中國車成長,原文連結原文內容二月對於歐洲新車市場來說是一個積極的月份根據涵蓋個歐洲市場的數據登記了輛汽車比前一年增加了約與新冠疫情之前一樣推動成長的是汽油車佔總數的另一個非常有趣的數字涉及中國生產的汽車較去年同期成長增長達相比之下德國和西班牙生產的汽車註冊量分別成長了其中銷售冠軍是以輛年增位居歐洲最暢銷汽車榜首特斯拉以輛年增位居第二其次是輛年增如果單看電動車銷售排行特斯拉依然位居最暢銷電動車的頭銜同品牌的另一款暢銷車則掛牌輛實現了的成長緊隨其後的是而來自中國上汽集團的則持續以驚人成長情況名列第四接下來則依序是歐洲市場在月份純電動車的交車總數為輛成長歐洲市場月份銷售排行全市場歐洲市場月份銷售排行電動車心得說明字以上要高階版才有因為車價便宜而大賣真的是價錢決定了很多事,原文連結原文內容二月對於歐洲新車市場來說是一個積極的月份根據涵蓋個歐洲市場的數據登記了輛汽車比前一年增加了約與新冠疫情之前一樣推動成長的是汽油車佔總數的另一個非常有趣的數字涉及中國生產的汽車較去年同期成長增長達相比之下德國和西班牙生產的汽車註冊量分別成長了其中銷售冠軍是以輛年增位居歐洲最暢銷汽車榜首特斯拉以輛年增位居第二其次是輛年增如果單看電動車銷售排行特斯拉依然位居最暢銷電動車的頭銜同品牌的另一款暢銷車則掛牌輛實現了的成長緊隨其後的是而來自中國上汽集團的則持續以驚人成長情況名列第四接下來則依序是歐洲市場在月份純電動車的交車總數為輛成長歐洲市場月份銷售排行全市場歐洲市場月份銷售排行電動車心得說明字以上要高階版才有因為車價便宜而大賣真的是價錢決定了很多事,"{""文章分類"": ""性價比方面"",""情緒"": ""正面""}",,
2024-04-02 11:06:05,討論電動車主社區不准設充電樁是不是就沒輒了,台灣人大部分的壞習慣本來就不適合社區裝充電樁台灣人平均一台車使用年今天我買一台萬特斯拉隔壁停著一台年前電動車用著年前充電樁你能禁止嗎台灣人電器電線車子大都用到壞了或燒才更換你社區如果開放後續時間到那些老舊電動車充電樁能禁止嗎韓國電動車火災很多都是充電中現有大樓泡沫設備滅火不能滅電動車只能滅油車你們大樓有要更換新設備嗎你以為有保險就賠你一台車嗎上圖每年一堆電器電線老舊起火比例就知道台灣人習慣,台灣人大部分的壞習慣本來就不適合社區裝充電樁台灣人平均一台車使用年今天我買一台萬特斯拉隔壁停著一台年前電動車用著年前充電樁你能禁止嗎台灣人電器電線車子大都用到壞了或燒才更換你社區如果開放後續時間到那些老舊電動車充電樁能禁止嗎韓國電動車火災很多都是充電中現有大樓泡沫設備滅火不能滅電動車只能滅油車你們大樓有要更換新設備嗎你以為有保險就賠你一台車嗎上圖每年一堆電器電線老舊起火比例就知道台灣人習慣,"{""文章分類"": ""安全性方面"",""情緒"": ""負面"",}",,
2024-04-02 12:43:48,新聞比亞迪百萬豪車原地掉頭馬英九好奇能領先多久,原文連結原文內容比亞迪百萬豪車原地掉頭馬英九好奇能領先多久記者蔡儀潔深圳報導前總統馬英九赴陸之旅日首站到訪深圳比亞迪總部六角大樓大陸國台辦主任宋濤全程陪同期間馬英九曾問比亞迪能領先全球電動車幾年宋濤則說要有這個自信心永遠追不上引發全場大笑馬英九今日上午直接抵達比亞迪總部的禮賓部由比亞迪副總裁王杰負責接待一行人先進入展廳參觀產品和智慧造車技術王杰和解說員介紹說比亞迪已經奪下全世界電動車銷量第一頭銜期間馬英九一度好奇問道排名第二是誰王杰則回說是特斯拉馬英九之後問比亞迪能領先全球電動車幾年王杰回道年時間是沒有問題宋濤則說要有這個自信心永遠追不上參觀到一半時馬英九詢問說大陸是如何鼓勵民眾使用電動車哪點最有利電動車普及對此宋濤和王杰舉例說補助購車過路費更優惠等最有效的一點是完善充電基礎建設全大陸充電樁已經超過萬台為展示比亞迪的電池技術展廳的玻璃隔間內演示了三元電池穿刺冒煙爆炸而比亞迪刀片電池則安然無恙據介紹刀片電池是比亞迪開發的一款電車用鋰離子電池號稱是世界上最安全的電池之一另外比亞迪今日在安排時融入巧思譬如雲巴展示車廂內佈置了台灣日月潭和台北大樓的景觀畫面在汽車內裝模型部分中間的螢幕播放馬英九日晚間觀看無人機表演的新聞畫面在行程最後比亞迪安排馬英九一行人到室外觀看百萬豪華電動車仰望原地度掉頭技術美國加州州長葛文紐森年來訪時比亞迪也是重點展示車紐森還親自上車體驗喊出想買輛回美國資料顯示比亞迪橫跨汽車軌道交通新能源和電子四大產業現有員工超過萬人營收入和市值均超千億元人民幣比亞迪總部因獨特造型又稱六角大樓是該公司的研發中心和管理中樞心得說明字以上電動車第一比亞迪第二特斯啦不過大陸充電樁萬我覺得還是太少網路一堆大陸搶電很誇張的照片然後仰望做到可度旋轉拉原文及網址連結心得或意見字不含標點符號,原文連結原文內容比亞迪百萬豪車原地掉頭馬英九好奇能領先多久記者蔡儀潔深圳報導前總統馬英九赴陸之旅日首站到訪深圳比亞迪總部六角大樓大陸國台辦主任宋濤全程陪同期間馬英九曾問比亞迪能領先全球電動車幾年宋濤則說要有這個自信心永遠追不上引發全場大笑馬英九今日上午直接抵達比亞迪總部的禮賓部由比亞迪副總裁王杰負責接待一行人先進入展廳參觀產品和智慧造車技術王杰和解說員介紹說比亞迪已經奪下全世界電動車銷量第一頭銜期間馬英九一度好奇問道排名第二是誰王杰則回說是特斯拉馬英九之後問比亞迪能領先全球電動車幾年王杰回道年時間是沒有問題宋濤則說要有這個自信心永遠追不上參觀到一半時馬英九詢問說大陸是如何鼓勵民眾使用電動車哪點最有利電動車普及對此宋濤和王杰舉例說補助購車過路費更優惠等最有效的一點是完善充電基礎建設全大陸充電樁已經超過萬台為展示比亞迪的電池技術展廳的玻璃隔間內演示了三元電池穿刺冒煙爆炸而比亞迪刀片電池則安然無恙據介紹刀片電池是比亞迪開發的一款電車用鋰離子電池號稱是世界上最安全的電池之一另外比亞迪今日在安排時融入巧思譬如雲巴展示車廂內佈置了台灣日月潭和台北大樓的景觀畫面在汽車內裝模型部分中間的螢幕播放馬英九日晚間觀看無人機表演的新聞畫面在行程最後比亞迪安排馬英九一行人到室外觀看百萬豪華電動車仰望原地度掉頭技術美國加州州長葛文紐森年來訪時比亞迪也是重點展示車紐森還親自上車體驗喊出想買輛回美國資料顯示比亞迪橫跨汽車軌道交通新能源和電子四大產業現有員工超過萬人營收入和市值均超千億元人民幣比亞迪總部因獨特造型又稱六角大樓是該公司的研發中心和管理中樞心得說明字以上電動車第一比亞迪第二特斯啦不過大陸充電樁萬我覺得還是太少網路一堆大陸搶電很誇張的照片然後仰望做到可度旋轉拉原文及網址連結心得或意見字不含標點符號,"{""文章分類"": ""性價比方面"",""情緒"": ""正面""}",,
2024-04-02 17:45:54,分享特斯拉三月中國銷售輛,他國事務特斯拉三月在中國交付數據出爐僅次於比亞迪售出台這數字太玄了終究要乳滑的,他國事務特斯拉三月在中國交付數據出爐僅次於比亞迪售出台這數字太玄了終究要乳滑的,"{""文章分類"": ""車輛交付方面"",""情緒"": ""負面"",}",,
2024-04-02 23:09:21,分享小米和特斯拉等四車拚續航,懂車帝汽車之家測試的相關影片站彈幕影片還要去觀看整體配重重量輪胎等等這影片有圖表包含續航的達成率,懂車帝汽車之家測試的相關影片站彈幕影片還要去觀看整體配重重量輪胎等等這影片有圖表包含續航的達成率,"{""文章分類"": ""使用者體驗"",""情緒"": ""正面"",}",,
2024-04-03 12:43:26,新聞小米汽車熱銷公司股價上漲逾,作者看板標題新聞小米汽車熱銷公司股價上漲逾時間原文標題小米汽車熱銷公司股價上漲逾原文連結發布時間記者署名高佳菁核稿編輯原文內容財經頻道綜合報導中國智慧手機大廠小米首款電動車開售理想激勵小米週二日股價急升盤中一度高見港元升幅達綜合媒體報導小米電動車上月日上市上市首日銷售量即達萬台部分訂單已排到半年左右高盛近日發布報告稱小米新車定價萬至萬元人民幣約新台幣萬元至萬元符合預期加上規格領先同業有望與特斯拉一同成為中國銷量最好的高端電動轎車相信對小米發展策略有重要作用因此將小米目標價由港元上調至港元維持買入評級除了高盛外摩根士丹利也看好小米認為有很大的增長潛力但摩根士丹利未調整對小米的目標價只重申小米的增持評級受上述利多消息激勵小米週二日股價一度急升高見港元截至台北時間日早上點分小米股價暫報港元漲幅心得評論沒想到小米也來跨行電動車特斯拉目前遭受比亞迪和小米夾殺股價很難有起色何時才能做出殺手鐧完全自動駕駛技術有待觀察,作者看板標題新聞小米汽車熱銷公司股價上漲逾時間原文標題小米汽車熱銷公司股價上漲逾原文連結發布時間記者署名高佳菁核稿編輯原文內容財經頻道綜合報導中國智慧手機大廠小米首款電動車開售理想激勵小米週二日股價急升盤中一度高見港元升幅達綜合媒體報導小米電動車上月日上市上市首日銷售量即達萬台部分訂單已排到半年左右高盛近日發布報告稱小米新車定價萬至萬元人民幣約新台幣萬元至萬元符合預期加上規格領先同業有望與特斯拉一同成為中國銷量最好的高端電動轎車相信對小米發展策略有重要作用因此將小米目標價由港元上調至港元維持買入評級除了高盛外摩根士丹利也看好小米認為有很大的增長潛力但摩根士丹利未調整對小米的目標價只重申小米的增持評級受上述利多消息激勵小米週二日股價一度急升高見港元截至台北時間日早上點分小米股價暫報港元漲幅心得評論沒想到小米也來跨行電動車特斯拉目前遭受比亞迪和小米夾殺股價很難有起色何時才能做出殺手鐧完全自動駕駛技術有待觀察,"{""文章分類"": ""性價比方面"",""情緒"": ""正面"",}",,
2024-04-03 13:54:11,問題小米真的這麼不堪還是變造的影片,轉彎失控自撞的時速沒有煞停特斯拉成功煞停蔚來的完全沒有煞車手套箱薄到只可以裝吋筆電行李箱夾手功能正常發揮臺灣人民引頸企盼的小米真的這麼雷嗎或者這些都是米黑做的影片,轉彎失控自撞的時速沒有煞停特斯拉成功煞停蔚來的完全沒有煞車手套箱薄到只可以裝吋筆電行李箱夾手功能正常發揮臺灣人民引頸企盼的小米真的這麼雷嗎或者這些都是米黑做的影片,"{""文章分類"": ""安全性方面"",""情緒"": ""負面"",}",,
2024-04-03 20:53:42,分享公里速度,我記得上一台煞停的是改卡鉗的特斯拉國產電動車一上來就來個完美的以下開放納黑崩潰,我記得上一台煞停的是改卡鉗的特斯拉國產電動車一上來就來個完美的以下開放納黑崩潰,"{""文章分類"": ""安全性方面"",""情緒"": ""負面"",}",,
2024-04-04 12:40:26,新聞小米汽車熱銷公司股價上漲逾,難怪大家都說批踢踢反指標不說大陸人自己一堆負評台灣一堆人吹捧價格便宜打趴一堆車廠歐美大廠都很擔心等等但是我們看看雷軍自己怎麼說雷軍宣布小米汽車標準版只賣人民幣萬元比特斯拉便宜人民幣萬元約新台幣萬元以做為致敬特斯拉賣這個價位是虧錢賣就算賣到萬元也是虧錢乾脆虧多虧一點世界級的大企業有哪一家公司不看盈虧產品賠錢的生意股東不死公司經營層才怪董事長總經理被換掉都有可能但中國卻好像很光榮一樣拿出來炫耀股價還漲這背後如果有辦法長期維持下去說沒有貓膩還真奇怪,難怪大家都說批踢踢反指標不說大陸人自己一堆負評台灣一堆人吹捧價格便宜打趴一堆車廠歐美大廠都很擔心等等但是我們看看雷軍自己怎麼說雷軍宣布小米汽車標準版只賣人民幣萬元比特斯拉便宜人民幣萬元約新台幣萬元以做為致敬特斯拉賣這個價位是虧錢賣就算賣到萬元也是虧錢乾脆虧多虧一點世界級的大企業有哪一家公司不看盈虧產品賠錢的生意股東不死公司經營層才怪董事長總經理被換掉都有可能但中國卻好像很光榮一樣拿出來炫耀股價還漲這背後如果有辦法長期維持下去說沒有貓膩還真奇怪,"{""文章分類"": ""性價比方面"",""情緒"": ""負面"",}",,
2024-04-04 13:56:37,新聞生死存亡一年年推逾款新車,全世界汽車品牌前大銷售排行在年鋼鐵人電影推出那年首次站上前大汽車銷售品牌年爬升到第名年穩居第名年再升到名年緊追後面和就在和名間浮動一度跟賓士和寶馬排名差距不大但後來年柴油門事件重創集團銷量走下坡跌到和名左右和年之間受益於新冠疫情全球大缺車排行回升到名但銷售量已經被中國大陸品牌比亞迪超車和被特斯拉緊追在後而且目前和主要競爭對手賓士與寶馬的全球銷售量差距一直沒辦法拉近超越雖然作為集團銷量的第二把手和這樣的小眾品牌都還無法撼動奧迪在集團內的重要性但台灣市場特殊的是有高額進口關稅和奢侈稅導致奧迪的定價策略和產品競爭力在台灣市場顯得弱勢在台灣買和的錢在國外都可以買和雙了照目前疫情結束後的全球銷量趨勢目前一堆中國廠牌開始擠進前名了如果奧迪沒有跟雙一樣持續往前名進步邁進的話年之後奧迪燃油車款停止更新換代一個不小心是有可能跌出前的,全世界汽車品牌前大銷售排行在年鋼鐵人電影推出那年首次站上前大汽車銷售品牌年爬升到第名年穩居第名年再升到名年緊追後面和就在和名間浮動一度跟賓士和寶馬排名差距不大但後來年柴油門事件重創集團銷量走下坡跌到和名左右和年之間受益於新冠疫情全球大缺車排行回升到名但銷售量已經被中國大陸品牌比亞迪超車和被特斯拉緊追在後而且目前和主要競爭對手賓士與寶馬的全球銷售量差距一直沒辦法拉近超越雖然作為集團銷量的第二把手和這樣的小眾品牌都還無法撼動奧迪在集團內的重要性但台灣市場特殊的是有高額進關稅和奢侈稅導致奧迪的定價策略和產品競爭力在台灣市場顯得弱勢在台灣買和的錢在國外都可以買和雙了照目前疫情結束後的全球銷量趨勢目前一堆中國廠牌開始擠進前名了如果奧迪沒有跟雙一樣持續往前名進步邁進的話年之後奧迪燃油車款停止更新換代一個不小心是有可能跌出前的,"{""文章分類"":""性價比方面"",""情緒"":""負面"",}",,
2024-04-04 15:07:32,新聞小米汽車熱銷公司股價上漲逾,小米最後鎖單的量大概四萬多比原本的八萬多少一半左右不過基本上也應該是今年大半產能了後面主要看小米產能爬坡順不順利生產資質這邊小米跟北汽應該還在談後面推估還會有交易小米交車後各大評測都出來了先不管小米如何除了蔚來的樂道訂價問題外評測第一個中槍的是吉利的極氪現在被中國網民戲稱為電動納智捷另外小米上路也比較多影片出來了除了之前在武漢試車循跡問題跑出撞車外昨天廈門又有個試車時出現嚴重異音跟漏水的小米官方出來說漏水是前幾天下過雨車子淋雨了異音是路上小石頭卡進煞車了至於大家信不信看起來網民是半信半疑了最後本週小米股價高光時刻就是第一天開盤然後就連續下去了蔚來小鵬理想零跑跟特斯拉股價都弱勢比亞迪也是偏弱電動車市場還是很艱難啊第一天接接到香港朋友傳訊息來討論可不可以空各位別心急等一下二季底產能爬坡狀況吧,小米最後鎖單的量大概四萬多比原本的八萬多少一半左右不過基本上也應該是今年大半產能了後面主要看小米產能爬坡順不順利生產資質這邊小米跟北汽應該還在談後面推估還會有交易小米交車後各大評測都出來了先不管小米如何除了蔚來的樂道訂價問題外評測第一個中槍的是吉利的極氪現在被中國網民戲稱為電動納智捷另外小米上路也比較多影片出來了除了之前在武漢試車循跡問題跑出撞車外昨天廈門又有個試車時出現嚴重異音跟漏水的小米官方出來說漏水是前幾天下過雨車子淋雨了異音是路上小石頭卡進煞車了至於大家信不信看起來網民是半信半疑了最後本週小米股價高光時刻就是第一天開盤然後就連續下去了蔚來小鵬理想零跑跟特斯拉股價都弱勢比亞迪也是偏弱電動車市場還是很艱難啊第一天接接到香港朋友傳訊息來討論可不可以空各位別心急等一下二季底產能爬坡狀況吧,"{""文章分類"": ""性價比方面"",""情緒"": ""負面"",}",,
2024-04-04 17:39:49,新聞小米汽車熱銷公司股價上漲逾,理單中國市場真的很大很可惜當年納智捷沒成功在中國拿下一席之地失敗收場以前嚴凱泰超有野心車都賣到伊朗去了但這也說明車業沒那麼好做成也賣車敗也賣車車友有比較過和整體還是比較成熟感覺這家公司有學到教訓也有改善輔助系統連都比不上何來對比特斯拉這股價拉抬我們看看就好,理單中國市場真的很大很可惜當年納智捷沒成功在中國拿下一席之地失敗收場以前嚴凱泰超有野心車都賣到伊朗去了但這也說明車業沒那麼好做成也賣車敗也賣車車友有比較過和整體還是比較成熟感覺這家公司有學到教訓也有改善輔助系統連都比不上何來對比特斯拉這股價拉抬我們看看就好,"{""文章分類"": ""性價比方面"",""情緒"": ""負面""}",,
2024-04-04 20:58:46,新聞小米汽車熱銷公司股價上漲逾,看好小米因為它背後有一個大靠山北京市汽車業能帶動經濟所以各城市都非常競爭例如深圳比亞迪廣汽豐田本田上海特斯拉蔚來上汽名爵北京長城北汽最近的小米北京近幾年表現普普急需一個新能源品牌於是要錢給錢要地給地要人才給人才雷軍在發表會上也感謝北京能有這麼多資源和靠山個人認為小米未來絕對能超越蔚小理甚至是比亞迪,看好小米因為它背後有一個大靠山北京市汽車業能帶動經濟所以各城市都非常競爭例如深圳比亞迪廣汽豐田本田上海特斯拉蔚來上汽名爵北京長城北汽最近的小米北京近幾年表現普普急需一個新能源品牌於是要錢給錢要地給地要人才給人才雷軍在發表會上也感謝北京能有這麼多資源和靠山個人認為小米未來絕對能超越蔚小理甚至是比亞迪,"{""文章分類"": ""性價比方面"",""情緒"": ""正面"",}",,
2024-04-04 21:55:19,新聞特斯拉年第一季電動車銷量下滑,原文連結原文內容電動車大廠特斯拉本年第一季產能及銷售量遠低於市場預期自疫情以來首度出現年成長下滑市場關注電動車需求趨勢重點如下一特斯拉銷售下滑本年第一季銷售萬輛年成長率下滑遠低於市場原先預估萬輛引發投資者擔憂電動車市場及特斯拉前景惟仍為本年首季全球電動車銷售龍頭鑒於特斯拉產品線老化與利率上升其刻面臨新產品荒備受期待之低成本車款預計最快至年底才能推出二特斯拉銷售下滑原因包括紅海危機迫使航運改道導致德國工廠月下旬停擺週德國工廠電網月遭縱火導致生產線再度停擺替煥新版調整產線導致停工市場分析指出特斯拉除已知生產瓶頸外尚可能存在嚴重需求問題預估本年特斯拉電動車銷售成長率顯著下降三全球電動車需求市調機構推估第一季全球電動車市場年增長而美國全電動車銷量預估成長市場關切消費者需求因利率較高而放緩等車商察覺消費者購買意願不如預期刻正重新調整銷售計畫中國為全球最大電動車市場且競爭激烈中國電動車大廠比亞迪在年第四季銷售量一度超越特斯拉其本年第一季銷售則略突破萬輛心得說明字以上電車市場需求逐漸放緩加上中國電車低價策略特斯拉今年銷售不知狀況如何而多次降價策略也影響到毛利在年第四季特斯拉的汽車部門收入僅增長了馬的下一步策略不知道會是什麼,原文連結原文內容電動車大廠特斯拉本年第一季產能及銷售量遠低於市場預期自疫情以來首度出現年成長下滑市場關注電動車需求趨勢重點如下一特斯拉銷售下滑本年第一季銷售萬輛年成長率下滑遠低於市場原先預估萬輛引發投資者擔憂電動車市場及特斯拉前景惟仍為本年首季全球電動車銷售龍頭鑒於特斯拉產品線老化與利率上升其刻面臨新產品荒備受期待之低成本車款預計最快至年底才能推出二特斯拉銷售下滑原因包括紅海危機迫使航運改道導致德國工廠月下旬停擺週德國工廠電網月遭縱火導致生產線再度停擺替煥新版調整產線導致停工市場分析指出特斯拉除已知生產瓶頸外尚可能存在嚴重需求問題預估本年特斯拉電動車銷售成長率顯著下降三全球電動車需求市調機構推估第一季全球電動車市場年增長而美國全電動車銷量預估成長市場關切消費者需求因利率較高而放緩等車商察覺消費者購買意願不如預期刻正重新調整銷售計畫中國為全球最大電動車市場且競爭激烈中國電動車大廠比亞迪在年第四季銷售量一度超越特斯拉其本年第一季銷售則略突破萬輛心得說明字以上電車市場需求逐漸放緩加上中國電車低價策略特斯拉今年銷售不知狀況如何而多次降價策略也影響到毛利在年第四季特斯拉的汽車部門收入僅增長了馬的下一步策略不知道會是什麼,"{""文章分類"": ""性價比方面"",""情緒"": ""負面""}",,
2024-04-07 15:58:07,電車,小弟我預計在今年年底或明年初購入人生第一台車用車需求台中竹科每週天來回通勤購車預算萬之間上下目前考慮單馬達萬萬歡迎大家推薦平常都開家裡的年可能因為開慣家裡的車之前去試過現代還有的電車開起來駕駛路感很不習慣至於則是台灣修車的保養後勤點太少則不考慮房子部分預先留好充電樁的所有才考慮電車的部分來說說目前試乘以及開過後的感受有去展間看過車以及去格上租過一天來開過他的車機以及椅子乘坐包覆性是我最喜歡當然他的前儀表板的可以顯示地圖這點超級方便後座乘坐空間後車廂的大小則是深受家人喜愛動力部分這方面就不多敘述畢竟電車的加速性是大家都知道的價錢部分目前優惠方案單馬達部分車價來到萬這個價錢超級吸引人領牌車開習慣的我聽著家人的建議也有去試乘這台車這台車讓我厲害的是系統以及他的抬頭顯示器試乘的一小段路真的是讓我覺得夠驚艷馬力的部分也是比來的厲害後座以及後車廂空間則與相同則不比較還有一點是內裝真的是很值得這個價錢的部分硬傷是他的價錢萬問過業務沒有折價的空間以及下訂後排生產線生產訂到交車需等待半年的時間小弟正在煩惱要選擇那一台車或許還有那一台車可以讓小弟我等待歡迎大家建議麻煩各位了,小弟我預計在今年年底或明年初購入人生第一台車用車需求台中竹科每週天來回通勤購車預算萬之間上下目前考慮單馬達萬萬歡迎大家推薦平常都開家裡的年可能因為開慣家裡的車之前去試過現代還有的電車開起來駕駛路感很不習慣至於則是台灣修車的保養後勤點太少則不考慮房子部分預先留好充電樁的所有才考慮電車的部分來說說目前試乘以及開過後的感受有去展間看過車以及去格上租過一天來開過他的車機以及椅子乘坐包覆性是我最喜歡當然他的前儀表板的可以顯示地圖這點超級方便後座乘坐空間後車廂的大小則是深受家人喜愛動力部分這方面就不多敘述畢竟電車的加速性是大家都知道的價錢部分目前優惠方案單馬達部分車價來到萬這個價錢超級吸引人領牌車開習慣的我聽著家人的建議也有去試乘這台車這台車讓我厲害的是系統以及他的抬頭顯示器試乘的一小段路真的是讓我覺得夠驚艷馬力的部分也是比來的厲害後座以及後車廂空間則與相同則不比較還有一點是內裝真的是很值得這個價錢的部分硬傷是他的價錢萬問過業務沒有折價的空間以及下訂後排生產線生產訂到交車需等待半年的時間小弟正在煩惱要選擇那一台車或許還有那一台車可以讓小弟我等待歡迎大家建議麻煩各位了,"{""文章分類"": ""性價比方面"",""情緒"": ""負面"",}",,
2024-04-08 09:58:06,新聞特斯拉大陸市佔近腰斬專家形容史詩,新聞看起來電動車好像很容易入門中國車廠百家爭鳴輕輕鬆鬆就擊敗曾經的全球龍頭特斯拉怎麼台灣車廠每年豪賺個股本多年來連一台像樣的電動車也生不出來最後是委託鴻海才造出勉強可以一戰國慘車廠都這麼爛嗎,新聞看起來電動車好像很容易入門中國車廠百家爭鳴輕輕鬆鬆就擊敗曾經的全球龍頭特斯拉怎麼台灣車廠每年豪賺個股本多年來連一台像樣的電動車也生不出來最後是委託鴻海才造出勉強可以一戰國慘車廠都這麼爛嗎,"{""文章分類"": ""性價比方面"",""情緒"": ""負面""}",,
2024-04-08 11:19:49,新聞特斯拉大陸市佔近腰斬專家形容史詩,問題就是台灣國產乘用車品牌就只有一家納智捷阿其他你所知的車廠全部都是外國品牌台灣組裝的國組廠而已豐田國瑞台灣本田日產裕隆福特六合三菱中華現代南陽全部都是組裝廠阿是要怎麼發展自主的電動車國產車廠就只有一家真正本土品牌而已所以我也不知道台灣還在保護國產車是在保護三小明明就只有組裝廠還要用關稅保護組裝廠,問題就是台灣國產乘用車品牌就只有一家納智捷阿其他你所知的車廠全部都是外國品牌台灣組裝的國組廠而已豐田國瑞台灣本田日產裕隆福特六合三菱中華現代南陽全部都是組裝廠阿是要怎麼發展自主的電動車國產車廠就只有一家真正本土品牌而已所以我也不知道台灣還在保護國產車是在保護三小明明就只有組裝廠還要用關稅保護組裝廠,"{""文章分類"":""性價比方面"",""情緒"":""負面"",}",,
2024-04-08 12:32:21,問題,近期想買車大部分都是一個人用車家裡可裝充電樁對於動力沒有太大要求希望這台車可以陪伴十年左右預算約萬左右想試但因為沒車所以先試了感覺科技跟內裝真的都蠻讓我驚艷的外觀就見仁見智我是覺得不錯但少了點流線所以給分就是外型我超愛給分整個大中油電的聲音我很喜歡但內裝就是真的很舊但整體開起來還算蠻舒適的稍微總結了一下優點外型妥善保值不容易車聚缺點內裝偏醜科技感差空間小優點內裝科技後續保養簡單暫時不用繳稅金缺點容易車聚未來稅金不明瞭電池過保問題改款後一直是我的但試了以後真的有驚艷到不過還是很喜歡的外型跟品牌想請問各位版友們會怎麼選,近期想買車大部分都是一個人用車家裡可裝充電樁對於動力沒有太大要求希望這台車可以陪伴十年左右預算約萬左右想試但因為沒車所以先試了感覺科技跟內裝真的都蠻讓我驚艷的外觀就見仁見智我是覺得不錯但少了點流線所以給分就是外型我超愛給分整個大中油電的聲音我很喜歡但內裝就是真的很舊但整體開起來還算蠻舒適的稍微總結了一下優點外型妥善保值不容易車聚缺點內裝偏醜科技感差空間小優點內裝科技後續保養簡單暫時不用繳稅金缺點容易車聚未來稅金不明瞭電池過保問題改款後一直是我的但試了以後真的有驚艷到不過還是很喜歡的外型跟品牌想請問各位版友們會怎麼選,"{""文章分類"":""性價比方面"",""情緒"":""混合"",}",,
2024-04-08 16:56:42,討論台灣福特還有搞頭,已經不是單純台福問題了現在美福特已進入慢性自殺死胡同燃油車研發產線全裁光光宣示全面電動化決心打算推動全電動車化野馬價格比特斯拉貴性能還更爛唯一優點是稀有不容易撞衫研發平價車款每輛成本萬元車完全沒辦法量產拉屎菌跟米已先用價格屌打下一步剩下宣佈倒閉福斯福特再次合併福斯電動車一台萬售價也是沒市場哥倆好一起倒,已經不是單純台福問題了現在美福特已進入慢性自殺死胡同燃油車研發產線全裁光光宣示全面電動化決心打算推動全電動車化野馬價格比特斯拉貴性能還更爛唯一優點是稀有不容易撞衫研發平價車款每輛成本萬元車完全沒辦法量產拉屎菌跟米已先用價格屌打下一步剩下宣佈倒閉福斯福特再次合併福斯電動車一台萬售價也是沒市場哥倆好一起倒,"{""文章分類"": ""性價比方面"",""情緒"": ""負面"",}",,
2024-04-08 20:24:04,新聞特斯拉車主注意電動車保單要來了風險,原文連結原文內容特斯拉車主注意電動車保單要來了風險列額外加保經濟日報記者廖珮君台北即時報導特斯拉等電動車保單今年將問世金管會核定電動車專屬保單參考條款七月起上路主險比照一般車險外電動車最關鍵的電池自燃及充電期間如充電樁爆炸等三大風險全列額外加保項目參考費率將在第季底前完成最快今年底前將有電動車保單問世產業者指出電動車三大關鍵風險全列額外加保項目保費恐不便宜如電動車最怕電池漏液一旦漏液就會起火燃燒一燒都度高溫噴水都滅不了直到車子燒盡幾乎等同全損是產險業最怕的風險但業者也說目前國內電動車仍是投保一般車險投保件數損率等資料有限各家參考費率可能會先以國外經驗值來估算很難判斷費率高低依金管會核定電動車保單專屬條款僅承保純電動車不含油電混合車主險比照一般車險包括甲乙丙式等車體險竊盜險意外險第三人責任險額外加保險種則有三項一車體險電池自燃附加條款是指單純電池自燃或爆炸導致車損二車體險充電期間附加條款是指車主在充電時充電樁爆炸造成車損三汽車第三人責任險充電期間附加條款是指充電時充電樁爆炸造成旁人旁車損失的賠償責任其中車體險電池自燃的車損若是因撞擊意外導致電池漏液自燃爆炸則屬主險的車體險範圍不能列除外責任如兩車相撞因導致電動車電池自燃爆炸果該車主若有投保丙式車碰車車體險時就可獲理賠但若只是車子停在那裡電池卻自燃爆炸就屬除外責任車主得額外加保電池自燃車體險否就無法獲得理賠台灣最熱賣的純電動車包括特斯拉奧迪等目前仍是投保一般車險屬燃油車條款產險業者希望純電動車專屬保單問世後可將純電動車納保才能真正提供合理對價和周延保障金管會也指出電動車與傳統汽車相較在結構面動能維修技術及風險態樣等四大項目都有顯著差異因此電動車損失頻率事故發生率損失幅度理賠金額已無法依循傳統汽車的評估方式認為推動電動車專屬保單有其必要性金管會表示推動電動車專屬保單有兩大效益一可區隔觀察與一般汽車損失率的經驗資料據以分析評估符合電動車的風險二累積新型態風險的統計值進而分別就電動車與一般燃油車提供合理對價及更周延保障公平對待不同風險的車種心得說明字以上如果依照美國的經驗那保費不便宜了特斯拉一體成型車體險大概也會高出其它電動車不少,原文連結原文內容特斯拉車主注意電動車保單要來了風險列額外加保經濟日報記者廖珮君台北即時報導特斯拉等電動車保單今年將問世金管會核定電動車專屬保單參考條款七月起上路主險比照一般車險外電動車最關鍵的電池自燃及充電期間如充電樁爆炸等三大風險全列額外加保項目參考費率將在第季底前完成最快今年底前將有電動車保單問世產業者指出電動車三大關鍵風險全列額外加保項目保費恐不便宜如電動車最怕電池漏液一旦漏液就會起火燃燒一燒都度高溫噴水都滅不了直到車子燒盡幾乎等同全損是產險業最怕的風險但業者也說目前國內電動車仍是投保一般車險投保件數損率等資料有限各家參考費率可能會先以國外經驗值來估算很難判斷費率高低依金管會核定電動車保單專屬條款僅承保純電動車不含油電混合車主險比照一般車險包括甲乙丙式等車體險竊盜險意外險第三人責任險額外加保險種則有三項一車體險電池自燃附加條款是指單純電池自燃或爆炸導致車損二車體險充電期間附加條款是指車主在充電時充電樁爆炸造成車損三汽車第三人責任險充電期間附加條款是指充電時充電樁爆炸造成旁人旁車損失的賠償責任其中車體險電池自燃的車損若是因撞擊意外導致電池漏液自燃爆炸則屬主險的車體險範圍不能列除外責任如兩車相撞因導致電動車電池自燃爆炸果該車主若有投保丙式車碰車車體險時就可獲理賠但若只是車子停在那裡電池卻自燃爆炸就屬除外責任車主得額外加保電池自燃車體險否就無法獲得理賠台灣最熱賣的純電動車包括特斯拉奧迪等目前仍是投保一般車險屬燃油車條款產險業者希望純電動車專屬保單問世後可將純電動車納保才能真正提供合理對價和周延保障金管會也指出電動車與傳統汽車相較在結構面動能維修技術及風險態樣等四大項目都有顯著差異因此電動車損失頻率事故發生率損失幅度理賠金額已無法依循傳統汽車的評估方式認為推動電動車專屬保單有其必要性金管會表示推動電動車專屬保單有兩大效益一可區隔觀察與一般汽車損失率的經驗資料據以分析評估符合電動車的風險二累積新型態風險的統計值進而分別就電動車與一般燃油車提供合理對價及更周延保障公平對待不同風險的車種心得說明字以上如果依照美國的經驗那保費不便宜了特斯拉一體成型車體險大概也會高出其它電動車不少,"{""文章分類"": ""安全性方面"",""情緒"": ""正面"",}",,
2024-04-08 23:02:01,討論台灣福特還有搞頭,身為三任福特車主一個月電動馬駕駛經驗代現在進行式去年在美國開了快一個月的應該有人權來分享一下美國福特和台福的差別開兩年壞了電磁閥開兩年剛牽車就遇到遇到拉索異音之亂回原廠四五次原廠找不出問題最後還是自己找出來源解決幾年前在社團發文解決方式的就是我代開兩年到現在頭好壯壯不知道是不是進口的關係問題比較少另外在美國開一個月論軟體和充電便利性被在美國朋友的特斯拉按在地板上摩擦優點是續航里程其實跟顯示螢幕上幾乎一樣電動馬滿電可以跑大概公里左右還有一言不合就秒的加速真的爽我認為福特要把自己招牌砸到倒閉是不可能啦在美國跟一些福特車主聊天蠻多都是對福特這個品牌無感但對野馬和是發自內心的喜愛只要福特沒搞砸這兩塊福特在世界所有品牌中就還是會有他的一席之地電動的野馬和實在說不上成功去年在美國就有聽聞福特會調整策略走油電至於台福嗎老實說身為兩台車主對台福的後勤還是覺得有很大的進步空間像拉索異音可以原廠弄一個禮拜到頭來找不出問題還要我自己解決人生的兩台國產都曾進過維修廠反而進口的野馬完全沒問題而且保養基本上只比多貴了瓶機油的錢我實在是不知道問題出在哪另外安全性方面麻我親自幫大家試過了在高速被後方疲勞駕駛追撞翻車撞我的神整個柱都扁了駕駛還全身血我只有手輕微擦傷而已這是為什麼第二台我還是買的原因哈最後我想對台福說一手好牌也可以打成這樣台福加油點好嗎,身為三任福特車主一個月電動馬駕駛經驗代現在進行式去年在美國開了快一個月的應該有人權來分享一下美國福特和台福的差別開兩年壞了電磁閥開兩年剛牽車就遇到遇到拉索異音之亂回原廠四五次原廠找不出問題最後還是自己找出來源解決幾年前在社團發文解決方式的就是我代開兩年到現在頭好壯壯不知道是不是進的關係問題比較少另外在美國開一個月論軟體和充電便利性被在美國朋友的特斯拉按在地板上摩擦優點是續航里程其實跟顯示螢幕上幾乎一樣電動馬滿電可以跑大概公里左右還有一言不合就秒的加速真的爽我認為福特要把自己招牌砸到倒閉是不可能啦在美國跟一些福特車主聊天蠻多都是對福特這個品牌無感但對野馬和是發自內心的喜愛只要福特沒搞砸這兩塊福特在世界所有品牌中就還是會有他的一席之地電動的野馬和實在說不上成功去年在美國就有聽聞福特會調整策略走油電至於台福嗎老實說身為兩台車主對台福的後勤還是覺得有很大的進步空間像拉索異音可以原廠弄一個禮拜到頭來找不出問題還要我自己解決人生的兩台國產都曾進過維修廠反而進的野馬完全沒問題而且保養基本上只比多貴了瓶機油的錢我實在是不知道問題出在哪另外安全性方面麻我親自幫大家試過了在高速被後方疲勞駕駛追撞翻車撞我的神整個柱都扁了駕駛還全身血我只有手輕微擦傷而已這是為什麼第二台我還是買的原因哈最後我想對台福說一手好牌也可以打成這樣台福加油點好嗎,"{""文章分類"": ""使用者體驗"",""情緒"": ""負面"",}",,
2024-04-09 02:08:58,問題想找萬以內最安靜的車,我真的會笑死明明有特斯拉的預算結果一堆人推納智捷是三小一個外銷爛到爆的車只能靠本土死忠粉硬撐還好意思推嗎這是死道友不死貧道的概念不要因為錢不是你出就在這邊亂搞一通欸萬預算買納智捷腦袋燒壞能買到純電技術頂尖特斯拉你給我推納智捷就好像有預算結果推一個真的太扯小心天打雷劈,我真的會笑死明明有特斯拉的預算結果一堆人推納智捷是三小一個外銷爛到爆的車只能靠本土死忠粉硬撐還好意思推嗎這是死道友不死貧道的概念不要因為錢不是你出就在這邊亂搞一通欸萬預算買納智捷腦袋燒壞能買到純電技術頂尖特斯拉你給我推納智捷就好像有預算結果推一個真的太扯小心天打雷劈,"{""文章分類"": ""性價比方面"",""情緒"": ""負面""}",,
2024-04-09 09:49:54,新聞前蘋果工程師啟動半自駕自撞慘死特,原文連結原文內容前蘋果工程師啟動半自駕自撞慘死特斯拉與家屬和解聯合報編譯徐榆涵即時報導一名前蘋果工程師年駕駛特斯拉車輛時啟用自動輔助駕駛模式結果發生自撞身亡意外特斯拉日與死者家屬達成庭外和解報導美國加州矽谷蘋果工程師黃沃特年月日駕駛特斯拉在北加州一條高速公路上結果車子失控撞上分隔島身亡美國國家運輸安全委員會調查發現在車輛自撞前曾開啟將近分鐘的自動輔助駕駛模式以時速英里約公里的速度偏離高速公路車道特斯拉日與黃沃特家屬達成和解但和解內容並未揭露特斯拉與黃沃特家屬代表也未對此回應心得說明字以上為什麼需要和解特斯拉是有怎樣的過錯之前家屬是提告自駕系統有缺陷現在應該改善很多了吧,原文連結原文內容前蘋果工程師啟動半自駕自撞慘死特斯拉與家屬和解聯合報編譯徐榆涵即時報導一名前蘋果工程師年駕駛特斯拉車輛時啟用自動輔助駕駛模式結果發生自撞身亡意外特斯拉日與死者家屬達成庭外和解報導美國加州矽谷蘋果工程師黃沃特年月日駕駛特斯拉在北加州一條高速公路上結果車子失控撞上分隔島身亡美國國家運輸安全委員會調查發現在車輛自撞前曾開啟將近分鐘的自動輔助駕駛模式以時速英里約公里的速度偏離高速公路車道特斯拉日與黃沃特家屬達成和解但和解內容並未揭露特斯拉與黃沃特家屬代表也未對此回應心得說明字以上為什麼需要和解特斯拉是有怎樣的過錯之前家屬是提告自駕系統有缺陷現在應該改善很多了吧,"{""文章分類"": ""安全性方面"",""情緒"": ""負面"",}",,
2024-04-09 15:49:55,情報特斯拉要來台灣了,電科技的貼文特斯拉自動駕駛資料收集的車隊在台灣搜集資料中基本上這個車隊是幫搜集路況用來訓練使用的難道完整版的終於要來台灣開放了嗎,電科技的貼文特斯拉自動駕駛資料收集的車隊在台灣搜集資料中基本上這個車隊是幫搜集路況用來訓練使用的難道完整版的終於要來台灣開放了嗎,"{""文章分類"": ""安全性方面"",""情緒"": ""正面"",}",,
2024-04-09 19:19:21,問題預算萬轎車推薦,目前開的是的當時只看了一款就下訂因此接觸過的車款蠻少的最近到了想要提高安全性的年紀想來詢問萬左右的推薦轎車我一週開三天市區道路上下班一個月往返新竹台北約兩趟幾個月會有一次長程旅行沒有育兒計畫不常載客所以不重視後座空間前座都是一般體型個人重視的條件依序為輔助駕駛車內人的安全性妥善率內裝不要太塑膠之前去看過馬三和皇冠覺得馬三不錯但內裝好像還好不知道有沒有更好的選擇特斯拉試駕後覺得很讚但爆預算想請問各位先進在這個預算帶有沒有推薦的車款或建議的賞車方向感激不盡,目前開的是的當時只看了一款就下訂因此接觸過的車款蠻少的最近到了想要提高安全性的年紀想來詢問萬左右的推薦轎車我一週開三天市區道路上下班一個月往返新竹台北約兩趟幾個月會有一次長程旅行沒有育兒計畫不常載客所以不重視後座空間前座都是一般體型個人重視的條件依序為輔助駕駛車內人的安全性妥善率內裝不要太塑膠之前去看過馬三和皇冠覺得馬三不錯但內裝好像還好不知道有沒有更好的選擇特斯拉試駕後覺得很讚但爆預算想請問各位先進在這個預算帶有沒有推薦的車款或建議的賞車方向感激不盡,"{""文章分類"": ""安全性方面"",""情緒"": ""正面"",""推薦車款"": [""馬三"",""皇冠"",""特斯拉""],""賞車方向"": ""輔助駕駛、安全性妥善率、內裝""}",,
2024-04-10 12:40:02,問題預算以內每日通勤公里車輛推薦,請問大家因工作需要每日通勤工作來回共公里單趟高速公路公里大概小時請問是否有推薦的車款目前看中現代油電家裡為透天可安裝電動車之充電樁也有考慮特斯拉但車價有點爆預算請問各位大大會如何選擇預算約以內平日上班以女性車主使用為主假日一家四口使用希望省點油錢安全為主謝謝感謝大家的建議補充說明因為工作地點鄰近在國郊區故沒有大眾交通工具可搭乘再者考量家庭因素不考慮租屋家裡位置上交流道分鐘以內所以還是以通勤需求作為本次購入第二台車的考量目前家人還有另一台汽油車謝謝請問是否有特斯拉其他電動車的車主可以提供實際駕駛心得謝謝,請問大家因工作需要每日通勤工作來回共公里單趟高速公路公里大概小時請問是否有推薦的車款目前看中現代油電家裡為透天可安裝電動車之充電樁也有考慮特斯拉但車價有點爆預算請問各位大大會如何選擇預算約以內平日上班以女性車主使用為主假日一家四使用希望省點油錢安全為主謝謝感謝大家的建議補充說明因為工作地點鄰近在國郊區故沒有大眾交通工具可搭乘再者考量家庭因素不考慮租屋家裡位置上交流道分鐘以內所以還是以通勤需求作為本次購入第二台車的考量目前家人還有另一台汽油車謝謝請問是否有特斯拉其他電動車的車主可以提供實際駕駛心得謝謝,"{""文章分類"": ""性價比方面"",""情緒"": ""負面"",}",,
2024-04-10 13:54:41,問題預算以內每日通勤公里車輛推薦,也不用考慮新的沒有方向桿沒有排檔桿除了多了後排螢幕以及通風椅這兩項有感誘因其餘選舊款就很夠你用現在因為大改舊款值超級香下面一堆年的都在你的預算範圍左右省油錢省心保養現在至少前都免稅家有充電樁除了爽還是爽,也不用考慮新的沒有方向桿沒有排檔桿除了多了後排螢幕以及通風椅這兩項有感誘因其餘選舊款就很夠你用現在因為大改舊款值超級香下面一堆年的都在你的預算範圍左右省油錢省心保養現在至少前都免稅家有充電樁除了爽還是爽,"{""文章分類"": ""性價比方面"",""情緒"": ""正面""}",,
2024-04-10 16:37:26,討論特斯拉的這個操作竟然超越了老司機,自創虛擬實境真不錯已經可以有意識的判斷行人動態還會停等如不過馬路也會自動跟上遇到會車時也由判斷停讓夾鏈會車等近期特斯拉台灣的正在大量投放測試中相信也也快上線啦真期待傳統車廠加油不要讓面板只是面板只有程式制式的輔駕目前看起來最有希望的就啦可惜尚無聯網服務遠端遙控車況專有超充站雙牛馬蛙加油讓電池車變智能電車如果只是想加速貼背其實就沒差啦電池車都很快未來要打贏的低價策略就只能靠更強大的自駕和功能吧是嗎感覺上這是大陸裡比較中肯的了,自創虛擬實境真不錯已經可以有意識的判斷行人動態還會停等如不過馬路也會自動跟上遇到會車時也由判斷停讓夾鏈會車等近期特斯拉台灣的正在大量投放測試中相信也也快上線啦真期待傳統車廠加油不要讓面板只是面板只有程式制式的輔駕目前看起來最有希望的就啦可惜尚無聯網服務遠端遙控車況專有超充站雙牛馬蛙加油讓電池車變智能電車如果只是想加速貼背其實就沒差啦電池車都很快未來要打贏的低價策略就只能靠更強大的自駕和功能吧是嗎感覺上這是大陸裡比較中肯的了,"{""文章分類"":""使用者體驗"",""情緒"":""正面"",}",,
2024-04-11 07:14:40,新聞拜登中國的政策會讓中國汽車充斥美國市場美商務部已,其實資安就只是藉口阿舉個最簡單的例子華為設備從頭到尾也沒人能證實真的有資安風險但沒辦法中國做出來的東西有點便宜習大大又壞壞所以只能先掉不然市佔率太高影響到本土企業和國家基礎建設就有點麻煩或又像這種東西從頭到尾也沒人能證實有資安疑慮頂多就是很多人覺得低能影片會弱智化下一代但這件事情我是持懷疑的態度就是畢竟低能影片不存在的時代弱智也沒少到哪裡去你說那些跑酷拜託以前一堆屁孩早就玩瘋了好嗎直接玩跳火車遊戲摔死的回到電動車這議題什麼資安基本上都只是藉口而已主要原因還是中國在電動車真的是太強了美國靠一家在撐日本在這領域中完全被打趴在中國市場能存活下來的很像大逃殺遊戲裡面勝出的強者夠龜成本控制技巧夠好產品力強冷血無情市場判斷精準丟到一堆菜雞裡面隨便都屠殺偏偏中國又是全世界幾乎可以說軟體和第二強的國家台灣可能在某些部分勝過中國像是開發點麵線預算的部分主要是資訊和數據蒐集太方便了然後就被各種禁令完整且超有競爭力的供應鏈外加上極強的軟體實力工程師的各種爆肝搞出高速的換代和更新其實也超爆肝但是一家公司是一個國家都在爆肝就舉個例子好了中國車機系統大概是兩周就一次同一台歐系車國際板軟體大概是周一個穩定度還不輸功能性強很多我知道有人一定會很玻璃心說中國軟體和才沒那麼強抱歉對岸就是這麼強假如不強幹嘛設下一堆額外禁令其中多數的理由還是很模糊且沒有證據的狀態但你說要完全禁止中國電動車嗎這是另外一個層面的思考因為這樣說好了一個有競爭力的產品進入市場也不全然是壞事在合理的掌控下不要讓他獨佔對消費者和產業都是有益處的事實上中國也早就低頭了各種採購農產品買波音減少出口鋼鐵等等嘴巴很硬身體倒是很誠實啦美國車廠面對最大的問題其實是自己龐大的養老金退休金債務還漲了一波是要怎麼有競爭力呢爆肝就可以很快阿就跟一樣你爆肝輪就可以調整產線達到高良率和高效率也是爆肝爆出來的好嗎大哥我覺得你不用在這邊談這些啦其實你就把目前產品力展現給大家比較好很多人就靠偏見在建立價值觀的回到市場和競爭議題吧宗教戰爭其實那麼好化解就好了其實你不能這樣說這演算法能讓抖音那麼多人用就代表他走的方向是對的人家是面向市場的產品不是科學研究產品不過主題偏了這是車板啦抖音和宗教已經超出範疇惹,其實資安就只是藉阿舉個最簡單的例子華為設備從頭到尾也沒人能證實真的有資安風險但沒辦法中國做出來的東西有點便宜習大大又壞壞所以只能先掉不然市佔率太高影響到本土企業和國家基礎建設就有點麻煩或又像這種東西從頭到尾也沒人能證實有資安疑慮頂多就是很多人覺得低能影片會弱智化下一代但這件事情我是持懷疑的態度就是畢竟低能影片不存在的時代弱智也沒少到哪裡去你說那些跑酷拜託以前一堆屁孩早就玩瘋了好嗎直接玩跳火車遊戲摔死的回到電動車這議題什麼資安基本上都只是藉而已主要原因還是中國在電動車真的是太強了美國靠一家在撐日本在這領域中完全被打趴在中國市場能存活下來的很像大逃殺遊戲裡面勝出的強者夠龜成本控制技巧夠好產品力強冷血無情市場判斷精準丟到一堆菜雞裡面隨便都屠殺偏偏中國又是全世界幾乎可以說軟體和第二強的國家台灣可能在某些部分勝過中國像是開發點麵線預算的部分主要是資訊和數據蒐集太方便了然後就被各種禁令完整且超有競爭力的供應鏈外加上極強的軟體實力工程師的各種爆肝搞出高速的換代和更新其實也超爆肝但是一家公司是一個國家都在爆肝就舉個例子好了中國車機系統大概是兩周就一次同一台歐系車國際板軟體大概是周一個穩定度還不輸功能性強很多我知道有人一定會很玻璃心說中國軟體和才沒那麼強抱歉對岸就是這麼強假如不強幹嘛設下一堆額外禁令其中多數的理由還是很模糊且沒有證據的狀態但你說要完全禁止中國電動車嗎這是另外一個層面的思考因為這樣說好了一個有競爭力的產品進入市場也不全然是壞事在合理的掌控下不要讓他獨佔對消費者和產業都是有益處的事實上中國也早就低頭了各種採購農產品買波音減少出鋼鐵等等嘴巴很硬身體倒是很誠實啦美國車廠面對最大的問題其實是自己龐大的養老金退休金債務還漲了一波是要怎麼有競爭力呢爆肝就可以很快阿就跟一樣你爆肝輪就可以調整產線達到高良率和高效率也是爆肝爆出來的好嗎大哥我覺得你不用在這邊談這些啦其實你就把目前產品力展現給大家比較好很多人就靠偏見在建立價值觀的回到市場和競爭議題吧宗教戰爭其實那麼好化解就好了其實你不能這樣說這演算法能讓抖音那麼多人用就代表他走的方向是對的人家是面向市場的產品不是科學研究產品不過主題偏了這是車板啦抖音和宗教已經超出範疇惹,"{""文章分類"": ""安全性方面"",""情緒"": ""複雜"",}",,
2024-04-11 15:06:20,情報特斯拉開始在歐洲上架了,特斯拉開始在歐洲某些國家上架了長續航後驅版本的比利時特斯拉的的購買頁面續航里程公里加速秒最高時速另外如果沒意外的話長續航後驅應該就是使用其他版本有沒有跟進還不知道但是應該沒意外都會跟進換成,特斯拉開始在歐洲某些國家上架了長續航後驅版本的比利時特斯拉的的購買頁面續航里程公里加速秒最高時速另外如果沒意外的話長續航後驅應該就是使用其他版本有沒有跟進還不知道但是應該沒意外都會跟進換成,"{""文章分類"": ""安全性方面"",""情緒"": ""正面"",}",,
2024-04-12 02:25:58,討論中國汽車有資安疑慮嗎,員工分享上傳到的車內攝影車內鏡頭被破解有片睇黑客放出多段車廂內影片笑死人某些中國黑真的下作這種都是資安問題不會有哪一家車商會希望自家上傳的影片被流出中國車黑抓到就一鍋黑在那無腦臭可憐啊,員工分享上傳到的車內攝影車內鏡頭被破解有片睇黑客放出多段車廂內影片笑死人某些中國黑真的下作這種都是資安問題不會有哪一家車商會希望自家上傳的影片被流出中國車黑抓到就一鍋黑在那無腦臭可憐啊,"{""文章分類"": ""安全性方面"",""情緒"": ""負面""}",,
2024-04-12 08:42:11,新聞開啟自動輔助駕駛還是撞了國道追,特斯拉車主群有一份撞緩撞車的統計名單上面前三品牌是第一和並列第二你說的理論根本不存在除了特斯拉以外另一個沒撞過的品牌是也是利用全視覺去辨識雷達的辨識距離比較短我看過幾支豐田撞緩撞車的影片都是煞車燈先亮但還是煞不住撞上去所以我個人是站在高速公路要擺三角錐這一派一定會有人出來靠北說三角錐誰來收做一支機械手臂不就好了撞這麼多台緩撞車都能做多少支機械手臂了另外我建議有輔助駕駛的車主不要用經濟胎半熱熔裝起來吵一點但煞車距離短一點可以救你的車看清楚我有說機械手臂沒,特斯拉車主群有一份撞緩撞車的統計名單上面前三品牌是第一和並列第二你說的理論根本不存在除了特斯拉以外另一個沒撞過的品牌是也是利用全視覺去辨識雷達的辨識距離比較短我看過幾支豐田撞緩撞車的影片都是煞車燈先亮但還是煞不住撞上去所以我個人是站在高速公路要擺三角錐這一派一定會有人出來靠北說三角錐誰來收做一支機械手臂不就好了撞這麼多台緩撞車都能做多少支機械手臂了另外我建議有輔助駕駛的車主不要用經濟胎半熱熔裝起來吵一點但煞車距離短一點可以救你的車看清楚我有說機械手臂沒,"{""文章分類"": ""安全性方面"",""情緒"": ""負面"",}",,
2024-04-12 12:07:44,電車道路測試超越億英里自駕壟斷,應該是最近交車即配送試用讓大規模道路測試使用者數據暴增也即將到達級別自駕目前還有的和百度但礙於無法聯網沒辦法大量且即時的蒐集使用者數據相信離台灣特斯拉開放的日子越來越近了趕快上線吧目前輔駕體驗良好開在一般道路如遇狀況也隱隱感到方向盤在微調修正大家加油競爭吧加油加油有夢最美笑他傻瓜好吧有限區域的也算他有好了是的幹大事前要頂住被人嘲笑的勇氣,應該是最近交車即配送試用讓大規模道路測試使用者數據暴增也即將到達級別自駕目前還有的和百度但礙於無法聯網沒辦法大量且即時的蒐集使用者數據相信離台灣特斯拉開放的日子越來越近了趕快上線吧目前輔駕體驗良好開在一般道路如遇狀況也隱隱感到方向盤在微調修正大家加油競爭吧加油加油有夢最美笑他傻瓜好吧有限區域的也算他有好了是的幹大事前要頂住被人嘲笑的勇氣,"{""文章分類"": ""使用者體驗"",""情緒"": ""正面"",}",,
2024-04-12 14:02:16,電車道路測試超越億英里自駕壟斷,自動駕駛離現在太遙遠了暫時開放的機會不大但是有個東西現在很常見了好一點的車都有就是自動停車跟遙控前進後退有些自動停車可以下車讓車子自己去停那如果自動停車的跟遙控前進後退的過程發生事故是誰要負責呢車上沒有人的話有之前的案例嗎,自動駕駛離現在太遙遠了暫時開放的機會不大但是有個東西現在很常見了好一點的車都有就是自動停車跟遙控前進後退有些自動停車可以下車讓車子自己去停那如果自動停車的跟遙控前進後退的過程發生事故是誰要負責呢車上沒有人的話有之前的案例嗎,"{""文章分類"": ""安全性方面"",""情緒"": ""負面"",}",,
2024-04-12 15:44:00,問題自駕跟智慧駕駛為什麼只討論電車,小弟覺得因為自動駕駛研發大本營新創都在加州或是中國像是華為然後剛好這兩個又是電車大本營所以會這樣聯繫假如今天自動駕駛的大本營新創都在德國歐洲那就會跟油車綁在一起了,小弟覺得因為自動駕駛研發大本營新創都在加州或是中國像是華為然後剛好這兩個又是電車大本營所以會這樣聯繫假如今天自動駕駛的大本營新創都在德國歐洲那就會跟油車綁在一起了,"{""文章分類"":""安全性方面"",""情緒"":""中性"",}",,
2024-04-13 11:29:54,電車撞壞冷卻管卻要換大電池,就電池模組的冷卻塑膠接頭損壞如果以高標準來講自然是整個模組換掉會比較安心要單獨修那個接頭原廠沒提供樣的服務不過國外的外厰是有在修的成本不算工時只算材料費可能就台幣幾百塊而已吧這種東西就像你買了台貴鬆鬆的進口車開沒公里半路變速箱就跳怪手回原廠要他處理他會要你換一棵新的變速箱但如果去外厰他幫你把變速箱解體裡面可能換個零件彈簧或是閥體給他鎖緊就搞定了材料成本可能也是幾百塊不到但只開公里的新車就看你能不能接受給外厰這樣搞了特斯拉外厰維修這塊就看台灣有哪家廠商有能力做起來囉,就電池模組的冷卻塑膠接頭損壞如果以高標準來講自然是整個模組換掉會比較安心要單獨修那個接頭原廠沒提供樣的服務不過國外的外厰是有在修的成本不算工時只算材料費可能就台幣幾百塊而已吧這種東西就像你買了台貴鬆鬆的進車開沒公里半路變速箱就跳怪手回原廠要他處理他會要你換一棵新的變速箱但如果去外厰他幫你把變速箱解體裡面可能換個零件彈簧或是閥體給他鎖緊就搞定了材料成本可能也是幾百塊不到但只開公里的新車就看你能不能接受給外厰這樣搞了特斯拉外厰維修這塊就看台灣有哪家廠商有能力做起來囉,"{""文章分類"": ""安全性方面"",""情緒"": ""正面"",}",,
2024-04-13 23:20:56,新聞陸電動車疑偷拍女車主禁畫面瘋傳,原文連結原文內容陸電動車疑偷拍女車主禁畫面瘋傳業者急回應已報警中國電動車近期的研發技術不斷讓人驚艷其先進的技術以及相對便宜的售價都讓特斯拉相形失色他們的造車技術幾乎讓海內外震驚不過日前有中國電動車品牌爆發了爭議他們似乎透過車內鏡頭蒐集車主的隱私該隱私內容甚至在網路上瘋傳讓許多人質疑該品牌是否注重用戶的隱私根據南方都市報的報導指出有網友上傳一張疑似女車主在車內自的照片且照片下方還清楚出現高合汽車的廠徽時間與車型等資料這位網友質疑到車內鏡頭的數據應該都存在本地為何會被發至雲端消息曝光之後不少網友質疑高合汽車洩漏了車主的隱私而高合汽車再官方對外聲明車主社團和各社交媒體中散播車內鏡頭照片洩漏事件絕對不存在官方獲取或洩漏相關圖片從後台技術或法律上都無法遠程拿到車主影像高合汽車強調他們會保護好用戶的隱私和任何相關資料車機的數據會滿足國家資訊安全的要求也請大眾不要相信謠言對於造謠以及侵犯用戶私密訊息的行為已經報警和採取必要的法律手段以保護品牌不受到謠言的侵害另外也有聲音傳出車內的影像來源其實是車主自己錄製影片出現的資訊極有可能是駕駛自己錄製與高合汽車的數據資料沒有太多關係然而此事件無論如何都對品牌產生負面影響尤其該品牌目前身處於破產邊緣營運困難中又爆出爭議事件無疑是對前景雪上加霜心得說明字以上為什麼很少車廠鏡頭對油門跟煞車我很想知道那些爆衝的車輛到底是踩錯還是原廠故障如果對車內的不知道鏡頭可不可以貼起來,原文連結原文內容陸電動車疑偷拍女車主禁畫面瘋傳業者急回應已報警中國電動車近期的研發技術不斷讓人驚艷其先進的技術以及相對便宜的售價都讓特斯拉相形失色他們的造車技術幾乎讓海內外震驚不過日前有中國電動車品牌爆發了爭議他們似乎透過車內鏡頭蒐集車主的隱私該隱私內容甚至在網路上瘋傳讓許多人質疑該品牌是否注重用戶的隱私根據南方都市報的報導指出有網友上傳一張疑似女車主在車內自的照片且照片下方還清楚出現高合汽車的廠徽時間與車型等資料這位網友質疑到車內鏡頭的數據應該都存在本地為何會被發至雲端消息曝光之後不少網友質疑高合汽車洩漏了車主的隱私而高合汽車再官方對外聲明車主社團和各社交媒體中散播車內鏡頭照片洩漏事件絕對不存在官方獲取或洩漏相關圖片從後台技術或法律上都無法遠程拿到車主影像高合汽車強調他們會保護好用戶的隱私和任何相關資料車機的數據會滿足國家資訊安全的要求也請大眾不要相信謠言對於造謠以及侵犯用戶私密訊息的行為已經報警和採取必要的法律手段以保護品牌不受到謠言的侵害另外也有聲音傳出車內的影像來源其實是車主自己錄製影片出現的資訊極有可能是駕駛自己錄製與高合汽車的數據資料沒有太多關係然而此事件無論如何都對品牌產生負面影響尤其該品牌目前身處於破產邊緣營運困難中又爆出爭議事件無疑是對前景雪上加霜心得說明字以上為什麼很少車廠鏡頭對油門跟煞車我很想知道那些爆衝的車輛到底是踩錯還是原廠故障如果對車內的不知道鏡頭可不可以貼起來,"{""文章分類"": ""安全性方面"",""情緒"": ""負面"",}",,
2024-04-14 10:37:57,討論功能比較強還是特斯拉,現在車幾乎都有智慧巡航功能其中公認最強的應該就屬的和特斯拉的自駕系統各位大神車主輪功能比較強還是特斯拉呢或是其實有其他更強的牌子呢,現在車幾乎都有智慧巡航功能其中公認最強的應該就屬的和特斯拉的自駕系統各位大神車主輪功能比較強還是特斯拉呢或是其實有其他更強的牌子呢,"{""文章分類"": ""使用者體驗"",""情緒"": ""正面"",""智慧巡航功能"": {""特斯拉自駕系統"": ""公認最強"",""其他牌子"": ""有更強的牌子""}}",,
2024-04-14 11:38:47,問題,請問一下因為家裡有需求想要買一台想問近期有什麼優惠嗎或者什麼時候台灣會有的謝謝,請問一下因為家裡有需求想要買一台想問近期有什麼優惠嗎或者什麼時候台灣會有的謝謝,"{""文章分類"":""服務方面"",""情緒"":""正面"",""優惠資訊"":null,""優惠時間"":null}",,
2024-04-14 12:20:40,討論六關西車聚,感謝房間哥發起車聚本來我打算八點準時到結果修車修太晚過來路上電不夠又要充電到的時候已經點了本來以為自己是最晚到結果還有比我晚的這次現場看到大改外觀超原廠引擎蓋沒打開根本不知道有改結果引擎蓋也是卡崩再來是兩台車牌北宜快車鴨現在鴨滿街都是我是說各大山路這一年跑山遇到新款日系車十台有九台豐田剩下一台馬自達不討論因為開玩笑的新款馬自達扣除真的少跟新款比例大概我雖然太晚到但據現場鄉民敘述新跟也是的比例這次比較神奇的是瑞典車都比英國車還要多不是說在台灣英國車賣很好嗎怎麼一台都沒看到車版果然是反指標另外特斯拉只有我一台看來各位老闆都賺錢換車了只有我沒賺以上是我的心得補上一張,感謝房間哥發起車聚本來我打算八點準時到結果修車修太晚過來路上電不夠又要充電到的時候已經點了本來以為自己是最晚到結果還有比我晚的這次現場看到大改外觀超原廠引擎蓋沒打開根本不知道有改結果引擎蓋也是卡崩再來是兩台車牌北宜快車鴨現在鴨滿街都是我是說各大山路這一年跑山遇到新款日系車十台有九台豐田剩下一台馬自達不討論因為開玩笑的新款馬自達扣除真的少跟新款比例大概我雖然太晚到但據現場鄉民敘述新跟也是的比例這次比較神奇的是瑞典車都比英國車還要多不是說在台灣英國車賣很好嗎怎麼一台都沒看到車版果然是反指標另外特斯拉只有我一台看來各位老闆都賺錢換車了只有我沒賺以上是我的心得補上一張,"{""文章分類"": ""使用者體驗"",""情緒"": ""正面""}",,
2024-04-14 17:53:00,討論功能比較強還是特斯拉,的很強啦加減速細膩車道維持也不錯車道偏移在台灣介入有點突兀大家也知道台灣的標線有時候過個路口就歪掉例如走這條就蠻常被扯不然就是外側車道要閃臨停但扯回來的力道真的很大好幾次覺得會被拉去撞分隔島國外也有類似我想應該不是我的問題所以速限的地方我會按兩下切成關掉車道維持不過我看可以用下拉選單快速關閉車道維持了應該不至於這麼麻煩,的很強啦加減速細膩車道維持也不錯車道偏移在台灣介入有點突兀大家也知道台灣的標線有時候過個路就歪掉例如走這條就蠻常被扯不然就是外側車道要閃臨停但扯回來的力道真的很大好幾次覺得會被拉去撞分隔島國外也有類似我想應該不是我的問題所以速限的地方我會按兩下切成關掉車道維持不過我看可以用下拉選單快速關閉車道維持了應該不至於這麼麻煩,"{""文章分類"": ""安全性方面"",""情緒"": ""負面"",}",,
2024-04-14 20:41:10,問題台灣汽車關稅到底抽多重,某車商台積電這兩家公司誰才是真正的台灣之光某車商一直都比台積電賺錢這才叫先進技術吧在台灣被保護的很好除了某一年被金管會害到外要是開放中國車還不跟你拼命不要說啦免得被說什麼資安問題放個中國進來加關稅電動車免貨物稅萬萬萬萬這還不血流成河業者還不跟你拼命不下兩岸統一的難度吧,某車商台積電這兩家公司誰才是真正的台灣之光某車商一直都比台積電賺錢這才叫先進技術吧在台灣被保護的很好除了某一年被金管會害到外要是開放中國車還不跟你拼命不要說啦免得被說什麼資安問題放個中國進來加關稅電動車免貨物稅萬萬萬萬這還不血流成河業者還不跟你拼命不下兩岸統一的難度吧,"{""文章分類"":""性價比方面"",""情緒"":""負面"",}",,
2024-04-15 00:40:27,討論社區可以充電要買純電還是,純電如比較有科技感純電行駛的效率更好電池容量更大純電行駛效率較差不知道車子放著沒開掉電會不會更兇好處就是可以油電出遠門不用找地方充電社區如果可以充電選哪種較好,純電如比較有科技感純電行駛的效率更好電池容量更大純電行駛效率較差不知道車子放著沒開掉電會不會更兇好處就是可以油電出遠門不用找地方充電社區如果可以充電選哪種較好,"{""文章分類"": ""性價比方面"",""情緒"": ""正面"",}",,
2024-04-15 13:37:24,討論歐洲港口成為比亞迪大型停車場,年度比亞迪在中國國內藉由政府補助發動價格戰擠下特斯拉並憑著強推的內需銷量霸榜世界銷售冠軍品牌市佔率圖引上半年度全球電車品牌市佔統計還查不到全年度的以合計僅以計那段時間看新聞都一度以為特斯拉被徹底打趴搭配特斯拉股價一路走跌的訊息想說該不會特斯拉真的一無是處從此一去不復返雖然當時沒有細看相關新聞查證分析但只覺得中國明明整體經濟情勢不好要靠補助削價競爭和疲軟的內需市場是能霸榜撐多久另外查詢年上半年度比亞迪市佔分析可見所謂的市佔銷量霸榜真的是靠中國國內補助撐出來的其中中國市場佔比歐美相加不足再查詢中國電動車戰略補助據歐洲調查估計年度光是針對比亞迪擴充市場之政府直接戰略性補貼中國國內製造已達億歐元之譜粗估年比亞迪全球銷售萬輛純電油電來估等於比亞迪電車在銷售端平均每台新車售價可直接折扣近萬台幣在年間比亞迪在歐洲市場的價格優勢不只來自於中國政府直接補貼德國政府為了推廣電車也針對德國境內銷售的電車不限品牌每輛一律補助歐元後逐降至歐元約每車萬台幣可能德國發現間接成了中國傾銷電車的幫凶前述補助方案已於年底直接喊停當然也要比較一下比亞迪外銷市場稅率目前歐洲若懲罰惡意傾銷關稅會到美國關稅若懲罰惡意傾銷關稅會到前面整理這麼多資訊比較分析是因為上週開始有新聞揭露比亞迪市佔龍頭的假象比亞迪能在市佔攻頂成功主因當然是中國在舉國之力補助內銷市場撐起但在歐美市場已陸續有反傾銷壟斷市場及祭出懲罰性關稅的調查傳出而踢到鐵板另外就是前有後有小米夾擊殘殺不知道接下來誰才是中國政府的真愛持續扶持補助莫忘年度比亞迪在歐洲新車銷售幅度增比排不上榜連都輸現在到歐洲各大汽車輸運港口一看比亞迪電動車新車庫存塞爆歐洲各大港口把人家港口當停車場傾舉國之力補助要擴充歐美市場賣不動就是賣不動還落得一個產能過剩的口實自由時報比利時安特衛普布魯日港經濟日報比利時澤布呂赫港非凡新聞德國布萊梅港以下整理中國車商針對比亞迪頹勢敗象的辯解歐洲貨運司機大缺工你車有賣得動的話會有數十萬輛的車塞爆人家各大港口嗎是誰給你的勇氣跟中國本土下那麼多單來的歐洲港口逐步限縮新車入港註冊數量就已經被你塞爆了叫你不要再進還一直來歐洲政府取消電車補助你要不要順便嫌自己中國政府傾銷補助不夠力一台車賣不掉你可以改賣都是特斯拉把貨運司機卡光了笑死生不出兒子怪厝邊變相證實特斯拉在歐洲賣得比你好補充結論本文排除電車市場走勢漲緩與否之討論本文排除特斯拉應對削價競爭之策略與公司股價前景之分析不管什麼車擺在港口曬太陽吹海風個月我是不敢買啦會不會歐洲擺著賣不掉又運去其他市場當新車賣,年度比亞迪在中國國內藉由政府補助發動價格戰擠下特斯拉並憑著強推的內需銷量霸榜世界銷售冠軍品牌市佔率圖引上半年度全球電車品牌市佔統計還查不到全年度的以合計僅以計那段時間看新聞都一度以為特斯拉被徹底打趴搭配特斯拉股價一路走跌的訊息想說該不會特斯拉真的一無是處從此一去不復返雖然當時沒有細看相關新聞查證分析但只覺得中國明明整體經濟情勢不好要靠補助削價競爭和疲軟的內需市場是能霸榜撐多久另外查詢年上半年度比亞迪市佔分析可見所謂的市佔銷量霸榜真的是靠中國國內補助撐出來的其中中國市場佔比歐美相加不足再查詢中國電動車戰略補助據歐洲調查估計年度光是針對比亞迪擴充市場之政府直接戰略性補貼中國國內製造已達億歐元之譜粗估年比亞迪全球銷售萬輛純電油電來估等於比亞迪電車在銷售端平均每台新車售價可直接折扣近萬台幣在年間比亞迪在歐洲市場的價格優勢不只來自於中國政府直接補貼德國政府為了推廣電車也針對德國境內銷售的電車不限品牌每輛一律補助歐元後逐降至歐元約每車萬台幣可能德國發現間接成了中國傾銷電車的幫凶前述補助方案已於年底直接喊停當然也要比較一下比亞迪外銷市場稅率目前歐洲若懲罰惡意傾銷關稅會到美國關稅若懲罰惡意傾銷關稅會到前面整理這麼多資訊比較分析是因為上週開始有新聞揭露比亞迪市佔龍頭的假象比亞迪能在市佔攻頂成功主因當然是中國在舉國之力補助內銷市場撐起但在歐美市場已陸續有反傾銷壟斷市場及祭出懲罰性關稅的調查傳出而踢到鐵板另外就是前有後有小米夾擊殘殺不知道接下來誰才是中國政府的真愛持續扶持補助莫忘年度比亞迪在歐洲新車銷售幅度增比排不上榜連都輸現在到歐洲各大汽車輸運港一看比亞迪電動車新車庫存塞爆歐洲各大港把人家港當停車場傾舉國之力補助要擴充歐美市場賣不動就是賣不動還落得一個產能過剩的實自由時報比利時安特衛普布魯日港經濟日報比利時澤布呂赫港非凡新聞德國布萊梅港以下整理中國車商針對比亞迪頹勢敗象的辯解歐洲貨運司機大缺工你車有賣得動的話會有數十萬輛的車塞爆人家各大港嗎是誰給你的勇氣跟中國本土下那麼多單來的歐洲港逐步限縮新車入港註冊數量就已經被你塞爆了叫你不要再進還一直來歐洲政府取消電車補助你要不要順便嫌自己中國政府傾銷補助不夠力一台車賣不掉你可以改賣都是特斯拉把貨運司機卡光了笑死生不出兒子怪厝邊變相證實特斯拉在歐洲賣得比你好補充結論本文排除電車市場走勢漲緩與否之討論本文排除特斯拉應對削價競爭之策略與公司股價前景之分析不管什麼車擺在港曬太陽吹海風個月我是不敢買啦會不會歐洲擺著賣不掉又運去其他市場當新車賣,"{""文章分類"": ""性價比方面"",""情緒"": ""負面""}",,
2024-04-16 08:04:27,新聞電槍線太短車再挪過來些充電車格又遭,原文連結原文內容又有電動車車主被其他人硬拔充電槍車主劉先生把車子停在一處免費慢充停車場原本想說晚上停車到隔天早上電力剛好充飽沒想到凌晨點多就被別人搶電哨兵模式清楚拍下搶電男子因為電槍不夠長挪了好幾次車直到壓到地上白線才停止隨後刷卡啟用充電後就離開白色轎車停進車格男子從旁邊拉來充電槍等等線不夠長於是上車再挪離旁邊更近一些往地上看輪胎已經壓到車格線了耶不說還以為是充電樁設計問題事發在台中大肚區一處免費停車場原來男子拿的是隔壁車格的充電槍當事車主劉先生早上起來的時候想說奇怪車子的電怎麼沒有滿因為正常來講照它跑的話應該就是會充滿電我比較在意的是正常來講那是別人在使用的東西其實你本來就不能把它拔掉劉先生日晚上點多停車在這邊充電算好充電大約小時日一早要離開怎麼電力只有檢查哨兵模式原來充電槍已經在凌晨點多就被拔走了因為是全場免費拔掉電槍需要重新過卡才能重新啟用哨兵模式清楚拍到男子硬拔劉先生的電槍後刷完卡快速離開當事車主劉先生我不知道他的想法是怎樣而且重點是他還是充了個小時就離開就像我剛剛講的充電要過卡嘛那是不是要離開的時候幫我過卡我就不會那麼生氣記者林莉開電車想要充電如果你找到的是免費停車場被拔槍影響的可能是觀感問題但如果你找到的是這種需要付費的不只會被譴責還會觸法畢竟現在電費調漲你充電我付錢安餒母丟吧違規行徑還可能造成別車因此受損得賠更多律師詹右辰硬拔他人充電槍造成車輛受損可能構成刑法條毀損罪另外因此使該車主負擔充電費等於是竊取該車主付費應得的電可能涉及刑法條竊盜罪弄壞裝置就是毀損罪除了萬的罰金最高可處年徒刑偷拔充電槍犯竊盜罪你可能會被關年為了貪一時方便害得自己吃官司可就得不償失心得說明字以上台中原來還有免費充電停車場有哨兵模式應該是特斯拉吧充電的時候不是可以鎖住充電槍怎麼會被拔走原文及網址連結心得或意見字不含標點符號,原文連結原文內容又有電動車車主被其他人硬拔充電槍車主劉先生把車子停在一處免費慢充停車場原本想說晚上停車到隔天早上電力剛好充飽沒想到凌晨點多就被別人搶電哨兵模式清楚拍下搶電男子因為電槍不夠長挪了好幾次車直到壓到地上白線才停止隨後刷卡啟用充電後就離開白色轎車停進車格男子從旁邊拉來充電槍等等線不夠長於是上車再挪離旁邊更近一些往地上看輪胎已經壓到車格線了耶不說還以為是充電樁設計問題事發在台中大肚區一處免費停車場原來男子拿的是隔壁車格的充電槍當事車主劉先生早上起來的時候想說奇怪車子的電怎麼沒有滿因為正常來講照它跑的話應該就是會充滿電我比較在意的是正常來講那是別人在使用的東西其實你本來就不能把它拔掉劉先生日晚上點多停車在這邊充電算好充電大約小時日一早要離開怎麼電力只有檢查哨兵模式原來充電槍已經在凌晨點多就被拔走了因為是全場免費拔掉電槍需要重新過卡才能重新啟用哨兵模式清楚拍到男子硬拔劉先生的電槍後刷完卡快速離開當事車主劉先生我不知道他的想法是怎樣而且重點是他還是充了個小時就離開就像我剛剛講的充電要過卡嘛那是不是要離開的時候幫我過卡我就不會那麼生氣記者林莉開電車想要充電如果你找到的是免費停車場被拔槍影響的可能是觀感問題但如果你找到的是這種需要付費的不只會被譴責還會觸法畢竟現在電費調漲你充電我付錢安餒母丟吧違規行徑還可能造成別車因此受損得賠更多律師詹右辰硬拔他人充電槍造成車輛受損可能構成刑法條毀損罪另外因此使該車主負擔充電費等於是竊取該車主付費應得的電可能涉及刑法條竊盜罪弄壞裝置就是毀損罪除了萬的罰金最高可處年徒刑偷拔充電槍犯竊盜罪你可能會被關年為了貪一時方便害得自己吃官司可就得不償失心得說明字以上台中原來還有免費充電停車場有哨兵模式應該是特斯拉吧充電的時候不是可以鎖住充電槍怎麼會被拔走原文及網址連結心得或意見字不含標點符號,"{""文章分類"": ""安全性方面"",""情緒"": ""負面"",}",,
2024-04-16 10:39:12,討論特斯拉會變成汽車界的嗎,感覺目前特斯拉越來越有的既視感是產業的先行者享有先行的紅利在競爭者還沒起來前公司賺了一波慢慢的競爭者技術追上來了開始削價競爭卻因為種種問題可能會走上後路例如改版過慢例如外型推出後年外型幾乎沒變動這在同價位豪車帶的雙油車上幾乎是不可能發生的事情強迫消費者適應改變開車習慣拿掉排檔桿方向燈改按鍵式同價位雙擁有的雷達測距拿掉改視覺測距想要改變消費者習慣卻沒有蘋果的實力自動駕駛老闆給的期限一直跳票毫無誠信可言之前從功能型手機轉換成智慧型手機時選對陣營當初第一支手機就選擇三星看來這次因為厭惡傳統車廠的車機軟體太爛太過於依賴剛從雙跳到特斯拉可能會是第一次選錯陣營了,感覺目前特斯拉越來越有的既視感是產業的先行者享有先行的紅利在競爭者還沒起來前公司賺了一波慢慢的競爭者技術追上來了開始削價競爭卻因為種種問題可能會走上後路例如改版過慢例如外型推出後年外型幾乎沒變動這在同價位豪車帶的雙油車上幾乎是不可能發生的事情強迫消費者適應改變開車習慣拿掉排檔桿方向燈改按鍵式同價位雙擁有的雷達測距拿掉改視覺測距想要改變消費者習慣卻沒有蘋果的實力自動駕駛老闆給的期限一直跳票毫無誠信可言之前從功能型手機轉換成智慧型手機時選對陣營當初第一支手機就選擇三星看來這次因為厭惡傳統車廠的車機軟體太爛太過於依賴剛從雙跳到特斯拉可能會是第一次選錯陣營了,"{""文章分類"": ""性價比方面"",""情緒"": ""負面""}",,
2024-04-16 17:09:16,新聞百萬特斯拉車頭全毀搶黃燈撞救護車未禮,原文連結原文內容百萬特斯拉車頭全毀搶黃燈撞救護車未禮讓恐要負責新竹縣竹北市今天上午時許一輛載有傷患正在執勤的民間救護車開啟警示燈及警鳴器慢行通過光明六路與博愛街紅燈直行時一輛百萬特斯拉疑因未注意當場撞上並波及路邊停放車輛所幸駕駛和救護車上人員都僅有輕傷送醫已無大礙警方表示救護車有優先路權不受紅綠燈指示拘束該特斯拉為搶黃燈發生交通事故恐要負責竹北警分局指出今天上午時分接獲通報光明六路與博愛街口有車禍事故警方趕抵時現場為一輛救護車與特斯拉電動車碰撞救護車由博愛街往南方向紅燈逆向直行通過路口特斯拉由光明六路往東方向通過路口雙方於路口碰撞碰撞後特斯拉波及路邊停放車輛雙方輕微傷勢送醫無礙新竹縣警察局交通隊表示經調查救護車當時正在執行救護勤務車上載有傷患並依規定開啟警示燈警鳴器有優先路權不受紅綠燈指示拘束特斯拉駕駛依規定聽到警鳴器時需先讓救護車先過但卻搶黃燈直接通行如未禮讓救護車通車而發生交通事故須要負責任交通隊強調雖本案救護車不受紅綠燈指示拘束但不代表救護車可以不注意往來的車輛以及行人的安全如救護車駕駛未注意綠燈方向來車可能有過失不能因此而免責心得說明字以上搶黃燈發生車禍案例不少而且判賠金額也都不低大家請小心黃燈這件影片看起來車速都不快但是都被一台車視線死角駕駛人看到黃燈時若還沒超過停止線就應該先減速並在停止線後方停下倘若黃燈亮起已超過停止線則應注意注意左右來車快速通過路口,原文連結原文內容百萬特斯拉車頭全毀搶黃燈撞救護車未禮讓恐要負責新竹縣竹北市今天上午時許一輛載有傷患正在執勤的民間救護車開啟警示燈及警鳴器慢行通過光明六路與博愛街紅燈直行時一輛百萬特斯拉疑因未注意當場撞上並波及路邊停放車輛所幸駕駛和救護車上人員都僅有輕傷送醫已無大礙警方表示救護車有優先路權不受紅綠燈指示拘束該特斯拉為搶黃燈發生交通事故恐要負責竹北警分局指出今天上午時分接獲通報光明六路與博愛街有車禍事故警方趕抵時現場為一輛救護車與特斯拉電動車碰撞救護車由博愛街往南方向紅燈逆向直行通過路特斯拉由光明六路往東方向通過路雙方於路碰撞碰撞後特斯拉波及路邊停放車輛雙方輕微傷勢送醫無礙新竹縣警察局交通隊表示經調查救護車當時正在執行救護勤務車上載有傷患並依規定開啟警示燈警鳴器有優先路權不受紅綠燈指示拘束特斯拉駕駛依規定聽到警鳴器時需先讓救護車先過但卻搶黃燈直接通行如未禮讓救護車通車而發生交通事故須要負責任交通隊強調雖本案救護車不受紅綠燈指示拘束但不代表救護車可以不注意往來的車輛以及行人的安全如救護車駕駛未注意綠燈方向來車可能有過失不能因此而免責心得說明字以上搶黃燈發生車禍案例不少而且判賠金額也都不低大家請小心黃燈這件影片看起來車速都不快但是都被一台車視線死角駕駛人看到黃燈時若還沒超過停止線就應該先減速並在停止線後方停下倘若黃燈亮起已超過停止線則應注意注意左右來車快速通過路,"{  ""文章分類"": ""安全性方面"",  ""情緒"": ""負面"",}",,
2024-04-17 08:18:46,討論車子外觀是不是算蠻好看的,這車的尾巴在晚上是看起來像但我個人主觀意識認為很普通上週鄉民關西車聚我本來很期待可以看到或納但現場一台都沒看到值這麼高的車在車板討論這麼熱烈的車竟然沒鄉民開來車聚這讓我很震驚唯一的裕隆竟然是以前特斯拉討論很熱烈的時候每次都有鄉民開來車聚還可以一起開跳舞功能的討論量和實際銷量不成正比呀大家是還在觀望嗎底燈哥以前還不是開出現,這車的尾巴在晚上是看起來像但我個人主觀意識認為很普通上週鄉民關西車聚我本來很期待可以看到或納但現場一台都沒看到值這麼高的車在車板討論這麼熱烈的車竟然沒鄉民開來車聚這讓我很震驚唯一的裕隆竟然是以前特斯拉討論很熱烈的時候每次都有鄉民開來車聚還可以一起開跳舞功能的討論量和實際銷量不成正比呀大家是還在觀望嗎底燈哥以前還不是開出現,"{""文章分類"": ""使用者體驗"",""情緒"": ""負面""}",,
2024-04-17 11:45:28,問題加州買車選擇請益,小弟下個月要去美國預計待年家庭成員大小目前在考慮的是跟考慮的點是加州油價全美最高加州治安不好有哨兵模式比較不會被偷相較油車較少的價格目前蠻甜的好像可以不知道年內的二手車是否建議年後電池還在保固內因為家裡有跟所以比較熟悉建議售價起不知道在美國買車有沒有在折扣的妥善率人在國外能少一事是一事比較低調二手車也可以接受但感覺是比較深的功課不知道要去哪下手比較好懇請各位公分年薪的大大提供建議感激不盡謝謝各位熱心的建議推文有提到的車款我也會去研究一下,小弟下個月要去美國預計待年家庭成員大小目前在考慮的是跟考慮的點是加州油價全美最高加州治安不好有哨兵模式比較不會被偷相較油車較少的價格目前蠻甜的好像可以不知道年內的二手車是否建議年後電池還在保固內因為家裡有跟所以比較熟悉建議售價起不知道在美國買車有沒有在折扣的妥善率人在國外能少一事是一事比較低調二手車也可以接受但感覺是比較深的功課不知道要去哪下手比較好懇請各位公分年薪的大大提供建議感激不盡謝謝各位熱心的建議推文有提到的車款我也會去研究一下,"{""文章分類"":""性價比方面"",""情緒"":""正面"",}",,
2024-04-17 15:14:40,新聞特斯拉超派一條管子破裂維修要價萬,特斯拉超派一條管子破裂維修要價萬車主心臟漏一拍我要換車了就在全球特斯拉宣布大裁員之際台灣特斯拉的維修爭議再添一筆林姓科技公司老闆日前開著特斯拉出門行經中山高時輾過不明掉落物事後發現底盤前方的大電池冷卻液管破裂豈料回到原廠維修除了被告知該狀況無法保固也不能單換冷卻液管必須更換整套大電池組由於要價萬元相當於車價的三分之一讓林老闆直嘆心臟漏一拍我要換車了對此記者根據台灣特斯拉官網致電詢問總公司客服人員表示會代為轉告相關負責人士再行回覆然記者遲遲未接獲特斯拉相關人士回覆記者另私下詢問特斯拉內部員工對方表示目前特斯拉沒有發言人制度因此拒絕具名據他了解林老闆的不只是冷卻液管受損也有傷到大電池至於是否要換整套大電池組服務中心會有專業判斷因為每宗個案的狀況都不一樣實在沒有辦法給出一個明確的答案但特斯拉服務中心一定會根據個案選擇最好的處理方式對此林老闆反駁原廠態度很強硬至今一通電話也沒有真不知後續怎麼處理豈料林老闆取車準備返家時驚見車頭下方地面滿是藍綠色的液體那種情況當然不能開車上路我就叫人把車子拖到特斯拉原廠原廠告訴我連接大電池的冷卻液管有破損不過不能單獨更換必須換掉整個大電池組至少要花萬元我就問這是合理的嗎真的不能只換管子嗎開車難免都會碾到東西那個冷卻液管就在輪子正後方如果這麼脆弱當初設計車子的時候怎麼不加強防護有夠瞎面對維修我感覺就是原廠說了算真的是很不合理林老闆氣憤地說他事後上網發問才知道自己不是第一個遇到冷卻液管破裂得換整組大電池的受害者實在不曉得特斯拉為什麼遲遲不改善這種兩光設計除了台灣出現冷卻液管破裂苦主調查中國韓國都有特斯拉車主如同林老闆一樣開車時輾到石頭等異物導致異物彈飛打到冷卻管液同樣被原廠告知得換整組大電池要價也是貴森森的萬元林老闆日前將此事件至特斯拉台灣車主群粉專立刻引發熱烈討論多數網友認為壞管子換電池太誇張要買車的建議先緩緩不然三不五時一條水管要花萬換電池特斯拉原廠真的是很扯管子破掉要換整顆電池好像油車水管破了要換掉整顆引擎我也是特斯拉年的老車主了對特斯拉一直都非常滿意也很挺特但看到這案例真的很傻眼如果最後真的不能單獨修理冷卻管而要自費換掉整顆電池的話那真的太不合理了這設計嚴重有問題針對這點完全挺不下去挺樓主既然都已經很明顯違反比例原則了看要不要去找消保官求助問看有無公權力介入的可能畢竟把事情搞越大應該越有利心得保險公司推給特斯拉特斯拉推給保險公司在台灣買特斯拉可能要買到甲式才有保障吧,特斯拉超派一條管子破裂維修要價萬車主心臟漏一拍我要換車了就在全球特斯拉宣布大裁員之際台灣特斯拉的維修爭議再添一筆林姓科技公司老闆日前開著特斯拉出門行經中山高時輾過不明掉落物事後發現底盤前方的大電池冷卻液管破裂豈料回到原廠維修除了被告知該狀況無法保固也不能單換冷卻液管必須更換整套大電池組由於要價萬元相當於車價的三分之一讓林老闆直嘆心臟漏一拍我要換車了對此記者根據台灣特斯拉官網致電詢問總公司客服人員表示會代為轉告相關負責人士再行回覆然記者遲遲未接獲特斯拉相關人士回覆記者另私下詢問特斯拉內部員工對方表示目前特斯拉沒有發言人制度因此拒絕具名據他了解林老闆的不只是冷卻液管受損也有傷到大電池至於是否要換整套大電池組服務中心會有專業判斷因為每宗個案的狀況都不一樣實在沒有辦法給出一個明確的答案但特斯拉服務中心一定會根據個案選擇最好的處理方式對此林老闆反駁原廠態度很強硬至今一通電話也沒有真不知後續怎麼處理豈料林老闆取車準備返家時驚見車頭下方地面滿是藍綠色的液體那種情況當然不能開車上路我就叫人把車子拖到特斯拉原廠原廠告訴我連接大電池的冷卻液管有破損不過不能單獨更換必須換掉整個大電池組至少要花萬元我就問這是合理的嗎真的不能只換管子嗎開車難免都會碾到東西那個冷卻液管就在輪子正後方如果這麼脆弱當初設計車子的時候怎麼不加強防護有夠瞎面對維修我感覺就是原廠說了算真的是很不合理林老闆氣憤地說他事後上網發問才知道自己不是第一個遇到冷卻液管破裂得換整組大電池的受害者實在不曉得特斯拉為什麼遲遲不改善這種兩光設計除了台灣出現冷卻液管破裂苦主調查中國韓國都有特斯拉車主如同林老闆一樣開車時輾到石頭等異物導致異物彈飛打到冷卻管液同樣被原廠告知得換整組大電池要價也是貴森森的萬元林老闆日前將此事件至特斯拉台灣車主群粉專立刻引發熱烈討論多數網友認為壞管子換電池太誇張要買車的建議先緩緩不然三不五時一條水管要花萬換電池特斯拉原廠真的是很扯管子破掉要換整顆電池好像油車水管破了要換掉整顆引擎我也是特斯拉年的老車主了對特斯拉一直都非常滿意也很挺特但看到這案例真的很傻眼如果最後真的不能單獨修理冷卻管而要自費換掉整顆電池的話那真的太不合理了這設計嚴重有問題針對這點完全挺不下去挺樓主既然都已經很明顯違反比例原則了看要不要去找消保官求助問看有無公權力介入的可能畢竟把事情搞越大應該越有利心得保險公司推給特斯拉特斯拉推給保險公司在台灣買特斯拉可能要買到甲式才有保障吧,"{""文章分類"": ""性價比方面"",""情緒"": ""負面""}",,
2024-04-17 21:48:32,新聞鴻海納智捷還有長續航大電池將推,原文標題鴻海納智捷還有長續航大電池將推出續航力原文連結發布時間記者署名記者徐煜展綜合報導原文內容記者徐煜展綜合報導台北國際車用電子展於南港日熱鬧開場鴻海於現場展出多款熱門電動車以而接下來除了將有量產計劃外納智捷也有望今年推出長續航版納智捷目前上市款車型採用單馬達後驅電池組續航力事實上以前身規格參考本就有大電池與長續航版規劃另外從特殊隱藏模式就能發現大電池版本存在量產大電池版本有望打鐵趁熱搶在今年推出以鴻海目前動向來看表定今年第季推出量產電動車納智捷日前也曝光註冊新車名相信這者有不少關聯雙方將再度合作為台灣國產電動車帶來更多新選擇心得評論雖然不太好聽但是看起來還不錯至少外型有跟上中國電動車裕隆法說直接碾雅特斯拉三月台大家看好嗎,原文標題鴻海納智捷還有長續航大電池將推出續航力原文連結發布時間記者署名記者徐煜展綜合報導原文內容記者徐煜展綜合報導台北國際車用電子展於南港日熱鬧開場鴻海於現場展出多款熱門電動車以而接下來除了將有量產計劃外納智捷也有望今年推出長續航版納智捷目前上市款車型採用單馬達後驅電池組續航力事實上以前身規格參考本就有大電池與長續航版規劃另外從特殊隱藏模式就能發現大電池版本存在量產大電池版本有望打鐵趁熱搶在今年推出以鴻海目前動向來看表定今年第季推出量產電動車納智捷日前也曝光註冊新車名相信這者有不少關聯雙方將再度合作為台灣國產電動車帶來更多新選擇心得評論雖然不太好聽但是看起來還不錯至少外型有跟上中國電動車裕隆法說直接碾雅特斯拉三月台大家看好嗎,"{""文章分類"": ""性價比方面"",""情緒"": ""中性"",}",,
2024-04-18 08:39:29,情報目前全省停止安排交車,佛心廠商今天開盤買爆裕隆不像特斯拉更新要你自己下載我大納智傑有心優質廠商交車前軟體主動安裝最新版本特斯拉公差範圍廣更新要自己來管子破要換整個電池模組聽完特斯拉新聞還是買爆我大納智傑比較安心續航里程太多人測試都是足夠使用北高沒問題,佛心廠商今天開盤買爆裕隆不像特斯拉更新要你自己下載我大納智傑有心優質廠商交車前軟體主動安裝最新版本特斯拉公差範圍廣更新要自己來管子破要換整個電池模組聽完特斯拉新聞還是買爆我大納智傑比較安心續航里程太多人測試都是足夠使用北高沒問題,"{""文章分類"": ""性價比方面"",""情緒"": ""負面""}",,
2024-04-18 11:53:23,討論特斯拉在紐約曼哈頓的表現,上看到國外網友分享的影片最新的在曼哈頓塞車時段分鐘介入完整版這個混亂程度比起台灣有過之而無不及各種不依標線行駛的車輛夾縫中穿梭的腳踏車和滑板車在馬路中央的行人沒想到自動駕駛還能從容應對不知道台灣什麼時候才有機會開放,上看到國外網友分享的影片最新的在曼哈頓塞車時段分鐘介入完整版這個混亂程度比起台灣有過之而無不及各種不依標線行駛的車輛夾縫中穿梭的腳踏車和滑板車在馬路中央的行人沒想到自動駕駛還能從容應對不知道台灣什麼時候才有機會開放,"{""文章分類"": ""安全性方面"",""情緒"": ""負面"",}",,
2024-04-18 12:26:57,新聞特斯拉超派金害車主沒叭叭,特斯拉超派金害車主沒叭叭乙式車險理賠恐飛了發布時間社會中心綜合報導林姓科技公司老闆駕駛特斯拉途中意外被不明掉落物砸壞大電池冷卻液管原廠維修費要價萬元購買乙式車險的他原以為保險會理賠沒想到因為這個意外相當無感導致他沒按喇叭也沒手動輕觸螢幕的行車記錄器圖示因此拿不出證據申請出險保險公司拒絕理賠面對這起無妄之災林老闆求助無門相當無奈除了特斯拉原廠超派保險公司態度也十分強硬直言因為沒有錄到不明掉落物的影像林老闆沒有資格申請出險甚至質疑或許是車體或電池本身的問題特斯拉內建的行車記錄器設定每小時循環錄影若要存檔除了自動還有手動和按喇叭開啟自動模式時行車系統偵測到碰撞等事件時就會儲存當下影像但特斯拉官網強調請勿過度依賴行車記錄器自動錄製所有重大安全事故至於手動和按喇叭模式就得親力親為輕觸螢幕行車紀錄器圖示或按喇叭行車記錄器就會將分鐘前發生的情況儲存為錄影片段不過一名特斯拉車主表示有時候原廠行車記錄器會很模糊甚至錄不到該錄的真的讓人頭疼所以我常建議行家自己花錢外加個行車記錄器這樣會比較安心林老闆說由於當時輾過不明掉落物只有聽到蹦蹦兩聲也不知道冷卻液管會遭波及所以沒有想到要按喇叭記錄影像現在真的無法確定在什麼時間什麼路段壓到那個掉落物頭很痛林老闆雖然已經報案但因為拿不出證據申請出險保險公司拒絕理賠調查台灣一名特斯拉車主和林老闆一樣都是冷卻液管破裂苦主不過卻獲得乙式車險多萬元的理賠意外當天車主瞧見前方有一個比拳頭還大的不明掉落物車一過就聽到很大的撞擊聲接著不到一分鐘就出現動力限制最後整輛車死當事後原廠檢查發現冷卻液管破裂但由於冷卻液管是焊死在大電池上所以得換整套要價約萬元還好我有錄到那個不明掉落物保險公司有理賠目前台灣電動車的車險方案主要比照油車但保險費較貴且願意承保的保險公司並不多月日金管會總算正式核定電動車專屬保險加模式也就是除了電動車專屬的車體險本身另外搭配車體險電池自燃附加條款車體險充電期間附加條款及汽車第三人責任保險充電期間附加條款等個加保商品電動車專屬保險費率將在月底前公布月日正式啟動心得剛伸手下去摸發現原廠軟護板的塑膠卡扣不知道掉多久了還左右兩塊的都掉了虧我年初回廠檢查技師還說底盤沒問題組裝跟後勤真是有夠爛,特斯拉超派金害車主沒叭叭乙式車險理賠恐飛了發布時間社會中心綜合報導林姓科技公司老闆駕駛特斯拉途中意外被不明掉落物砸壞大電池冷卻液管原廠維修費要價萬元購買乙式車險的他原以為保險會理賠沒想到因為這個意外相當無感導致他沒按喇叭也沒手動輕觸螢幕的行車記錄器圖示因此拿不出證據申請出險保險公司拒絕理賠面對這起無妄之災林老闆求助無門相當無奈除了特斯拉原廠超派保險公司態度也十分強硬直言因為沒有錄到不明掉落物的影像林老闆沒有資格申請出險甚至質疑或許是車體或電池本身的問題特斯拉內建的行車記錄器設定每小時循環錄影若要存檔除了自動還有手動和按喇叭開啟自動模式時行車系統偵測到碰撞等事件時就會儲存當下影像但特斯拉官網強調請勿過度依賴行車記錄器自動錄製所有重大安全事故至於手動和按喇叭模式就得親力親為輕觸螢幕行車紀錄器圖示或按喇叭行車記錄器就會將分鐘前發生的情況儲存為錄影片段不過一名特斯拉車主表示有時候原廠行車記錄器會很模糊甚至錄不到該錄的真的讓人頭疼所以我常建議行家自己花錢外加個行車記錄器這樣會比較安心林老闆說由於當時輾過不明掉落物只有聽到蹦蹦兩聲也不知道冷卻液管會遭波及所以沒有想到要按喇叭記錄影像現在真的無法確定在什麼時間什麼路段壓到那個掉落物頭很痛林老闆雖然已經報案但因為拿不出證據申請出險保險公司拒絕理賠調查台灣一名特斯拉車主和林老闆一樣都是冷卻液管破裂苦主不過卻獲得乙式車險多萬元的理賠意外當天車主瞧見前方有一個比拳頭還大的不明掉落物車一過就聽到很大的撞擊聲接著不到一分鐘就出現動力限制最後整輛車死當事後原廠檢查發現冷卻液管破裂但由於冷卻液管是焊死在大電池上所以得換整套要價約萬元還好我有錄到那個不明掉落物保險公司有理賠目前台灣電動車的車險方案主要比照油車但保險費較貴且願意承保的保險公司並不多月日金管會總算正式核定電動車專屬保險加模式也就是除了電動車專屬的車體險本身另外搭配車體險電池自燃附加條款車體險充電期間附加條款及汽車第三人責任保險充電期間附加條款等個加保商品電動車專屬保險費率將在月底前公布月日正式啟動心得剛伸手下去摸發現原廠軟護板的塑膠卡扣不知道掉多久了還左右兩塊的都掉了虧我年初回廠檢查技師還說底盤沒問題組裝跟後勤真是有夠爛,"{""文章分類"": ""安全性方面"",""情緒"": ""負面"",}",,
2024-04-18 14:19:45,討論有無真的差很多嗎,特斯拉從以及年底之後的開始做到真正的加速踏板全放之後車子會減速一直到停止然後會自動住連上下坡也是會自動住跟這種比較起來還要按按鈕或是踩煞車的根本就不是頂多只能叫做按鈕煞車連我的也是要多踩一下煞車才還有其他家也是跟特斯拉一樣只要放開加速踏板就能一路自動減速到停的嗎,特斯拉從以及年底之後的開始做到真正的加速踏板全放之後車子會減速一直到停止然後會自動住連上下坡也是會自動住跟這種比較起來還要按按鈕或是踩煞車的根本就不是頂多只能叫做按鈕煞車連我的也是要多踩一下煞車才還有其他家也是跟特斯拉一樣只要放開加速踏板就能一路自動減速到停的嗎,"{""文章分類"":""安全性方面"",""情緒"":""負面"",}",,
2024-04-18 17:19:06,新聞成功開發變色車少不了元太神助功,原文連結原文內容連年指名與元太合作開發變色車有望為車內耗能減少元太科技提供全球吹起彩色電子紙旋風元太創辦人何壽川談到客戶笑得闔不攏嘴個個是領域裡的大咖如今元太也要自秀實力根據本刊掌握元太總部旁新廠預計在月日股東會展示未來將設置會說話寫字的彩色電子紙牆面何壽川說過去的黑白電子紙主要供閱讀使用現在的彩色電子紙各產業都用得到他以建築業為例說明以前貼大理石磁磚要挖礦現在用電子紙就能做到同樣效果美國加州已將電子紙應用在車牌違規沒繳罰款的車主車牌會變色反黑不能上路本刊調查元太逐漸走出客戶去庫存影響準備搶食彩色電子紙商機新廠將重兵發展大尺寸電子紙顯示器企圖以成本優勢挑戰液晶顯示器市場計畫在月日股東會展示未來可能會選一面牆利用彩色電子紙變成會說話會寫字的牆何壽川說這個想法來自與元太合作年開發變色車的這幾年何壽川埋頭研究從醣找出低碳永續的解方意外在這樁合作案發現天氣酷熱時車體變白反光寒冷時變黑吸熱車內耗能減少決定利用自家新廠做大市場秀彩色電子紙最新技術心得說明字以上沒想到電子紙還能應用在車子上會變色真的帥不是實用性但證明科技的力量元太電子紙這樣的技術厲害在可以用在曲面上吧可運用範圍大像建築的外牆也行現在品牌要越創新越有料吧像特斯拉也是走很前衛的外觀之後還會有什麼顛覆一般思維的車款,原文連結原文內容連年指名與元太合作開發變色車有望為車內耗能減少元太科技提供全球吹起彩色電子紙旋風元太創辦人何壽川談到客戶笑得闔不攏嘴個個是領域裡的大咖如今元太也要自秀實力根據本刊掌握元太總部旁新廠預計在月日股東會展示未來將設置會說話寫字的彩色電子紙牆面何壽川說過去的黑白電子紙主要供閱讀使用現在的彩色電子紙各產業都用得到他以建築業為例說明以前貼大理石磁磚要挖礦現在用電子紙就能做到同樣效果美國加州已將電子紙應用在車牌違規沒繳罰款的車主車牌會變色反黑不能上路本刊調查元太逐漸走出客戶去庫存影響準備搶食彩色電子紙商機新廠將重兵發展大尺寸電子紙顯示器企圖以成本優勢挑戰液晶顯示器市場計畫在月日股東會展示未來可能會選一面牆利用彩色電子紙變成會說話會寫字的牆何壽川說這個想法來自與元太合作年開發變色車的這幾年何壽川埋頭研究從醣找出低碳永續的解方意外在這樁合作案發現天氣酷熱時車體變白反光寒冷時變黑吸熱車內耗能減少決定利用自家新廠做大市場秀彩色電子紙最新技術心得說明字以上沒想到電子紙還能應用在車子上會變色真的帥不是實用性但證明科技的力量元太電子紙這樣的技術厲害在可以用在曲面上吧可運用範圍大像建築的外牆也行現在品牌要越創新越有料吧像特斯拉也是走很前衛的外觀之後還會有什麼顛覆一般思維的車款,"{""文章分類"": ""使用者體驗"",""情緒"": ""正面"",}",,
2024-04-18 18:41:20,分享特斯拉底盤事件不具名原廠詳細回應,以下為車友在群分享的內容轉述我們認真負責的最帥青海店銷售顧問的話大家這起事件引起了社團較多人的關注我這幾天也有請教了原廠技師以及公司的資深夥伴和大家做一些分享和宣導一還原事件其實任何的車子遇到底盤敲擊都有一定的機率會造成部件損壞而這位客人敲擊到的位置並非如大家所說的只是冷卻水管事實上如果只是冷卻水管是可以修復而不需要更換整塊大電池的這位客人撞擊到的位置並不是單一位置而已至於實際損傷內容基於顧客保護原則我可能不便把細節分享給大家其實機率並不高但這件事情之所以會令人感到害怕最主要還是那個萬的費用完全能夠理解各位的擔憂但事實上並不是單一電池就報價萬他是挫傷了很多地方加上檢修工時才會有這個報價的而這個費用正好是或遇上追撞車禍傷了後尾車廂加雙後葉子板版的原廠修復報價價格或者遇上前車蓋內引擎潰縮的總成修復費用真的不是文章說到的那樣石頭點一下就花萬可以確定的是發生這種事的機率目前是年來萬台車裡面第二次相較於任何車子在時速的高速公路上發生車禍撞擊導致損毀並且保險償還金額的數字高於萬的數字機率其實低非常多二如何避免我們完全能夠理解這件事可能會非常駭人會為此想要保護底盤不過假如遇到了類似的事件最應該做的正確流程是聽到異響後盡速尋找並停靠安全路邊報案請警方協助確認並開立三聯單證明立刻按下行車紀錄器存檔按鍵並同時用手機錄影存檔撥電話給保險業務告知此事並確認後續申請保險流程至於最近大家常說安裝下護版其實反而是最不建議的行為站在原廠以及保險的角度假如發生了這樣的事件假如沒有行車紀錄器可以佐證但卻同時使用了非原廠的保護措施那麼原廠是絕對不會溝通關於保固的處理而保險也有可能因使用外場非認證之防護產品導致傷害擴散判定車主有一定責任判定不全部出險的話這樣對車主反而是傷害最大的安全宣導一輔助駕駛的目的是讓我們更輕鬆並且更安全的駕駛他特斯拉雖然安全性高方便性也高但是真的不要再使用輔助駕駛的時候睡覺或者太過於信任他就目前為止特斯拉的輔助駕駛在台灣都還是以人監控為主就法律上而言遇上車禍或者任何事故都是車主須負全責的喔二不檢討被害人整件事件目前都還在溝通並找出最好的做法之中尚未定案也請大家理性討論與溝通尊重有不同立場的其他人三我們台灣特斯拉原廠會在近期發展出電池模組化維修的技術可以有信心的說會在各位的年保固期間內就完成這樣的任務如果里程數很高的請等等我們,以下為車友在群分享的內容轉述我們認真負責的最帥青海店銷售顧問的話大家這起事件引起了社團較多人的關注我這幾天也有請教了原廠技師以及公司的資深夥伴和大家做一些分享和宣導一還原事件其實任何的車子遇到底盤敲擊都有一定的機率會造成部件損壞而這位客人敲擊到的位置並非如大家所說的只是冷卻水管事實上如果只是冷卻水管是可以修復而不需要更換整塊大電池的這位客人撞擊到的位置並不是單一位置而已至於實際損傷內容基於顧客保護原則我可能不便把細節分享給大家其實機率並不高但這件事情之所以會令人感到害怕最主要還是那個萬的費用完全能夠理解各位的擔憂但事實上並不是單一電池就報價萬他是挫傷了很多地方加上檢修工時才會有這個報價的而這個費用正好是或遇上追撞車禍傷了後尾車廂加雙後葉子板版的原廠修復報價價格或者遇上前車蓋內引擎潰縮的總成修復費用真的不是文章說到的那樣石頭點一下就花萬可以確定的是發生這種事的機率目前是年來萬台車裡面第二次相較於任何車子在時速的高速公路上發生車禍撞擊導致損毀並且保險償還金額的數字高於萬的數字機率其實低非常多二如何避免我們完全能夠理解這件事可能會非常駭人會為此想要保護底盤不過假如遇到了類似的事件最應該做的正確流程是聽到異響後盡速尋找並停靠安全路邊報案請警方協助確認並開立三聯單證明立刻按下行車紀錄器存檔按鍵並同時用手機錄影存檔撥電話給保險業務告知此事並確認後續申請保險流程至於最近大家常說安裝下護版其實反而是最不建議的行為站在原廠以及保險的角度假如發生了這樣的事件假如沒有行車紀錄器可以佐證但卻同時使用了非原廠的保護措施那麼原廠是絕對不會溝通關於保固的處理而保險也有可能因使用外場非認證之防護產品導致傷害擴散判定車主有一定責任判定不全部出險的話這樣對車主反而是傷害最大的安全宣導一輔助駕駛的目的是讓我們更輕鬆並且更安全的駕駛他特斯拉雖然安全性高方便性也高但是真的不要再使用輔助駕駛的時候睡覺或者太過於信任他就目前為止特斯拉的輔助駕駛在台灣都還是以人監控為主就法律上而言遇上車禍或者任何事故都是車主須負全責的喔二不檢討被害人整件事件目前都還在溝通並找出最好的做法之中尚未定案也請大家理性討論與溝通尊重有不同立場的其他人三我們台灣特斯拉原廠會在近期發展出電池模組化維修的技術可以有信心的說會在各位的年保固期間內就完成這樣的任務如果里程數很高的請等等我們,"{""文章分類"": ""安全性方面"",""情緒"": ""正面""}",,
2024-04-19 16:26:05,問題特斯拉車禍後報廢的準則,特斯拉因為製程和一般油車不同好像是一體成型的去年竹北的天坑車子吊起來看好像沒怎樣最後就報廢請問特斯拉出了車禍是不是就要有報廢的打算有人可能分享特斯拉報廢的準則嗎,特斯拉因為製程和一般油車不同好像是一體成型的去年竹北的天坑車子吊起來看好像沒怎樣最後就報廢請問特斯拉出了車禍是不是就要有報廢的打算有人可能分享特斯拉報廢的準則嗎,"{""文章分類"": ""安全性方面"",""情緒"": ""負面"",}",,
2024-04-19 21:56:02,問題柏林廠的換了嗎,柏林廠的換了嗎台特今天通知要交車了如果柏林廠的還沒換的話我就想直接交車了不想再等了,柏林廠的換了嗎台特今天通知要交車了如果柏林廠的還沒換的話我就想直接交車了不想再等了,"{""文章分類"":""車輛交付方面"",""情緒"":""正面"",}",,
2024-04-20 10:35:46,情報特斯拉全系降價美國官網,特斯拉美國官網顯示特斯拉價格下調至美元長續航版價格下調至美元高性能版價格下調至美元,特斯拉美國官網顯示特斯拉價格下調至美元長續航版價格下調至美元高性能版價格下調至美元,"{""文章分類"": ""性價比方面"",""情緒"": ""正面"",}",,
2024-04-20 14:13:15,問題該跟誰,後方如果這樣鈑金凹痕跟誰求償你如果是後方車主被困在車陣中無法離開你會如何處理,後方如果這樣鈑金凹痕跟誰求償你如果是後方車主被困在車陣中無法離開你會如何處理,"{""文章分類"":""安全性方面"",""情緒"":""負面"",}",,
2024-04-20 21:55:03,討論二手兩百多萬舒適省油空間大的轎車,如題去年二月買了空間大的沒話說但舒適性油耗就差強人意原先預計一年大概三萬公里油耗每公升公里還能接受但到了現在已經開了四萬六油耗實際上每公升公里而已一筆非常大的開銷所以希望省油一點現在有請助理會在車上會使用筆電希望舒適性好一點目前看過有點失望內裝空間配備沒有想像中的好駕駛座有點擁擠很老氣真的棒好看又帥空間大但價格就而且有點高調我跑客戶都幾十萬小案子去展示間看過而已不太了解想請問一下各位大大還有什麼符合我需求的車可以推薦嗎家裡有充電樁但特斯拉的內裝真的買不太下去目前克難用法後座沒有副駕好座,如題去年二月買了空間大的沒話說但舒適性油耗就差強人意原先預計一年大概三萬公里油耗每公升公里還能接受但到了現在已經開了四萬六油耗實際上每公升公里而已一筆非常大的開銷所以希望省油一點現在有請助理會在車上會使用筆電希望舒適性好一點目前看過有點失望內裝空間配備沒有想像中的好駕駛座有點擁擠很老氣真的棒好看又帥空間大但價格就而且有點高調我跑客戶都幾十萬小案子去展示間看過而已不太了解想請問一下各位大大還有什麼符合我需求的車可以推薦嗎家裡有充電樁但特斯拉的內裝真的買不太下去目前克難用法後座沒有副駕好座,"{""文章分類"": ""使用者體驗"",""情緒"": ""負面"",""內容"": ""空間大但舒適性差，油耗高，內裝配備沒有想像中的好，駕駛座擁擠，價格高調。希望有符合需求的車型推薦。""}",,
2024-04-21 11:32:24,新聞年市值蒸發兆特斯拉設廠中國技術被偷光當,是錯誤的在特斯拉設廠之前中國已經有完整的電動車產業鍊了從電池馬達零組件到整車組裝比較落後的是軟體系統後者是特斯拉強項甚至特斯拉開始做的一體成形大型壓鑄機廠商雖然是義大利的但是很早之前就被香港上市的中資公司力勁集團收購了實際上是中國企業的子公中國很早就有完整的汽車上下游供應鏈這是為什麼特斯拉超級工廠在中國可以成功的關鍵如果說有什麼技術是真的被中國車廠致敬的最主要自動駕駛技術不過這個鍋有一部分是特斯拉當年在講得太深入太多當年成為中國車廠學習的大補丸,是錯誤的在特斯拉設廠之前中國已經有完整的電動車產業鍊了從電池馬達零組件到整車組裝比較落後的是軟體系統後者是特斯拉強項甚至特斯拉開始做的一體成形大型壓鑄機廠商雖然是義大利的但是很早之前就被香港上市的中資公司力勁集團收購了實際上是中國企業的子公中國很早就有完整的汽車上下游供應鏈這是為什麼特斯拉超級工廠在中國可以成功的關鍵如果說有什麼技術是真的被中國車廠致敬的最主要自動駕駛技術不過這個鍋有一部分是特斯拉當年在講得太深入太多當年成為中國車廠學習的大補丸,"{""文章分類"": ""安全性方面"",""情緒"": ""正面"",}",,
2024-04-21 12:24:38,問題交車前多久知道碼,請問車身號碼何時會知道會在交車前多久知道呢,請問車身號碼何時會知道會在交車前多久知道呢,此資訊並未出現在給定的文本中，所以無法從而得知車身號碼在交車前多久會知道。,,
2024-04-21 12:54:47,新聞年市值蒸發兆特斯拉設廠中國技術被偷光當,不管任何立場大家都有一點共識包括中國人自己也承認就是中國在油車技術上落後西方所以才傾力發展電動車那就奇怪了西方各大汽車廠已經進入中國三四十年了而且還是跟當地廠商合資怎麼技術就沒被偷呢看到很多特斯拉技術被中國偷的指控可是從來沒看到有人具體指出究竟是哪一項技術被偷到底是電池管理自駕系統還是什麼完全沒有細節和證據只有籠統的指控這種指控跟現實完全兜不攏特斯拉領先的電池管理技術現在依然領先特斯拉的自駕系統跟中國主流的自駕系統根本是不同的技術路線至於特斯拉使用的一體成型壓鑄難道別人就不能用了嗎豐田也開始嘗試一體成型壓鑄這也算偷嗎特斯拉的權益有被侵害嗎,不管任何立場大家都有一點共識包括中國人自己也承認就是中國在油車技術上落後西方所以才傾力發展電動車那就奇怪了西方各大汽車廠已經進入中國三四十年了而且還是跟當地廠商合資怎麼技術就沒被偷呢看到很多特斯拉技術被中國偷的指控可是從來沒看到有人具體指出究竟是哪一項技術被偷到底是電池管理自駕系統還是什麼完全沒有細節和證據只有籠統的指控這種指控跟現實完全兜不攏特斯拉領先的電池管理技術現在依然領先特斯拉的自駕系統跟中國主流的自駕系統根本是不同的技術路線至於特斯拉使用的一體成型壓鑄難道別人就不能用了嗎豐田也開始嘗試一體成型壓鑄這也算偷嗎特斯拉的權益有被侵害嗎,"{""文章分類"": ""性價比方面"",""情緒"": ""負面"",}",,
2024-04-21 12:57:36,情報特斯拉推遲或取消平價車計畫,內文大意雖然馬誼郎嘴硬說路透社說謊但特斯拉在這波裁員裡把許多參與開發的人都裁掉了資金也全都拉去項目心得也是啦一來做不贏中國車海窮鬼們買了也不會加購等於陷入硬體按成本賣軟體也抽不到營收的窘境徒佔產能而已但把資源都搬去就無法理解了有待特粉解答,內文大意雖然馬誼郎嘴硬說路透社說謊但特斯拉在這波裁員裡把許多參與開發的人都裁掉了資金也全都拉去項目心得也是啦一來做不贏中國車海窮鬼們買了也不會加購等於陷入硬體按成本賣軟體也抽不到營收的窘境徒佔產能而已但把資源都搬去就無法理解了有待特粉解答,"{""文章分類"":""性價比方面"",""情緒"":""負面"",}",,
2024-04-21 17:58:50,問題請問特斯拉的業代到底幫客戶什麼,我真的搞不懂訂一台特斯拉只會催你交車然後什麼保險隔熱紙配件完全不包全都要客人自己處理全台灣的車廠也只有特斯拉業代這樣幹吧所以特斯拉的業代到底替客人做了什麼的售後服務,我真的搞不懂訂一台特斯拉只會催你交車然後什麼保險隔熱紙配件完全不包全都要客人自己處理全台灣的車廠也只有特斯拉業代這樣幹吧所以特斯拉的業代到底替客人做了什麼的售後服務,"{""文章分類"": ""服務方面"",""情緒"": ""負面"",}",,
2024-04-21 20:25:35,情報特斯拉降價,應該很多人都知道特斯拉業績不好裁員為了拼業績全球大降價根據今天匯率非國產進口的長續航版本才萬要是開放手癢想買,應該很多人都知道特斯拉業績不好裁員為了拼業績全球大降價根據今天匯率非國產進的長續航版本才萬要是開放手癢想買,"{""文章分類"":""性價比方面"",""情緒"":""負面"",}",,
2024-04-22 10:13:07,情報特斯拉推遲或取消平價車計畫,暈我一直在等他出平價車現在倒好說不出就不出還好我不急著用車我可能再等等吧畢竟我也沒有非特斯拉不可不過想問前輩看看他出平價車的可能性高嗎不高的話我可能直接買,暈我一直在等他出平價車現在倒好說不出就不出還好我不急著用車我可能再等等吧畢竟我也沒有非特斯拉不可不過想問前輩看看他出平價車的可能性高嗎不高的話我可能直接買,"{""文章分類"": ""性價比方面"",""情緒"": ""負面"",}",,
2024-04-22 11:14:13,問題特斯拉業務很急,之前聽別人說特斯拉業務不是很在乎業績因為都是在網路上付下訂為什麼我遇到的業務很急看個煥新版一直在那邊恐還沒開放試駕就一堆人訂了還在開油車不快換已經浪費很多錢了以後開放試駕一定會漲價國外已經賣的比還貴了公司要安排試駕人力開放試駕一定漲所以特斯拉業務到底多急我騎機車去的欸就不想他們理我我想自己摸看看結果鎖了一堆功能連窗戶都不能關,之前聽別人說特斯拉業務不是很在乎業績因為都是在網路上付下訂為什麼我遇到的業務很急看個煥新版一直在那邊恐還沒開放試駕就一堆人訂了還在開油車不快換已經浪費很多錢了以後開放試駕一定會漲價國外已經賣的比還貴了公司要安排試駕人力開放試駕一定漲所以特斯拉業務到底多急我騎機車去的欸就不想他們理我我想自己摸看看結果鎖了一堆功能連窗戶都不能關,"{""文章分類"": ""使用者體驗"",""情緒"": ""負面""}",,
2024-04-22 14:17:14,新聞影竟是肥皂惹的禍在美召回近,影竟是肥皂惹的禍在美召回近輛特斯拉眾所矚目的全尺寸不鏽鋼皮卡於去年底正式首波交車但在交車的幾個月裡卻故障頻傳但大多都能使用更新解決不過這次美國國家公路交通安全管理局卻強制要求召回近輛就只是因為一塊肥皂根據在召回文件中寫道德州奧斯汀工廠未依規定使用肥皂當作潤滑劑以便順利將油門踏板上的金屬飾板安裝上去此舉雖然能潤利安裝飾板但殘留的肥皂也使得飾板無法固定從而向前推出卡住油門造成爆衝風險表示此次召回影響年月日至年月日期間生產的所有年款車輛在關於此次召回的文件中聲稱當對油門踏板上施加很大的力度時其飾板可能會移位這可能會導致踏板被卡在踏板上方的內裝中目前相關單位已經聯繫要求提供有關此問題的更多資訊這次事件與的許多召回事件不同無法透過簡單的無線更新來修復必須讓車主將開回服務中心進行免費維修看影片前會覺得這新聞在公撒小看完影片會覺得撒小雙面膠就可以解決的問題,影竟是肥皂惹的禍在美召回近輛特斯拉眾所矚目的全尺寸不鏽鋼皮卡於去年底正式首波交車但在交車的幾個月裡卻故障頻傳但大多都能使用更新解決不過這次美國國家公路交通安全管理局卻強制要求召回近輛就只是因為一塊肥皂根據在召回文件中寫道德州奧斯汀工廠未依規定使用肥皂當作潤滑劑以便順利將油門踏板上的金屬飾板安裝上去此舉雖然能潤利安裝飾板但殘留的肥皂也使得飾板無法固定從而向前推出卡住油門造成爆衝風險表示此次召回影響年月日至年月日期間生產的所有年款車輛在關於此次召回的文件中聲稱當對油門踏板上施加很大的力度時其飾板可能會移位這可能會導致踏板被卡在踏板上方的內裝中目前相關單位已經聯繫要求提供有關此問題的更多資訊這次事件與的許多召回事件不同無法透過簡單的無線更新來修復必須讓車主將開回服務中心進行免費維修看影片前會覺得這新聞在公撒小看完影片會覺得撒小雙面膠就可以解決的問題,"{""文章分類"": ""安全性方面"",""情緒"": ""負面"",}",,
2024-04-22 17:08:04,情報特斯拉推遲或取消平價車計畫,目前在上得知的資訊可能有誤大家可以討論一下的車跟是同一條產線的車是使用電池但量產進度不如預期導致無法滿足市場需求的量的進展超乎預期也不再受算力限制再加上以上第二點的因素進而把重心導向目前可能的方向是生產先以滿足為主歐美市場的車再以滿足不易執行的市場為主印度中國,目前在上得知的資訊可能有誤大家可以討論一下的車跟是同一條產線的車是使用電池但量產進度不如預期導致無法滿足市場需求的量的進展超乎預期也不再受算力限制再加上以上第二點的因素進而把重心導向目前可能的方向是生產先以滿足為主歐美市場的車再以滿足不易執行的市場為主印度中國,"{""文章分類"":""安全性方面"",""情緒"":""正面"",}",,
2024-04-22 18:59:14,討論全新雙年薪要多少才能買,說實在的這個問題討論在多核心問題就是一個啦你買了這台車會不會影響你的生活冠宇我在竹科當打工仔啦由於這幾年新竹苗栗因為眾所皆知的原因房價暴漲因此很多新的菜逼八看到房價後直接躺平不買房改買車仔細想其實可以理解房地產雖然穩健但也很難臨時套現再加上目前的房價很難再說有往上噴的套利空間以目前新竹三房兩千萬起跳你頭期四百下去青春年華都要被每個月的房貸綁住且大多數外地打工仔多半都覺得新竹是個鳥地方完全不想在這地方落地生根綜合以上所說現在不少新人工作一年就直接信貸買雙或特斯拉上個禮拜一個臭小子年資不到兩年就給我買了一台冠宇我在停車場看到直流口水跟這些人喇賽一下多半都有共同的特點啦不打算在新竹買房不打算結婚生小孩所以就去買台車反正也不知道買什麼再加上竹科仔信貸利率隨便談都在上下而且雙碰到臨時要用錢的情況賣二手套現也快因此說只要在不影響你生活的情況下買台自己喜歡的車問題不大錢這種生不帶來死不帶去的東西存在多也只是存摺上的一抹數字買台米漿來體驗駕駛樂趣何嘗不是一種人生體驗開個三五年賣掉買台牛頭牌也沒差至少你在青春的尾巴有開過了你自己喜歡的車不是嗎,說實在的這個問題討論在多核心問題就是一個啦你買了這台車會不會影響你的生活冠宇我在竹科當打工仔啦由於這幾年新竹苗栗因為眾所皆知的原因房價暴漲因此很多新的菜逼八看到房價後直接躺平不買房改買車仔細想其實可以理解房地產雖然穩健但也很難臨時套現再加上目前的房價很難再說有往上噴的套利空間以目前新竹三房兩千萬起跳你頭期四百下去青春年華都要被每個月的房貸綁住且大多數外地打工仔多半都覺得新竹是個鳥地方完全不想在這地方落地生根綜合以上所說現在不少新人工作一年就直接信貸買雙或特斯拉上個禮拜一個臭小子年資不到兩年就給我買了一台冠宇我在停車場看到直流水跟這些人喇賽一下多半都有共同的特點啦不打算在新竹買房不打算結婚生小孩所以就去買台車反正也不知道買什麼再加上竹科仔信貸利率隨便談都在上下而且雙碰到臨時要用錢的情況賣二手套現也快因此說只要在不影響你生活的情況下買台自己喜歡的車問題不大錢這種生不帶來死不帶去的東西存在多也只是存摺上的一抹數字買台米漿來體驗駕駛樂趣何嘗不是一種人生體驗開個三五年賣掉買台牛頭牌也沒差至少你在青春的尾巴有開過了你自己喜歡的車不是嗎,"{""文章分類"": ""使用者體驗"",""情緒"": ""正面"",}",,
2024-04-23 10:50:02,新聞德國電動車銷量暴跌特斯拉跌,德國第一季電動車銷量暴跌特斯拉跌幅更達原文連結原文內容聯合新聞網記者趙駿宏綜合報導德國自年月突然將電動車稅收優惠補助措施終止後隨即反映在市場銷售面上到了年第一季結束電動車銷量較去年大幅下降從輛降至輛根據德國聯邦汽車運輸管理局的數據顯示歐洲汽車市場上電動車銷量的下降極為明顯和大在年第一季的電動車銷量均較去年同期下降同時和的降幅更超過然而這些進入電車領域的傳統車廠並不是唯一感到壓力的人即便是電動車龍頭特斯拉已經是第一季在德國銷售最多電動車的廠商達到輛但和年第一季的輛相比仍然大幅下降了即便大環境如此還是有少數車廠在第一季時有著不錯表現如的電動車銷量年增達到輛的電動車銷量大幅成長達輛則小幅成長為輛則顯著成長和則各交付超過輛電動車分別成長和除了純電車的銷量下降輛外新能源車包括純電車插電式混合動力車和氫燃料電池車陣容的銷量下降幅度較小僅輛這也表示其他種類的混合動力補上了新能源車款銷量缺口心得說明感覺歐美對於電動車的態度越來越保守會不會油電混合動力才是自小客車的未來,德國第一季電動車銷量暴跌特斯拉跌幅更達原文連結原文內容聯合新聞網記者趙駿宏綜合報導德國自年月突然將電動車稅收優惠補助措施終止後隨即反映在市場銷售面上到了年第一季結束電動車銷量較去年大幅下降從輛降至輛根據德國聯邦汽車運輸管理局的數據顯示歐洲汽車市場上電動車銷量的下降極為明顯和大在年第一季的電動車銷量均較去年同期下降同時和的降幅更超過然而這些進入電車領域的傳統車廠並不是唯一感到壓力的人即便是電動車龍頭特斯拉已經是第一季在德國銷售最多電動車的廠商達到輛但和年第一季的輛相比仍然大幅下降了即便大環境如此還是有少數車廠在第一季時有著不錯表現如的電動車銷量年增達到輛的電動車銷量大幅成長達輛則小幅成長為輛則顯著成長和則各交付超過輛電動車分別成長和除了純電車的銷量下降輛外新能源車包括純電車插電式混合動力車和氫燃料電池車陣容的銷量下降幅度較小僅輛這也表示其他種類的混合動力補上了新能源車款銷量缺心得說明感覺歐美對於電動車的態度越來越保守會不會油電混合動力才是自小客車的未來,"{""文章分類"":""性價比方面"",""情緒"":""負面"",}",,
2024-04-23 11:33:56,討論的門把設計十個人有九個不會用,先分享一個電影場景搜尋推文很多人沒看影片會以為是在說和那種腦殘創新外門把但原是指車內的開門按鈕實際這種電子開門蠻好的省力按一下就推出去了安全結合盲點偵測可以避免三寶式開門傷害經過的兩輪騎士有些人會說覺得怪不直覺不會開但其實只是和傳統的不同我個人認為其實更直覺不會開只是違反以前的舊習慣而已推門用拉的才不直覺吧缺點是車子沒電或盲點故障的時候可能會開不了但從影片也可以看到三家都有保留機械式的開關福特的最直覺把機械開關的位置和無縫結合拉到底就行特斯拉在車窗開關前面的位置我個人認為甚至比電子開門按鈕還就手有些人第一次下車會直接拉那個但其實很不好還會跳警告因為那是應急用途用那個有可能無框玻璃沒降好下次關門直接把玻璃弄破了科技就是要拿來改善安全性這種創新我覺得蠻好的不是為創新而創新像自從自動遠燈在熱門車標配之後就能感受到一路開著遠光的車變少了要三寶馬上變少是很困難的但用科技可以很即時的阻止三寶行為很棒理論上只要是然後有盲點雷達現在除非特殊情況正常應該都會有吧都能夠透過軟體更新達到這個功能目前知道有的車有和一些中國車但是目前有宣傳把盲點整合進去的好像只有另外現代有告警功能但沒有阻止開門以上有誤請指正我真心認為這是個很簡單但能救命的創新希望特斯拉和福特之後能啟用這功能更新兩年前的一個討論這個只是輔助能救多一人是多一人當然不可能完全靠它就算有這功能乘客還是可以拉機械開關強制開門害死騎士啊,先分享一個電影場景搜尋推文很多人沒看影片會以為是在說和那種腦殘創新外門把但原是指車內的開門按鈕實際這種電子開門蠻好的省力按一下就推出去了安全結合盲點偵測可以避免三寶式開門傷害經過的兩輪騎士有些人會說覺得怪不直覺不會開但其實只是和傳統的不同我個人認為其實更直覺不會開只是違反以前的舊習慣而已推門用拉的才不直覺吧缺點是車子沒電或盲點故障的時候可能會開不了但從影片也可以看到三家都有保留機械式的開關福特的最直覺把機械開關的位置和無縫結合拉到底就行特斯拉在車窗開關前面的位置我個人認為甚至比電子開門按鈕還就手有些人第一次下車會直接拉那個但其實很不好還會跳警告因為那是應急用途用那個有可能無框玻璃沒降好下次關門直接把玻璃弄破了科技就是要拿來改善安全性這種創新我覺得蠻好的不是為創新而創新像自從自動遠燈在熱門車標配之後就能感受到一路開著遠光的車變少了要三寶馬上變少是很困難的但用科技可以很即時的阻止三寶行為很棒理論上只要是然後有盲點雷達現在除非特殊情況正常應該都會有吧都能夠透過軟體更新達到這個功能目前知道有的車有和一些中國車但是目前有宣傳把盲點整合進去的好像只有另外現代有告警功能但沒有阻止開門以上有誤請指正我真心認為這是個很簡單但能救命的創新希望特斯拉和福特之後能啟用這功能更新兩年前的一個討論這個只是輔助能救多一人是多一人當然不可能完全靠它就算有這功能乘客還是可以拉機械開關強制開門害死騎士啊,"{""文章分類"":""安全性方面"",""情緒"":""正面"",}",,
2024-04-23 23:46:42,新聞每賣一台就賠萬元專家直言大量中國電動車廠恐倒閉,原文連結原文內容每賣一台就賠萬元專家直言大量中國電動車廠恐倒閉儘管中國電動車市場發展蓬勃但過多的電動車廠相互廝殺後不但賺不到錢每賣一台車還要賠萬元台幣中國國務院國有資產監督管理委員會專家吳松泉指出中國境內銷售的電動車廠普遍都是虧損狀態每賣一輛車要賠掉萬至萬元人民幣約萬至萬元台幣只有特斯拉比亞迪與理想共家電動車品牌獲利吳松泉表示至年中國汽車業營收從兆成長到兆然而獲利率卻從掉到比工業企業平均水準還要低年前兩個月更慘獲利率更是下探到汽車零件大廠中國總裁徐大全也說中國電動車的賠錢賣的方式將導致大量中國電動車廠慘遭淘汰出局心得說明字以上現在整個中國車市內卷到卷過頭了只是台灣現階段不可能直接進中國車所以中國車企少了一個能倒貨的地方,原文連結原文內容每賣一台就賠萬元專家直言大量中國電動車廠恐倒閉儘管中國電動車市場發展蓬勃但過多的電動車廠相互廝殺後不但賺不到錢每賣一台車還要賠萬元台幣中國國務院國有資產監督管理委員會專家吳松泉指出中國境內銷售的電動車廠普遍都是虧損狀態每賣一輛車要賠掉萬至萬元人民幣約萬至萬元台幣只有特斯拉比亞迪與理想共家電動車品牌獲利吳松泉表示至年中國汽車業營收從兆成長到兆然而獲利率卻從掉到比工業企業平均水準還要低年前兩個月更慘獲利率更是下探到汽車零件大廠中國總裁徐大全也說中國電動車的賠錢賣的方式將導致大量中國電動車廠慘遭淘汰出局心得說明字以上現在整個中國車市內卷到卷過頭了只是台灣現階段不可能直接進中國車所以中國車企少了一個能倒貨的地方,"{""文章分類"":""性價比方面"",""情緒"":""負面"",}",,
2024-04-24 01:10:48,電車第四代發表,官方半小時前發片目前只有美國官網有資料極速零百秒比最低規快不更新看來把銷量寄託在跟這兩部了第四代是官方說這台用了第四代的馬達更新台灣也上了秒元,官方半小時前發片目前只有美國官網有資料極速零百秒比最低規快不更新看來把銷量寄託在跟這兩部了第四代是官方說這台用了第四代的馬達更新台灣也上了秒元,"{""文章分類"": ""性價比方面"",""情緒"": ""負面""}",,
2024-04-24 09:16:57,電車特斯拉萬,台灣售價出爐萬台幣這個價格算貴嗎,台灣售價出爐萬台幣這個價格算貴嗎,"{""文章分類"":""性價比方面"",""情緒"":""負面"",}",,
2024-04-24 15:01:47,討論選測標準,就加減參考參考就好了現在有第一手的緩撞車路測統計比更有參考價值希望後續能有單位或人能持續統計下相關的新聞照片影片整理好各廠牌車型撞上防撞車總整理畢竟是實驗室環境的測試不是說沒有參考價值至於緩撞車則是實測就像武器系統在實驗室測試或是演習時打打標靶這都有一定的參考價值但最終一番兩瞪眼的還是要看戰場上實際的戰績有經過實戰的武器跟那種只有演習時打過的武器意義還是不同的當然演習表現就很差的武器實戰多半也是不行的就是了,就加減參考參考就好了現在有第一手的緩撞車路測統計比更有參考價值希望後續能有單位或人能持續統計下相關的新聞照片影片整理好各廠牌車型撞上防撞車總整理畢竟是實驗室環境的測試不是說沒有參考價值至於緩撞車則是實測就像武器系統在實驗室測試或是演習時打打標靶這都有一定的參考價值但最終一番兩瞪眼的還是要看戰場上實際的戰績有經過實戰的武器跟那種只有演習時打過的武器意義還是不同的當然演習表現就很差的武器實戰多半也是不行的就是了,"{""文章分類"": ""安全性方面"",""情緒"": ""正面"",}",,
2024-04-24 21:15:31,問題剛入手要上哪些課程,我車主關於這台車在車板就跟南部人在八卦板一樣各種被臭還不如讓真的長期持有的人說點話三缸引擎抖動問題入檔怠速是真的抖就三缸車尤其從換成感受很明顯油耗差高速市區油耗大概到南科通勤塞車油耗大概比以前的老車好很多但比其他新車也輸很多既然買車了不用為了油耗關冷氣折磨自己油耗沒差多少但胎壓不要亂打太高原廠高於抓力可能會降一些要小心另外不要開節能模式只會讓人開起來很不爽踩深才有動力油耗還不一定好異音門板內飾冬天時偶有異音小困擾音響有人說爛但多數評測都還有不差的評價當然沒有賓士柏林之音這麼厲害但說爛的八成能夠聽出核電還是火電音質吧輔助駕駛網路上非腦粉有討論聽說只比差我是不知道真假但真的很好用車維高低速跟車的加減速和方向盤控制都表現很好雖然開高速就算手握緊方向盤不偶爾動一下方向盤系統還是會要求你握好方向盤但還是要說開車要自己開車就只是輔助開車要自己開車就只是輔助開車要自己開車就只是輔助換檔頓挫問題不知道在講什麼速度到就可以到八檔了不拉轉根本沒有什麼頓挫不喜的人去開水塞問題這是需要注意的問題我自己還沒遇到但年式有收到召回通知但我覺得給人攻牙上螺絲比較一勞永逸隔音問題很吵換胎才有解其他隔音表現中規中矩動力輪上我猜可能才吧比起是會輸的整體來說夠用了適合日常代步開冷氣隨便亂踩都有秒台操控轉向很準極限和抓力都很不錯但會推頭多連桿後懸吊很抓可能對有些人來說略顯無趣陳意凡的試駕麗寶彎超級測試在永安單圈成績小輸除了底盤表現略輸變速箱遲鈍也是主因駝鹿測試麋鹿測試測出的成績比還要好很多我猜得益於的撞測目前為止的測試中整體分數最高電子配備自動控制方面的東西都很好雨刷大燈什麼的給得很有誠意保養普通保養比貴幹整體來說在萬內應該是安全性操控性動力配備最好的選擇但油耗不頂尖小問題也不少略有困擾我自己覺得還好操控樂趣可以抵銷掉這些問題的煩躁感就算平常上下班慢慢開仍然會讓人開上癮的,我車主關於這台車在車板就跟南部人在八卦板一樣各種被臭還不如讓真的長期持有的人說點話三缸引擎抖動問題入檔怠速是真的抖就三缸車尤其從換成感受很明顯油耗差高速市區油耗大概到南科通勤塞車油耗大概比以前的老車好很多但比其他新車也輸很多既然買車了不用為了油耗關冷氣折磨自己油耗沒差多少但胎壓不要亂打太高原廠高於抓力可能會降一些要小心另外不要開節能模式只會讓人開起來很不爽踩深才有動力油耗還不一定好異音門板內飾冬天時偶有異音小困擾音響有人說爛但多數評測都還有不差的評價當然沒有賓士柏林之音這麼厲害但說爛的八成能夠聽出核電還是火電音質吧輔助駕駛網路上非腦粉有討論聽說只比差我是不知道真假但真的很好用車維高低速跟車的加減速和方向盤控制都表現很好雖然開高速就算手握緊方向盤不偶爾動一下方向盤系統還是會要求你握好方向盤但還是要說開車要自己開車就只是輔助開車要自己開車就只是輔助開車要自己開車就只是輔助換檔頓挫問題不知道在講什麼速度到就可以到八檔了不拉轉根本沒有什麼頓挫不喜的人去開水塞問題這是需要注意的問題我自己還沒遇到但年式有收到召回通知但我覺得給人攻牙上螺絲比較一勞永逸隔音問題很吵換胎才有解其他隔音表現中規中矩動力輪上我猜可能才吧比起是會輸的整體來說夠用了適合日常代步開冷氣隨便亂踩都有秒台操控轉向很準極限和抓力都很不錯但會推頭多連桿後懸吊很抓可能對有些人來說略顯無趣陳意凡的試駕麗寶彎超級測試在永安單圈成績小輸除了底盤表現略輸變速箱遲鈍也是主因駝鹿測試麋鹿測試測出的成績比還要好很多我猜得益於的撞測目前為止的測試中整體分數最高電子配備自動控制方面的東西都很好雨刷大燈什麼的給得很有誠意保養普通保養比貴幹整體來說在萬內應該是安全性操控性動力配備最好的選擇但油耗不頂尖小問題也不少略有困擾我自己覺得還好操控樂趣可以抵銷掉這些問題的煩躁感就算平常上下班慢慢開仍然會讓人開上癮的,"{""文章分類"":""使用者體驗"",""情緒"":""混合"",}",,
2024-04-25 09:19:47,問題那款最抗跌,電車在台灣的困境就是充電樁不夠且分佈不周全要碼集中一區要碼一個都沒開個長途還要花時間找電充更何況山區根本幾乎沒得充出去玩光里程焦慮就讓人卻步然後不知道電車結構關係外型很龐大沉重內部空間卻緊迫這是去試駕特斯拉的感覺也許內裝是豬隊友光是那泡綿感和吸髒仿麂皮就讓我雞皮疙瘩最後還有一個大魔王就是像不定時炸彈的大電池鋰電池本來就容易起火不耐碰撞社會新聞也時有所聞當然車用也許做得比較安全但本質還是鋰電池而且鋰電池壽命不常我長期使用多個行動電源有些年就沒電有些是有電但效率越來越差我想裝在車上也是以上這些問題我在試駕時都有和業務提起他也很乾脆得回我那就不要買給各位參考,電車在台灣的困境就是充電樁不夠且分佈不周全要碼集中一區要碼一個都沒開個長途還要花時間找電充更何況山區根本幾乎沒得充出去玩光里程焦慮就讓人卻步然後不知道電車結構關係外型很龐大沉重內部空間卻緊迫這是去試駕特斯拉的感覺也許內裝是豬隊友光是那泡綿感和吸髒仿麂皮就讓我雞皮疙瘩最後還有一個大魔王就是像不定時炸彈的大電池鋰電池本來就容易起火不耐碰撞社會新聞也時有所聞當然車用也許做得比較安全但本質還是鋰電池而且鋰電池壽命不常我長期使用多個行動電源有些年就沒電有些是有電但效率越來越差我想裝在車上也是以上這些問題我在試駕時都有和業務提起他也很乾脆得回我那就不要買給各位參考,"{""文章分類"": ""性價比方面"",""情緒"": ""負面""}",,
2024-04-25 10:57:02,電車特斯拉萬,有人整理這個台灣買是從德國來的所以比較不盤買是從美國來的雖然美國是未稅價但美國也有補貼所以台灣買比較盤些但不管或是版本都相對不盤但比較特別的是日本是從那進口的一台不用萬台幣,有人整理這個台灣買是從德國來的所以比較不盤買是從美國來的雖然美國是未稅價但美國也有補貼所以台灣買比較盤些但不管或是版本都相對不盤但比較特別的是日本是從那進的一台不用萬台幣,"{""文章分類"": ""性價比方面"",""情緒"": ""中性"",}",,
2024-04-25 11:22:58,新聞年保養成本最低品牌特斯拉超越,原文連結年保養成本最低品牌特斯拉超越奪冠作者發布日期年月日原文內容電動車目前售價雖高於燃油車但卻能夠在保養方面省下一些錢消費者報告研究發現以養車年為基準計算特斯拉已經超越成為最好養的車美國最新研究調查發現在持有車輛十年期間特斯拉車主的平均花費約為美元新台幣萬成為保養成本最低的車輛而台灣人最愛的則與美國品牌並列第二名調查將時間分為前年和年兩個區段因為通常五年內新車的損耗品較少而且還有較大範圍的保固或是購車贈送的保養優惠真正燒錢的是從第年開始特斯拉車主前五年的平均保養費用約為美元幾乎只有的一半但在後年這個保養費用就增加到美元只比少了美元這項調查也讓一項大家都知道的事情變得更具體那就是豪車保養費用究竟有多可怕保養費用最高昂的三個品牌分別是和他們的十年保養費用都超過萬美元甚至高達美元差不多是一輛平價新車的售價了作為對比這些保養費用高昂的車輛光是五年內新車的保養費就跟別克特斯拉和的十年保養費用差不多下次跟朋友抱怨保養費用時記得先問一下他開什麼車以免野人獻曝必須指出這項調查僅限於保養和一般維修不包含事故維修如果考量到車禍維修費用大概很難有車廠能跟抗衡如果你是為了養車成本而購買特斯拉務必要先理解它的保養費用雖然是平民等級但維修費用卻是豪車級這項調查僅限於美國未必能反映其他地區狀況而且除了保養之外持有車輛的成本相當複雜燃料電費稅金停車甚至是二手價格都可以是討論範圍考慮購車的朋友如果很在意持有成本還是得根據自己的情況精算一下至於家裏很多車的朋友特斯拉作為娛樂用車可以說是相當划算心得說明字以上節錄幾個車廠保養金額換算台幣以匯率計五年內持有十年合計現代換算起來扣除車損維修保養金額跟台灣差距很大嗎美國維修工資金額應該比我們高吧原文及網址連結心得或意見字不含標點符號,原文連結年保養成本最低品牌特斯拉超越奪冠作者發布日期年月日原文內容電動車目前售價雖高於燃油車但卻能夠在保養方面省下一些錢消費者報告研究發現以養車年為基準計算特斯拉已經超越成為最好養的車美國最新研究調查發現在持有車輛十年期間特斯拉車主的平均花費約為美元新台幣萬成為保養成本最低的車輛而台灣人最愛的則與美國品牌並列第二名調查將時間分為前年和年兩個區段因為通常五年內新車的損耗品較少而且還有較大範圍的保固或是購車贈送的保養優惠真正燒錢的是從第年開始特斯拉車主前五年的平均保養費用約為美元幾乎只有的一半但在後年這個保養費用就增加到美元只比少了美元這項調查也讓一項大家都知道的事情變得更具體那就是豪車保養費用究竟有多可怕保養費用最高昂的三個品牌分別是和他們的十年保養費用都超過萬美元甚至高達美元差不多是一輛平價新車的售價了作為對比這些保養費用高昂的車輛光是五年內新車的保養費就跟別克特斯拉和的十年保養費用差不多下次跟朋友抱怨保養費用時記得先問一下他開什麼車以免野人獻曝必須指出這項調查僅限於保養和一般維修不包含事故維修如果考量到車禍維修費用大概很難有車廠能跟抗衡如果你是為了養車成本而購買特斯拉務必要先理解它的保養費用雖然是平民等級但維修費用卻是豪車級這項調查僅限於美國未必能反映其他地區狀況而且除了保養之外持有車輛的成本相當複雜燃料電費稅金停車甚至是二手價格都可以是討論範圍考慮購車的朋友如果很在意持有成本還是得根據自己的情況精算一下至於家裏很多車的朋友特斯拉作為娛樂用車可以說是相當划算心得說明字以上節錄幾個車廠保養金額換算台幣以匯率計五年內持有十年合計現代換算起來扣除車損維修保養金額跟台灣差距很大嗎美國維修工資金額應該比我們高吧原文及網址連結心得或意見字不含標點符號,"{""文章分類"": ""性價比方面"",""情緒"": ""正面"",""保養金額換算台幣"": {""特斯拉"": ""約新台幣萬元"",""別克"": ""約新台幣萬元"",""和"": ""約新台幣萬元""},""台幣差額"": ""台幣萬元""}",,
2024-04-25 12:28:29,電車特斯拉萬,我們用為例美國牌價假設進口完稅價格含運費跟保險也是用匯率來算約當萬來到台灣後加上的關稅後是萬電動車貨物稅萬以下免稅萬以上減半徵收是所以貨物稅是萬所以加起來就是萬加上營業稅後等於萬其實比售價少萬左右同樣德國進口的在德國牌價一樣當作進口完稅價用匯率計算後是萬加上關稅後是萬加上貨物稅後是萬加上營業稅後是萬然後台特賣你萬,我們用為例美國牌價假設進完稅價格含運費跟保險也是用匯率來算約當萬來到台灣後加上的關稅後是萬電動車貨物稅萬以下免稅萬以上減半徵收是所以貨物稅是萬所以加起來就是萬加上營業稅後等於萬其實比售價少萬左右同樣德國進的在德國牌價一樣當作進完稅價用匯率計算後是萬加上關稅後是萬加上貨物稅後是萬加上營業稅後是萬然後台特賣你萬,"{""文章分類"": ""性價比方面"",""情緒"": ""負面""}",,
2024-04-25 13:31:23,新聞特斯拉自動駕駛撞死人男開車滑手機,原文連結原文內容特斯拉自動駕駛撞死人男開車滑手機當場輾斃歲機車騎士記者李振慧綜合報導美國華盛頓歲男子杭特使用特斯拉自動駕駛功能時意外撞上一輛機車導致歲男騎士尼森摔出車外遭輾當場被宣告死亡讓他因為駕車殺人罪被捕事件日下午時分左右發生在華盛頓州馬爾特比法律文件顯示歲男子杭特坐在轎車上時使用自動駕駛功能車子加速向前衝時他突然聽到一聲巨響發現車子竟然撞上前方機車騎士尼森調查人員表示尼森被撞到摔下了車又被特斯拉輾過導致重傷當場死亡死者家屬表示尼森今年月即將滿歲雖然尚未結婚但非常疼愛他的姪子和姪女是一名好叔叔杭特被捕後坦承在開車上路前有喝過一杯酒不過酒駕測試顯示體內酒精為正常值由於事故發生時他正在使用手機警方懷疑駕駛時分心是造成不幸事件的主因死者家屬傷心呼籲大眾開車時請不要使用手機它可能在一分鐘內就奪走人命當你開車時你掌握的是自己和別人的生命請認真看待心得說明字以上不管哪牌輔助駕駛使用人使用習慣才是重點現在上國道看一堆人玩手機看車機影片睡覺等緩撞車前擺交通錐也是沒用的,原文連結原文內容特斯拉自動駕駛撞死人男開車滑手機當場輾斃歲機車騎士記者李振慧綜合報導美國華盛頓歲男子杭特使用特斯拉自動駕駛功能時意外撞上一輛機車導致歲男騎士尼森摔出車外遭輾當場被宣告死亡讓他因為駕車殺人罪被捕事件日下午時分左右發生在華盛頓州馬爾特比法律文件顯示歲男子杭特坐在轎車上時使用自動駕駛功能車子加速向前衝時他突然聽到一聲巨響發現車子竟然撞上前方機車騎士尼森調查人員表示尼森被撞到摔下了車又被特斯拉輾過導致重傷當場死亡死者家屬表示尼森今年月即將滿歲雖然尚未結婚但非常疼愛他的姪子和姪女是一名好叔叔杭特被捕後坦承在開車上路前有喝過一杯酒不過酒駕測試顯示體內酒精為正常值由於事故發生時他正在使用手機警方懷疑駕駛時分心是造成不幸事件的主因死者家屬傷心呼籲大眾開車時請不要使用手機它可能在一分鐘內就奪走人命當你開車時你掌握的是自己和別人的生命請認真看待心得說明字以上不管哪牌輔助駕駛使用人使用習慣才是重點現在上國道看一堆人玩手機看車機影片睡覺等緩撞車前擺交通錐也是沒用的,"{""文章分類"": ""安全性方面"",""情緒"": ""負面"",}",,
2024-04-26 08:32:35,電車台灣特斯拉降價,原來後驅版是降到降幅是降到降幅版是降到降幅這次後驅版降最多,原來後驅版是降到降幅是降到降幅版是降到降幅這次後驅版降最多,"{""文章分類"":""性價比方面"",""情緒"":""負面"",}",,
2024-04-26 09:08:39,電車台灣特斯拉降價,特斯拉出現錯誤台灣版誤植趕快爆買特斯拉現買現賺萬大家可以看看是網頁錯誤還是整個都錯誤,特斯拉出現錯誤台灣版誤植趕快爆買特斯拉現買現賺萬大家可以看看是網頁錯誤還是整個都錯誤,"{""文章分類"": ""使用者體驗"",""情緒"": ""負面""}",,
2024-04-26 09:17:09,情報特斯拉推遲或取消平價車計畫,特斯拉周二表示將在明年下半年之前推出新車款包括更經濟實惠的平價車這提升這家正苦於因應激烈競爭和需求降溫的電動車製造商沒有說明新產品相關細節但表示它們這些車會在現有生產線上產製使用現有平台和下一代平台的某些部分但有可能導特斯拉還提到專用的無人自動駕駛計程車產品該公司計劃打造一個革這家汽車製造商說推出新車型的計畫將使其能在不確定時期更好地控制資本支出儘管特斯拉在收盤後公布上季業績疲軟但談及會有更多經濟型車款的言論令投資人備感期執行長說看來最壞情況已經反映在股價上了已經在路透社發新聞當天出來澄清了原看到了還說嘴硬財報又在強調一次沒有中止也明確告知生產計畫截自財報第頁不知道版友仍然在板上發佈無法確認真實的小道消息是什麼意思呢嘻嘻版主怎麼看,特斯拉周二表示將在明年下半年之前推出新車款包括更經濟實惠的平價車這提升這家正苦於因應激烈競爭和需求降溫的電動車製造商沒有說明新產品相關細節但表示它們這些車會在現有生產線上產製使用現有平台和下一代平台的某些部分但有可能導特斯拉還提到專用的無人自動駕駛計程車產品該公司計劃打造一個革這家汽車製造商說推出新車型的計畫將使其能在不確定時期更好地控制資本支出儘管特斯拉在收盤後公布上季業績疲軟但談及會有更多經濟型車款的言論令投資人備感期執行長說看來最壞情況已經反映在股價上了已經在路透社發新聞當天出來澄清了原看到了還說嘴硬財報又在強調一次沒有中止也明確告知生產計畫截自財報第頁不知道版友仍然在板上發佈無法確認真實的小道消息是什麼意思呢嘻嘻版主怎麼看,"{""文章分類"": ""性價比方面"",""情緒"": ""負面""}",,
2024-04-26 12:25:23,電車台灣特斯拉降價,我特發信更新訂單了有人會問如果交車前又漲怎麼辦業務說就是你下訂到交車這段期間最低的訂價如果是他牌的話只有漲價的份但可以買到台灣人最缺的尊榮感漲價其實降價才會被笑,我特發信更新訂單了有人會問如果交車前又漲怎麼辦業務說就是你下訂到交車這段期間最低的訂價如果是他牌的話只有漲價的份但可以買到台灣人最缺的尊榮感漲價其實降價才會被笑,"{""文章分類"": ""性價比方面"",""情緒"": ""正面""}",,
2024-04-26 13:02:51,電車台灣特斯拉降價,我是買車那時候還沒改晶片外觀是白色不用加錢之前在等車期等到電車變新車改成白色要加三萬車價漲萬結果交車時除了電車變車依舊白色車價也沒漲買到撞到,我是買車那時候還沒改晶片外觀是白色不用加錢之前在等車期等到電車變新車改成白色要加三萬車價漲萬結果交車時除了電車變車依舊白色車價也沒漲買到撞到,"{""文章分類"": ""性價比方面"",""情緒"": ""負面"",}",,
2024-04-26 13:26:47,電車台灣特斯拉降價,可惜台灣沒有強的國產電車廠關稅保護保護這麼多年結果就是扶不起的阿斗弄成現在台灣人買進口車超貴的看看中國的比亞迪台只要萬台幣就整個把特斯拉打趴掉便宜治百病啦中國只要稍微努力存錢人人都可以買得起比亞迪到現在台灣的特斯拉還是有錢人的玩具而已路上跑的電車還是少少數根本沒辦法普及化那也根本沒有到處設充電樁的必要啦要講的就像你看到的那樣,可惜台灣沒有強的國產電車廠關稅保護保護這麼多年結果就是扶不起的阿斗弄成現在台灣人買進車超貴的看看中國的比亞迪台只要萬台幣就整個把特斯拉打趴掉便宜治百病啦中國只要稍微努力存錢人人都可以買得起比亞迪到現在台灣的特斯拉還是有錢人的玩具而已路上跑的電車還是少少數根本沒辦法普及化那也根本沒有到處設充電樁的必要啦要講的就像你看到的那樣,"{""文章分類"": ""性價比方面"",""情緒"": ""負面""}",,
2024-04-26 13:52:39,電車台灣特斯拉降價,我是前年九月開放訂車當天去年月底交車的車主對就是那次剛好遇到降價萬的驚喜不過我當時是匯車款隔天宣布降價萬以特斯拉的政策就是只要是交車前的降價全部都會退給你不過會在交車後兩到三週才退到你的帳戶所以恭喜目前在等車的車主啦,我是前年九月開放訂車當天去年月底交車的車主對就是那次剛好遇到降價萬的驚喜不過我當時是匯車款隔天宣布降價萬以特斯拉的政策就是只要是交車前的降價全部都會退給你不過會在交車後兩到三週才退到你的帳戶所以恭喜目前在等車的車主啦,"{""文章分類"": ""車輛交付方面"",""情緒"": ""正面""}",,
2024-04-26 15:32:35,討論降到多少可以血洗市場啊,還沒降價前已經一夫當關幹掉了如果降到萬原本在考慮的應該會有不少人跳船估計進口車只有能賣贏了年度台灣進口車銷售總榜車款年累計銷量年累計銷量年累計銷量年累計銷量年累計銷量年累計銷量年累計銷量呵呵當然不可能全部都變成啦但只要跑掉張單子年度銷量就超越了,還沒降價前已經一夫當關幹掉了如果降到萬原本在考慮的應該會有不少人跳船估計進車只有能賣贏了年度台灣進車銷售總榜車款年累計銷量年累計銷量年累計銷量年累計銷量年累計銷量年累計銷量年累計銷量呵呵當然不可能全部都變成啦但只要跑掉張單子年度銷量就超越了,"{""文章分類"": ""性價比方面"",""情緒"": ""負面"",}",,
2024-04-26 16:51:58,心得賞車心得,心血來潮身為年到現在長持的奈米股東總要去看看新進步多少目前後全車系車燈都有自動遠近自動遮蔽硬體規格也是了內裝氛圍高級感有做出來雖然氣氛燈沒啥了不起但燈條環艙的感覺還不錯方向盤的握感也和舊款差很多尤其是關門的紮實聲國內外們所言不假除了隔音因為前後雙層玻璃大進步音響我也覺得進化了音質變得很通透環繞感變強真的不輸進口豪華選配有趣的是開門的時候音響會降低音量關上門又恢復不知道為啥後箱打開下面的燈會自動亮起也有方向燈還有一個我覺得有感升級的是後座泡棉不一樣變的比較貼合身體軟很多好坐很多板凳感我覺得還好身高前座我坐姿參考後座這塊螢幕很滑順不卡頓跟一樣順比的略小可以玩遊戲看影片聲音也只從後座出控制副駕前後也可以鎖黑屏不給小孩動空調全部由前面控制總之是蠻有感的升級車價沒升級還給你降價產品力真的不錯認識的舊款車主都心癢癢業務說還不能試可能要第第季才有試駕車訂單配額都先給車主跟我說可以試駕感受一下說開起來的感受非常像隔音阿路感什麼的都對標我還是想等或小改雖然小孩很想要除了降價也降價萬囉車色任選匹零百才萬好誇張的值有空可以去賞車啦特斯拉展間業務給人的感覺還不錯沒啥壓力也不會一直跟屁蟲,心血來潮身為年到現在長持的奈米股東總要去看看新進步多少目前後全車系車燈都有自動遠近自動遮蔽硬體規格也是了內裝氛圍高級感有做出來雖然氣氛燈沒啥了不起但燈條環艙的感覺還不錯方向盤的握感也和舊款差很多尤其是關門的紮實聲國內外們所言不假除了隔音因為前後雙層玻璃大進步音響我也覺得進化了音質變得很通透環繞感變強真的不輸進豪華選配有趣的是開門的時候音響會降低音量關上門又恢復不知道為啥後箱打開下面的燈會自動亮起也有方向燈還有一個我覺得有感升級的是後座泡棉不一樣變的比較貼合身體軟很多好坐很多板凳感我覺得還好身高前座我坐姿參考後座這塊螢幕很滑順不卡頓跟一樣順比的略小可以玩遊戲看影片聲音也只從後座出控制副駕前後也可以鎖黑屏不給小孩動空調全部由前面控制總之是蠻有感的升級車價沒升級還給你降價產品力真的不錯認識的舊款車主都心癢癢業務說還不能試可能要第第季才有試駕車訂單配額都先給車主跟我說可以試駕感受一下說開起來的感受非常像隔音阿路感什麼的都對標我還是想等或小改雖然小孩很想要除了降價也降價萬囉車色任選匹零百才萬好誇張的值有空可以去賞車啦特斯拉展間業務給人的感覺還不錯沒啥壓力也不會一直跟屁蟲,"{""文章分類"": ""使用者體驗"",""情緒"": ""正面"",}",,
2024-04-26 17:51:57,心得相隔四年換開箱菁英隔熱紙,大家好距離上次開箱後也過了四年本來因為空間需求的關係買了這台車經歷小孩長大後出門也少帶推車跟隨身行李也變少也好巧不巧的前兩年買了預售屋選到了電動車的車位幾經思考後提前換車買了一台回來接替附上一張在新竹監理站最後的身影雖然已經買了好幾個月但每當在路上看到這台車還是會很懷年開這台車的日子的交車介紹網路上很多人拍過我這邊就附上一張當天覺得最帥氣的角度朋友看到白內裝真的覺得我很敢有兩個小孩甚至有狗的情況下敢選白內裝不怕髒嗎一開始下訂我也沒選但白內裝就是有一股讓人想加價的魔力後來問了業務後就還是不後悔的加價選了白內裝順便罵一下台特我買車時的業務可以服務到一半消失完全沒讀訊息也是蠻厲害我只能靠上網爬文跟後面出現的交付小幫手來解決疑惑原本簽約的業務真的到現在還是未讀訊息那特斯拉大家應該知道沒有所謂的交車禮送隔熱紙之類有的沒的所以買車的當下就又在思考到底要貼哪一家的隔熱紙但我其實也沒思考太久因為爬了一輪隔熱紙的品牌後發現沒體驗過的我還是不曉得效果如何加上原本丹龍其實用了四年後還是蠻不錯的所以就決定繼續沿用在上面了那原本的協進因為後來就沒做了我光是先問有做隔熱紙的店家就相對少了再考慮到我要的品牌還好最後在中和找到奕盛於是約了時間後就到店家那邊施工這次我的隔熱紙是菁英前檔車身的組合本來是全車但後來其實我又因為後座隱密性的問題我又再次去貼了一層變的跟效果差不多所以這次不浪費時間直接改的組合施工過程其實蠻久的整台車下來要至少四個小時據老闆表示是因為這台車真的太難貼光前檔就需要三人才能施工我沒事的情況下也就在那邊看師傅施工整個過程只能說真的好漫長啊基本的車內保護就不用多講了做的很確實店貓還會上來幫忙巡視看有沒有哪裡有問題的那這家施工過程中我自己覺得比較特別的地方是店家是有特別在天花板上裝上灑水系統因為貼隔熱紙其實最怕所謂的灰塵所以老闆會用純水來進行噴灑減少灰塵飄在空中而且只要有人開店面的門關起來就又再噴灑一次我個人是覺得蠻新奇的也蠻注意細節的幾個施工畫面快速帶過前檔這一大片真的是搞最久的光是塑型就吹了很久然後標記位置進行裁切到三個人一起貼光前檔應該就一小時左右了吧最後一樣分享貼完後的效果那整體效果還是一如往常的不錯隱密跟透光性我本來最擔心的是前檔這麼一大片就算貼隔熱紙應該還是會因為透光面積大車內會熱但幾次停在路邊後上車或是開車過程中都不會有太陽的直曬感車內溫度大約都維持度左右是有比以前的度相對低一些但因為交車時的教學我沒記錯是有說能最省電所以我也就繼續沿用這溫度了以上還是不怎麼專業的開箱分享給大家參考,大家好距離上次開箱後也過了四年本來因為空間需求的關係買了這台車經歷小孩長大後出門也少帶推車跟隨身行李也變少也好巧不巧的前兩年買了預售屋選到了電動車的車位幾經思考後提前換車買了一台回來接替附上一張在新竹監理站最後的身影雖然已經買了好幾個月但每當在路上看到這台車還是會很懷年開這台車的日子的交車介紹網路上很多人拍過我這邊就附上一張當天覺得最帥氣的角度朋友看到白內裝真的覺得我很敢有兩個小孩甚至有狗的情況下敢選白內裝不怕髒嗎一開始下訂我也沒選但白內裝就是有一股讓人想加價的魔力後來問了業務後就還是不後悔的加價選了白內裝順便罵一下台特我買車時的業務可以服務到一半消失完全沒讀訊息也是蠻厲害我只能靠上網爬文跟後面出現的交付小幫手來解決疑惑原本簽約的業務真的到現在還是未讀訊息那特斯拉大家應該知道沒有所謂的交車禮送隔熱紙之類有的沒的所以買車的當下就又在思考到底要貼哪一家的隔熱紙但我其實也沒思考太久因為爬了一輪隔熱紙的品牌後發現沒體驗過的我還是不曉得效果如何加上原本丹龍其實用了四年後還是蠻不錯的所以就決定繼續沿用在上面了那原本的協進因為後來就沒做了我光是先問有做隔熱紙的店家就相對少了再考慮到我要的品牌還好最後在中和找到奕盛於是約了時間後就到店家那邊施工這次我的隔熱紙是菁英前檔車身的組合本來是全車但後來其實我又因為後座隱密性的問題我又再次去貼了一層變的跟效果差不多所以這次不浪費時間直接改的組合施工過程其實蠻久的整台車下來要至少四個小時據老闆表示是因為這台車真的太難貼光前檔就需要三人才能施工我沒事的情況下也就在那邊看師傅施工整個過程只能說真的好漫長啊基本的車內保護就不用多講了做的很確實店貓還會上來幫忙巡視看有沒有哪裡有問題的那這家施工過程中我自己覺得比較特別的地方是店家是有特別在天花板上裝上灑水系統因為貼隔熱紙其實最怕所謂的灰塵所以老闆會用純水來進行噴灑減少灰塵飄在空中而且只要有人開店面的門關起來就又再噴灑一次我個人是覺得蠻新奇的也蠻注意細節的幾個施工畫面快速帶過前檔這一大片真的是搞最久的光是塑型就吹了很久然後標記位置進行裁切到三個人一起貼光前檔應該就一小時左右了吧最後一樣分享貼完後的效果那整體效果還是一如往常的不錯隱密跟透光性我本來最擔心的是前檔這麼一大片就算貼隔熱紙應該還是會因為透光面積大車內會熱但幾次停在路邊後上車或是開車過程中都不會有太陽的直曬感車內溫度大約都維持度左右是有比以前的度相對低一些但因為交車時的教學我沒記錯是有說能最省電所以我也就繼續沿用這溫度了以上還是不怎麼專業的開箱分享給大家參考,"{""文章分類"": ""使用者體驗"",""情緒"": ""正面"",}",,
2024-04-26 19:22:08,新聞年維修成本誰最省美消費者報告特,原文連結原文內容年維修成本誰最省美消費者報告特斯拉勝豐田車子在路上奔馳難免需要維修保養根據美國消費者報告調查在眾多汽車品牌當中特斯拉的電動車在長達年的維修開銷對比豐田別克等廠牌都更便宜引用消費者報告數據該報告針對車主提供的保養維修費用統計發現特斯拉車主在十年期間的維修成本通常只要美元約新台幣萬元平均每年花費美元約新台幣萬元低於豐田別克等汽車廠牌報導認為特斯拉的維修成本較低主要是電動馬達和電池的運動部件比內燃機動力系統少需要的定期維護較少發生故障的可能性也較低消費者報告汽車數據分析項目負責人埃萊克指出老特斯拉車主可能需要更換電池等昂貴物件類似情況很少發生反而在寶馬等其他豪華車身上問題往往更常見開銷也更昂貴不過報導也提到特斯拉車主前五年平均保養費用大約美元約新台幣萬元幾乎只有的半但後五年保養費用增加到美元約新台幣萬元和豐田的差距也縮小心得說明字以上現在降價又維修費用統計比牛頭牌便宜好消息不斷會不會過陣子股價又噴上來台灣牛頭牌現在每一萬定保差不多快元,原文連結原文內容年維修成本誰最省美消費者報告特斯拉勝豐田車子在路上奔馳難免需要維修保養根據美國消費者報告調查在眾多汽車品牌當中特斯拉的電動車在長達年的維修開銷對比豐田別克等廠牌都更便宜引用消費者報告數據該報告針對車主提供的保養維修費用統計發現特斯拉車主在十年期間的維修成本通常只要美元約新台幣萬元平均每年花費美元約新台幣萬元低於豐田別克等汽車廠牌報導認為特斯拉的維修成本較低主要是電動馬達和電池的運動部件比內燃機動力系統少需要的定期維護較少發生故障的可能性也較低消費者報告汽車數據分析項目負責人埃萊克指出老特斯拉車主可能需要更換電池等昂貴物件類似情況很少發生反而在寶馬等其他豪華車身上問題往往更常見開銷也更昂貴不過報導也提到特斯拉車主前五年平均保養費用大約美元約新台幣萬元幾乎只有的半但後五年保養費用增加到美元約新台幣萬元和豐田的差距也縮小心得說明字以上現在降價又維修費用統計比牛頭牌便宜好消息不斷會不會過陣子股價又噴上來台灣牛頭牌現在每一萬定保差不多快元,"{""文章分類"": ""性價比方面"",""情緒"": ""正面"",}",,
2024-04-26 22:02:33,新聞突破中國低價競爭特斯拉正走入重新調,補充一些資訊福斯集團已經宣布使用華為的智能駕駛方案簽約小鵬汽車電動平台讓比亞迪後現在電池電機電控全部比亞迪這兩天宣布使用長安汽車的電動平台自起已經替代日本成為全球最大的汽車輸出國電車燃油車比亞迪奇瑞吉利三間車廠今年陸續發佈可以續航的混動車款這些品牌車廠面前小米汽車都遠遠還排不上號以上種種今天汽車品質與技術已經不是可以嘲笑的事情了其實在歐洲特斯拉跟的電動車正在相同的價格區間競爭早已經不是低價低品質搶市場的事情最後補上德國之聲對本週北京車展的報導人家沒做到叫做吹有做到應叫做啥看似規格很厲害但根本還沒資格出海真正出海猛的是奇瑞東風傳統車廠的確已經做到出口就加價賣其實還沒經歷時間的驗證加上產能與供應鏈要出海的確還早但就這台創業發表作而言成熟度很高吉利比較扯搞到要發射衛星噓啥全球國際機場不都這樣標注,補充一些資訊福斯集團已經宣布使用華為的智能駕駛方案簽約小鵬汽車電動平台讓比亞迪後現在電池電機電控全部比亞迪這兩天宣布使用長安汽車的電動平台自起已經替代日本成為全球最大的汽車輸出國電車燃油車比亞迪奇瑞吉利三間車廠今年陸續發佈可以續航的混動車款這些品牌車廠面前小米汽車都遠遠還排不上號以上種種今天汽車品質與技術已經不是可以嘲笑的事情了其實在歐洲特斯拉跟的電動車正在相同的價格區間競爭早已經不是低價低品質搶市場的事情最後補上德國之聲對本週北京車展的報導人家沒做到叫做吹有做到應叫做啥看似規格很厲害但根本還沒資格出海真正出海猛的是奇瑞東風傳統車廠的確已經做到出就加價賣其實還沒經歷時間的驗證加上產能與供應鏈要出海的確還早但就這台創業發表作而言成熟度很高吉利比較扯搞到要發射衛星噓啥全球國際機場不都這樣標注,"{""文章分類"": ""使用者體驗"",""情緒"": ""負面"",}",,
2024-04-27 14:49:57,新聞中國燃油車佔比首次跌破,原文連結原文內容根據中國全國乘聯會最新公佈的數據今年月到日為止的市場零售銷量為萬輛批發銷量則為萬輛其中電動車零售銷量萬輛批發銷量萬輛在整體汽車市場佔比分別為與雙雙超過一半顯示電動車正式成為中國車市主流同時也意味著電動車已經成為中國消費者主流選擇燃油車佔比更首度跌破中國電動車大廠比亞迪今年初發表的一系列榮耀版電動車如秦與驅逐艦讓電比油低成為現實並衝擊燃油車市場而受到比亞迪降價影響不少車廠也跟進降價且被捲入這一波價格戰的車廠不乏以燃油車為主的合資品牌豐田凱美瑞曾是日系級車的大熱門今年初該車在換代的同時也降低售價如今已下探到人民幣萬之間年前若想買輛豐田轎車同樣預算能看的車款只有和雷凌即使已經降價並增加配備曾經作為日系級車標杆的凱美瑞還是難挽狂瀾凱美瑞上月銷量僅為輛甚至比月下滑昔日的日系標杆車款如今縱使降價也難賣凱美瑞在懂車帝級車銷量排行榜前位中是唯一一台未出現淡季銷量回升的車款目前看來同樣祭出降價優惠電動車銷量扶搖直上合資品牌則多數顯得效果不佳根據中國乘聯會統計的今年月零售銷量排行榜中銷量前十名品牌中自主品牌如比亞迪吉利長安奇瑞均出現較大成長表現除豪華品牌北京賓士之外的合資品牌均呈現下降或保持微幅成長在行駛平順性跟動力方面跟燃油車相比電動車有巨大的天然優勢且燃油車在續航能力也比不過油電混合車甚至到了電池成本逐漸下降的現在燃油車甚至就連價格優勢也已經喪失排氣量大的跑車性能車等產品目前則算是燃油車和電動車為數不多的區分點不過依目前趨勢來看即便是走玩樂和高性能的少數路線燃油車也顯得有些內外交困像是特斯拉的版本以及中國國內極氪等車款都在高性能領域給燃油車增添壓力比亞迪的仰望系列除高端豪華外玩樂屬性也較強此外不少經典的燃油性能車車款也開始擁抱純電跟油電混合技術像是賓士高性能部門的標杆產品上周更進化成油電混合版不論從性價比還是市場區隔表現來看燃油車正面臨嚴重的存在危機心得說明字以上燃油車在中國節節敗退一台賣人民幣萬也賣不贏電動車隨著電動車技術不斷進步續航力和充電便利性日漸提升加上價格更具競爭力消費者對電動車的青睞度大增相比之下燃油車缺乏明顯優勢在環保和能源效益上也落後電動車一大步燃油車的生存空間正面臨嚴峻考驗原文及網址連結心得或意見字不含標點符號一起努力,原文連結原文內容根據中國全國乘聯會最新公佈的數據今年月到日為止的市場零售銷量為萬輛批發銷量則為萬輛其中電動車零售銷量萬輛批發銷量萬輛在整體汽車市場佔比分別為與雙雙超過一半顯示電動車正式成為中國車市主流同時也意味著電動車已經成為中國消費者主流選擇燃油車佔比更首度跌破中國電動車大廠比亞迪今年初發表的一系列榮耀版電動車如秦與驅逐艦讓電比油低成為現實並衝擊燃油車市場而受到比亞迪降價影響不少車廠也跟進降價且被捲入這一波價格戰的車廠不乏以燃油車為主的合資品牌豐田凱美瑞曾是日系級車的大熱門今年初該車在換代的同時也降低售價如今已下探到人民幣萬之間年前若想買輛豐田轎車同樣預算能看的車款只有和雷凌即使已經降價並增加配備曾經作為日系級車標杆的凱美瑞還是難挽狂瀾凱美瑞上月銷量僅為輛甚至比月下滑昔日的日系標杆車款如今縱使降價也難賣凱美瑞在懂車帝級車銷量排行榜前位中是唯一一台未出現淡季銷量回升的車款目前看來同樣祭出降價優惠電動車銷量扶搖直上合資品牌則多數顯得效果不佳根據中國乘聯會統計的今年月零售銷量排行榜中銷量前十名品牌中自主品牌如比亞迪吉利長安奇瑞均出現較大成長表現除豪華品牌北京賓士之外的合資品牌均呈現下降或保持微幅成長在行駛平順性跟動力方面跟燃油車相比電動車有巨大的天然優勢且燃油車在續航能力也比不過油電混合車甚至到了電池成本逐漸下降的現在燃油車甚至就連價格優勢也已經喪失排氣量大的跑車性能車等產品目前則算是燃油車和電動車為數不多的區分點不過依目前趨勢來看即便是走玩樂和高性能的少數路線燃油車也顯得有些內外交困像是特斯拉的版本以及中國國內極氪等車款都在高性能領域給燃油車增添壓力比亞迪的仰望系列除高端豪華外玩樂屬性也較強此外不少經典的燃油性能車車款也開始擁抱純電跟油電混合技術像是賓士高性能部門的標杆產品上周更進化成油電混合版不論從性價比還是市場區隔表現來看燃油車正面臨嚴重的存在危機心得說明字以上燃油車在中國節節敗退一台賣人民幣萬也賣不贏電動車隨著電動車技術不斷進步續航力和充電便利性日漸提升加上價格更具競爭力消費者對電動車的青睞度大增相比之下燃油車缺乏明顯優勢在環保和能源效益上也落後電動車一大步燃油車的生存空間正面臨嚴峻考驗原文及網址連結心得或意見字不含標點符號一起努力,"{""文章分類"": ""性價比方面"",""情緒"": ""負面"",}",,
2024-04-28 02:40:00,電車特斯拉改款後座有螢幕萬,昨天去試乘順便看改款的業務有傳簡訊不過新版沒有試乘車第一次開他的方向盤很簡潔我喜歡現在的車做的太花俏失去操控的本能特斯拉才能純粹的操控的新改款入門價的方向盤覺得真是我的菜的改款,昨天去試乘順便看改款的業務有傳簡訊不過新版沒有試乘車第一次開他的方向盤很簡潔我喜歡現在的車做的太花俏失去操控的本能特斯拉才能純粹的操控的新改款入門價的方向盤覺得真是我的菜的改款,"{  ""文章分類"": ""使用者體驗"",  ""情緒"": ""正面""}",,
2024-04-28 13:25:33,情報華為自駕挑戰,上有人在發起挑戰內容如下華為城區的視頻都看了一遍把無加速無剪輯露大屏的視頻基本上逐幀分析了一遍目前的結論是目前要好倍以上如果認為有任何華為智駕視頻無加速無剪輯露大屏可以在公里以上不出現車道線識別異常的或者任何可以在早晚高峰公里以上不出現油門幹預的可以把視頻鏈接私信發我我刪掉這條評論目前帖子還在持續追蹤一刀不剪雲觀光問界挑戰北京城區智能駕駛嗶哩嗶哩司機表示避讓邏輯比較合理沒有傻等的情況被白車行人公交車嚇住開始傻等司機偷偷幹預油門共計次被自行車攔住不敢超車司機說我們輕點一下踏板然後幹預油門次倍加速的時候偷偷幹預油門次交警要求停車人工接管次並停車配合調查偷偷幹預油門一次司機為避讓後方車輛踩剎車緊急接管次智駕無法識別車道線要求緊急接管次重新開啟後再次要求接管共計接管次無法識別車道線要求緊急接管次司機沒吭聲視頻直接結束評視頻太多剪輯很多地方沒有辦法判斷有沒有接管只能帶著最大的善意認為剪掉的鏡頭都沒有接管總的來說全程公里累計幹預油門次其中偷偷幹預了次接管了次偷偷接管了次其中除了配合交警那一次以外我認為有次屬於安全性接管最終成績是無安全接管里程公里無接管里程公里無幹預里程公里測評誠信指數到底什麽水平做真實智駕一鏡到底阿維塔華為版本顆激光雷達輔助駕駛嗶哩嗶哩卡住了非安全接管次危險蛇行建議安全接管堵塞交通建議接管減速不及時建議安全接管危險蛇行建議安全接管識別不了車道安全接管次依賴過時地圖信息錯誤認為有紅綠燈油門幹預次沒有精準識別車道建議安全接管跟著別人的屁股不知道應該繞行非安全接管次依賴過時地圖信息錯誤認為有紅綠燈油門幹預次沒有精準識別車道在主道和輔道之間危險蛇行建議安全接管突然卡住不走了幹預油門次車道識別異常安全性接管次無法識別遠處紅綠燈幹預油門次評視頻一鏡到底博主對接管與駕駛幹預非常透明測試結果可信度非常高不過整體接管閾值太高了風格過於激進很多地方為了保險起見建議還是接管更好如果是我來開的話可能會有額外的次接管總的來說全程公里累計接管次其中安全接管次其它駕駛幹預累計次最終成績是無安全接管里程公里無接管里程公里無幹預里程公里測試誠信指數測試舒適指數補個訊息特斯拉已經在德國道路上向政府人員展示其輔助駕駛能力演示對象為瑞典交通運輸管理局高級顧問領英顯示特斯拉全球政策負責人和高級輔助駕駛測試運營負責人帶他體驗了駕駛的過程他們乘坐的是一輛安裝了最新版的公里接管次,上有人在發起挑戰內容如下華為城區的視頻都看了一遍把無加速無剪輯露大屏的視頻基本上逐幀分析了一遍目前的結論是目前要好倍以上如果認為有任何華為智駕視頻無加速無剪輯露大屏可以在公里以上不出現車道線識別異常的或者任何可以在早晚高峰公里以上不出現油門幹預的可以把視頻鏈接私信發我我刪掉這條評論目前帖子還在持續追蹤一刀不剪雲觀光問界挑戰北京城區智能駕駛嗶哩嗶哩司機表示避讓邏輯比較合理沒有傻等的情況被白車行人公交車嚇住開始傻等司機偷偷幹預油門共計次被自行車攔住不敢超車司機說我們輕點一下踏板然後幹預油門次倍加速的時候偷偷幹預油門次交警要求停車人工接管次並停車配合調查偷偷幹預油門一次司機為避讓後方車輛踩剎車緊急接管次智駕無法識別車道線要求緊急接管次重新開啟後再次要求接管共計接管次無法識別車道線要求緊急接管次司機沒吭聲視頻直接結束評視頻太多剪輯很多地方沒有辦法判斷有沒有接管只能帶著最大的善意認為剪掉的鏡頭都沒有接管總的來說全程公里累計幹預油門次其中偷偷幹預了次接管了次偷偷接管了次其中除了配合交警那一次以外我認為有次屬於安全性接管最終成績是無安全接管里程公里無接管里程公里無幹預里程公里測評誠信指數到底什麽水平做真實智駕一鏡到底阿維塔華為版本顆激光雷達輔助駕駛嗶哩嗶哩卡住了非安全接管次危險蛇行建議安全接管堵塞交通建議接管減速不及時建議安全接管危險蛇行建議安全接管識別不了車道安全接管次依賴過時地圖信息錯誤認為有紅綠燈油門幹預次沒有精準識別車道建議安全接管跟著別人的屁股不知道應該繞行非安全接管次依賴過時地圖信息錯誤認為有紅綠燈油門幹預次沒有精準識別車道在主道和輔道之間危險蛇行建議安全接管突然卡住不走了幹預油門次車道識別異常安全性接管次無法識別遠處紅綠燈幹預油門次評視頻一鏡到底博主對接管與駕駛幹預非常透明測試結果可信度非常高不過整體接管閾值太高了風格過於激進很多地方為了保險起見建議還是接管更好如果是我來開的話可能會有額外的次接管總的來說全程公里累計接管次其中安全接管次其它駕駛幹預累計次最終成績是無安全接管里程公里無接管里程公里無幹預里程公里測試誠信指數測試舒適指數補個訊息特斯拉已經在德國道路上向政府人員展示其輔助駕駛能力演示對象為瑞典交通運輸管理局高級顧問領英顯示特斯拉全球政策負責人和高級輔助駕駛測試運營負責人帶他體驗了駕駛的過程他們乘坐的是一輛安裝了最新版的公里接管次,"{""文章分類"": ""安全性方面"",""情緒"": ""混合"",}",,
2024-04-29 06:58:19,情報華為自駕挑戰,想問問有沒有這方面的從業人員啊我雖然是念商科也知道車子的自動駕駛很仰賴來執行必要操作剛隨便搜了一下的也是靠設計製造的晶片來實現自動駕駛美國不早就禁賣高階晶片給中國了他們是用什麼樣的晶片來讓車子自動駕駛啊,想問問有沒有這方面的從業人員啊我雖然是念商科也知道車子的自動駕駛很仰賴來執行必要操作剛隨便搜了一下的也是靠設計製造的晶片來實現自動駕駛美國不早就禁賣高階晶片給中國了他們是用什麼樣的晶片來讓車子自動駕駛啊,"{""文章分類"":""安全性方面"",""情緒"":""正面"",}",,
2024-04-29 11:50:48,討論這感覺已經不對,之前特斯拉傳要推出平價車我本來要買看到這個消息想說等看看特斯拉出的平價車因為我對於內裝性能外型很講究或許特斯拉會為我帶來驚喜可是最近看起來雷聲大雨點小這感覺已經不對看起來好像沒有要出了有前輩有這方面的消息嗎,之前特斯拉傳要推出平價車我本來要買看到這個消息想說等看看特斯拉出的平價車因為我對於內裝性能外型很講究或許特斯拉會為我帶來驚喜可是最近看起來雷聲大雨點小這感覺已經不對看起來好像沒有要出了有前輩有這方面的消息嗎,"{""文章分類"": ""性價比方面"",""情緒"": ""未知"",}",,
2024-04-29 12:31:50,心得特斯拉煥新版試駕心得,完整圖文這次試駕的是全輪驅動版有選配烈焰紅車漆吋輪圈輪胎尺寸搭配的原廠胎是馬牌靜音型輪胎車尾底盤有擴散器的設計應該是為了更好的空氣動力學效益煥新版實際開起來之後最明顯的感受差異就是新的懸吊系統用了新的彈簧和避震器可以有效吸收台灣道路的小坑洞產生的碎震比起舊款大大減少了的搖晃感也比懸吊系統更軟非常舒適缺點就是激烈操駕的時候側傾比較嚴重但如果只是日常通勤代步使用這個改變算是利大於弊還有隔音效果更好了在同個位置地點實測環境噪音坐在煥新版和裡面可以感受到煥新版真的有比較安靜煥新版的方向盤握感比起舊款還要舒適但是取消了方向燈撥桿和排檔撥桿方向燈改成按鍵在方向盤的左側老實說需要花時間熟悉一下按鍵因為按鍵每個位置的回饋感都不完全一樣建議每次都要按到方向燈標誌才能啟用方向燈比較可惜的地方就是煥新版都已經取消了撥桿但不能選配方向盤目前方向盤仍然還是專屬選配有配備盲點偵測燈非常小隱藏在喇叭之中聊勝於無煥新版已經有矩陣大燈的功能選項了代表台灣以後其他特斯拉車款也會陸續開啟矩陣大燈功能特斯拉煥新版後輪驅動版是目前特斯拉全車系售價最入門的版本比起的後輪驅動版只便宜了煥新版續航里程多了公里多了通風座椅全車環繞式氣氛燈後排螢幕以及更好的隔音和避震但覺得還是比較適合平常只有人開車出門或是大小的小家庭,完整圖文這次試駕的是全輪驅動版有選配烈焰紅車漆吋輪圈輪胎尺寸搭配的原廠胎是馬牌靜音型輪胎車尾底盤有擴散器的設計應該是為了更好的空氣動力學效益煥新版實際開起來之後最明顯的感受差異就是新的懸吊系統用了新的彈簧和避震器可以有效吸收台灣道路的小坑洞產生的碎震比起舊款大大減少了的搖晃感也比懸吊系統更軟非常舒適缺點就是激烈操駕的時候側傾比較嚴重但如果只是日常通勤代步使用這個改變算是利大於弊還有隔音效果更好了在同個位置地點實測環境噪音坐在煥新版和裡面可以感受到煥新版真的有比較安靜煥新版的方向盤握感比起舊款還要舒適但是取消了方向燈撥桿和排檔撥桿方向燈改成按鍵在方向盤的左側老實說需要花時間熟悉一下按鍵因為按鍵每個位置的回饋感都不完全一樣建議每次都要按到方向燈標誌才能啟用方向燈比較可惜的地方就是煥新版都已經取消了撥桿但不能選配方向盤目前方向盤仍然還是專屬選配有配備盲點偵測燈非常小隱藏在喇叭之中聊勝於無煥新版已經有矩陣大燈的功能選項了代表台灣以後其他特斯拉車款也會陸續開啟矩陣大燈功能特斯拉煥新版後輪驅動版是目前特斯拉全車系售價最入門的版本比起的後輪驅動版只便宜了煥新版續航里程多了公里多了通風座椅全車環繞式氣氛燈後排螢幕以及更好的隔音和避震但覺得還是比較適合平常只有人開車出門或是大小的小家庭,"{""文章分類"": ""使用者體驗"",""情緒"": ""正面"",""內容"": ""煥新版方向盤握感比舊款還要舒適，但取消了方向燈撥桿和排檔撥桿，方向燈改成按鍵，需要花時間熟悉一下按鍵。方向盤目前仍然還是專屬選配有配備盲點偵測燈，矩陣大燈功能選項也已經加入。適合平常只有人開車出門或是大小的小家庭。""}",,
2024-04-29 17:57:25,電車拖吊時哨兵模式運作,剛看到一台被拖吊大燈在那邊閃這個情況的哨兵模式是會持續地一直運作像是直播那樣還是周期性的一直回傳影片回來車主看自己的車沿路錄影不知道是什麼感覺,剛看到一台被拖吊大燈在那邊閃這個情況的哨兵模式是會持續地一直運作像是直播那樣還是周期性的一直回傳影片回來車主看自己的車沿路錄影不知道是什麼感覺,"{""文章分類"": ""使用者體驗"",""情緒"": ""正面"",}",,
2024-04-30 09:51:53,情報開始調查福特自駕系統,昨天宣布將對福特的輔助駕駛系統展開調查主要原因是最近發生的兩起死亡車禍中事故前兩台車上的都處於啟動狀態調查車款將是年款的電野馬目前功能為訂閱制每個月美金或每年美金福特仔是不是也要享受特斯拉車主開一開系統就提醒你手強制放回方向盤的待遇了,昨天宣布將對福特的輔助駕駛系統展開調查主要原因是最近發生的兩起死亡車禍中事故前兩台車上的都處於啟動狀態調查車款將是年款的電野馬目前功能為訂閱制每個月美金或每年美金福特仔是不是也要享受特斯拉車主開一開系統就提醒你手強制放回方向盤的待遇了,"{""文章分類"": ""安全性方面"",""情緒"": ""負面"",}",,
2024-04-30 10:25:06,新聞特斯拉全新入門電動車準備量產,也新而被定然論萬鎂到台灣應該要乘以倍比較合理大約是一台萬台幣好奇的是這樣要納智捷怎麼活政府會有什麼對策嗎,也新而被定然論萬鎂到台灣應該要乘以倍比較合理大約是一台萬台幣好奇的是這樣要納智捷怎麼活政府會有什麼對策嗎,"{""文章分類"":""政治方面"",""情緒"":""負面"",}",,
2024-04-30 10:33:28,新聞特斯拉全新入門電動車準備量產,智借社團圖片一用看起來按照特斯拉的定價模式大概就是產地價乘上倍稅金所以萬美元到台灣應該不到萬而是真的可以壓在萬以內了基本上看車子大小如果是左右的那可能從到都會被影響目前八卦如下,智借社團圖片一用看起來按照特斯拉的定價模式大概就是產地價乘上倍稅金所以萬美元到台灣應該不到萬而是真的可以壓在萬以內了基本上看車子大小如果是左右的那可能從到都會被影響目前八卦如下,"{""文章分類"":""性價比方面"",""情緒"":""正面"",}",,
2024-04-30 10:33:35,新聞特斯拉全新入門電動車準備量產,哪有到倍那種是油車電動車現在沒有貨物稅以美國現在價格簡單計算台灣萬只比美國售價直接換算貴一點考量進口落地的時侯超過萬部分會被課徵部份貨物稅台灣等於是同價了多的部分基本上是繳給政府如果新的便宜款真的維持在美金內以後台灣政府維持電動車萬以下貨物稅那新款的底配大概賣萬頂,哪有到倍那種是油車電動車現在沒有貨物稅以美國現在價格簡單計算台灣萬只比美國售價直接換算貴一點考量進落地的時侯超過萬部分會被課徵部份貨物稅台灣等於是同價了多的部分基本上是繳給政府如果新的便宜款真的維持在美金內以後台灣政府維持電動車萬以下貨物稅那新款的底配大概賣萬頂,"{""文章分類"": ""性價比方面"",""情緒"": ""正面"",}",,
2024-04-30 12:24:31,分享撞緩撞車啦,要系統性的改善緩撞車被撞的問題建議交通部學習美國跟特斯拉的案件作法以後強制要求各車廠開啟後系統要定時檢測駕駛是否手離開方向盤累積違規五次就禁用車輛系統一個禮拜話說回來櫻木大是不是該更新一下新聞跟車型統計了,要系統性的改善緩撞車被撞的問題建議交通部學習美國跟特斯拉的案件作法以後強制要求各車廠開啟後系統要定時檢測駕駛是否手離開方向盤累積違規五次就禁用車輛系統一個禮拜話說回來櫻木大是不是該更新一下新聞跟車型統計了,"{""文章分類"": ""安全性方面"",""情緒"": ""負面"",""特點"": {""緩衝器"": {""建議"": ""系統性改善緩衝器被撞的問題""},""美國與特斯拉"": {""範例"": ""學習美國跟特斯拉的案件作法""},""後系統"": {""檢查"": ""強制要求各車廠開啟後系統要定時檢測駕駛是否手離開方向盤累積違規五次就禁用車輛系統""},""櫻木大"": {""更新"": ""是否有該更新一下新聞跟車型統計""}}}",,
2024-04-30 17:45:19,新聞銷售降溫賓士上季獲利銳減逾三成福斯,都轉單到特斯拉了誰跟你買雙不針對本板及有多位朋友同想法都了還在特斯拉搶走雙客群就我看賓士的衰退只是改款政策環境造成的短期銷量波動而已別說我特黑特斯拉衰退新聞我也同樣幫特講話新聞德國電動車銷量暴跌特斯拉跌其實最近的衰退只是反應政策環境的改變相信我特銷量會慢慢回升成長數字攤開來看根本看不出雙的衰退是我特吸走事實上這三家都在衰退我特跟去年同期比衰退跟上季比衰退但比低本是常態看我再次替特斯拉講話我都不好意思說誰衰退幅度更高如再把時間拉長可發現我特固然猛爆成長但雙也按自己基調默默成長特雙固然部分客群重疊但各自路線及主市場根本不同我特跟雙在各自市場都是強廠強牌歐陽鋒洪七公黃藥師各有特色都很讚今年論劍每個高手內力都衰退硬要說衰退的吸走另兩衰退內力的不覺搞笑嗎退一步就假設雙流失的客群都被特斯拉搶走那代表我特今年的台裡有是雙新轉移過來的我特在非原雙客群只賣了對比其他季衰退超過這種鳥銷量還談普及我特年銷萬台當您們惡意嘲諷別人時殊不知自己也開了一漏洞給其他人笑經過那麼多年了部分特友都沒發現不少嘲諷雙的論述會變成迴力鏢反過來打回我特譬如什麼靠賣車啦跟外國的價格比啦銷量啦雙二手價將雪崩等等您們怎麼打雙別人其實大多非雙粉就怎麼打我特,都轉單到特斯拉了誰跟你買雙不針對本板及有多位朋友同想法都了還在特斯拉搶走雙客群就我看賓士的衰退只是改款政策環境造成的短期銷量波動而已別說我特黑特斯拉衰退新聞我也同樣幫特講話新聞德國電動車銷量暴跌特斯拉跌其實最近的衰退只是反應政策環境的改變相信我特銷量會慢慢回升成長數字攤開來看根本看不出雙的衰退是我特吸走事實上這三家都在衰退我特跟去年同期比衰退跟上季比衰退但比低本是常態看我再次替特斯拉講話我都不好意思說誰衰退幅度更高如再把時間拉長可發現我特固然猛爆成長但雙也按自己基調默默成長特雙固然部分客群重疊但各自路線及主市場根本不同我特跟雙在各自市場都是強廠強牌歐陽鋒洪七公黃藥師各有特色都很讚今年論劍每個高手內力都衰退硬要說衰退的吸走另兩衰退內力的不覺搞笑嗎退一步就假設雙流失的客群都被特斯拉搶走那代表我特今年的台裡有是雙新轉移過來的我特在非原雙客群只賣了對比其他季衰退超過這種鳥銷量還談普及我特年銷萬台當您們惡意嘲諷別人時殊不知自己也開了一漏洞給其他人笑經過那麼多年了部分特友都沒發現不少嘲諷雙的論述會變成迴力鏢反過來打回我特譬如什麼靠賣車啦跟外國的價格比啦銷量啦雙二手價將雪崩等等您們怎麼打雙別人其實大多非雙粉就怎麼打我特,"{""文章分類"": ""使用者體驗"",""情緒"": ""正面""}",,
2024-04-30 19:19:58,問題,最近物色下一台車原本抓左右上週去看了特斯拉這周去看了爆預算爆很大目前用車都是十年以上換車里程數約一年一萬家裡有兩輛車都是高速使用為主市區基本不使用所以電車剛好沒有充電樁可以裝跑高速又好像沒有佔到便宜所以傾向考慮純油車所以跑去看但業代推精裝車才比較優惠大約優惠萬精裝車全包或是空車便宜約萬然後保險需要跟業代買其實沒有很喜歡精裝車的配備電動腳踏照地燈鍍膜等等爬文版上好像有更優惠的菜單請問我的用車情境有更好的選擇嗎,最近物色下一台車原本抓左右上週去看了特斯拉這周去看了爆預算爆很大目前用車都是十年以上換車里程數約一年一萬家裡有兩輛車都是高速使用為主市區基本不使用所以電車剛好沒有充電樁可以裝跑高速又好像沒有佔到便宜所以傾向考慮純油車所以跑去看但業代推精裝車才比較優惠大約優惠萬精裝車全包或是空車便宜約萬然後保險需要跟業代買其實沒有很喜歡精裝車的配備電動腳踏照地燈鍍膜等等爬文版上好像有更優惠的菜單請問我的用車情境有更好的選擇嗎,"{""文章分類"": ""性價比方面"",""情緒"": ""負面"",}",,
2024-04-30 19:53:28,問題,吧你家裡沒有充電樁工作地點也沒有每年里程數不夠高沒必要買不過你預算到有喜歡飆車的話那不要買我覺得就可以,吧你家裡沒有充電樁工作地點也沒有每年里程數不夠高沒必要買不過你預算到有喜歡飆車的話那不要買我覺得就可以,"{""文章分類"":""性價比方面"",""情緒"":""負面"",}",,
