artTitle,llm_class
情報慟特斯拉二手價跌好多,產品性價格面
問題特斯拉久了會掉電嗎,使用者體驗
新聞開特斯拉滑手機被勸嗆網友有毛,投訴方面
討論是不是真的有些四輪覺得自己是大爺,使用者體驗
新聞美國汽車召回排名揭曉第一名超過,產品性價格面
新聞美國汽車召回排名揭曉第一名超過,使用者體驗
新聞美國汽車召回排名揭曉第一名超過,產品性價格面
新聞又是破紀錄的一年特斯拉年交車,產品性價格面
情報年月份臺灣汽車市場銷售報告,使用者體驗
新聞人奇蹟生還特斯拉衝破公路圍欄墜,安全性能面
新聞和泰汽車連續年稱霸台灣車市銷售,投訴方面
分享電動車排行榜,使用者體驗
新聞特斯拉誇大續航力南韓裁罰億韓元,安全性能面
新聞誠實為上主動告知在這條件,產品性價格面
新聞史上最便宜中國國產特斯拉大降價,產品性價格面
新聞特斯拉跳水大降價台灣大陸,產品性價格面
新聞特斯拉跳水大降價台灣大陸,產品性價格面
新聞國道電動車充電站第三期準備招標個服,配套方面
新聞日韓大陸都降價台灣,產品性價格面
情報英國,使用者體驗
新聞全年銷量稱霸澳洲中型房車類別,產品性價格面
問題特斯拉扯著是不是比較少改車啊,使用者體驗
新聞特斯拉再降價扮陸價格屠夫車主怒喊,產品性價格面
新聞南韓特斯拉送修起火灌救小時才撲滅,安全性能面
新聞中國大降價特斯拉台灣目前沒有價格調,產品性價格面
新聞未來趨勢軟體在汽車的影響,產品性價格面
問題怎麼調適買錯車的心情,使用者體驗
討論不看看外型就知道的品牌,使用者體驗
問題有鄉民去麗寶賽車過嗎,使用者體驗
新聞公佈年各類別獲獎最高分車,產品性價格面
討論萬買還是神,產品性價格面與使用者體驗
新聞特斯拉車主衝店抗議大砍價結果看太便,投訴方面、產品性價格面、使用者體驗
分享中國品牌汽車銷量排行,使用者體驗
討論該還納智捷一個公道了吧,產品性價格面
問題該選誰,使用者體驗、產品性價格面、安全性能面
問題該選誰,使用者體驗
問題該選誰,使用者體驗
電車美國特斯拉售價大跳水囉,產品性價格面
問題該選誰,使用者體驗
討論再來不能用中國製當藉口的吧,使用者體驗
新聞開啟的在快速道路上自,投訴方面
新聞快訊特斯拉又降價北美最高降萬,產品性價格面
新聞特斯拉自駕系統出包舊金山車連環撞,安全性能面
討論特斯拉也適用早買早享受晚買享折扣,產品性價格面
問題該選誰,產品性價格面
討論特斯拉也適用早買早享受晚買享折扣,產品性價格面
問題電車刁車怎麼辦,使用者體驗
轉錄台灣是不是該重新審視一下車價的問題啊,使用者體驗
轉錄台灣是不是該重新審視一下車價的問題啊,產品性價格面
問題賓士電動車可以充特斯拉超充嗎,使用者體驗
新聞歐洲車廠執行長語出驚人高呼電動車會殺死休旅車,使用者體驗
新聞特斯拉美國大降價台灣跟進官方回,產品性價格面、使用者體驗、投訴方面
新聞特斯拉破盤降價車主變盤子氣炸這輩,產品性價格面
電車馬達為日本電產供應,使用者體驗、產品性價格面
新聞收一輛特斯拉虧萬二手車商掛海報拒收,投訴方面
新聞特斯拉性能版煞車不性能網友,安全性能面
新聞國內首例特斯拉突大降價車主認欺瞞求償,投訴方面、產品性價格面、使用者體驗、安全性能面
分享美國開箱,產品性價格面、使用者體驗、安全性能面
討論開豪車跑業務觀感好還不好,使用者體驗
問題純電車的續航力要到多少才算綽綽有餘,產品性價格面
新聞收一輛特斯拉虧萬二手車商掛海報拒收,投訴方面、產品性價格面、安全性能面、使用者體驗
新聞國外特斯拉新車降幅最高台灣成,產品性價格面
分享英國銷售排行,產品性價格面和使用者體驗
討論特斯拉是被台灣市場慣壞的嗎,產品性價格面
討論特斯拉是被台灣市場慣壞的嗎,產品性價格面
討論特斯拉是被台灣市場慣壞的嗎,使用者體驗、產品性價格面、產品性價格面、安全性能面、投訴方面
新聞年度突破萬輛電動車銷售,使用者體驗
問題不是號稱首批分鐘完售嗎,使用者體驗
新聞工程師證實特斯拉自動駕駛宣傳影片造,安全性能面
討論車子有議價空間是不是才是正解,產品性價格面
討論特斯拉是被台灣市場慣壞的嗎,產品性價格面
討論特斯拉是被台灣市場慣壞的嗎,產品性價格面
問題為什麼台灣國產車可以一直漲價啊,產品性價格面
新聞影片造假工程師爆料年拍攝是用演,安全性能面
問題為什麼台灣國產車可以一直漲價啊,使用者體驗
新聞驚險特斯拉蛇行秒國道遇右車突切險,安全性能面
新聞出師不利豐田想提高電動車,投訴方面
分享年,使用者體驗
討論特斯拉全球大降價只有台灣等三國沒講,使用者體驗
討論特斯拉全球大降價只有台灣等三國沒降,使用者體驗
討論特斯拉全球大降價只有台灣等三國沒降,使用者體驗
新聞特斯拉買十天就故障疑緊急煞車害電腦,安全性能面
討論特斯拉全球大降價只有台灣等三國沒降,投訴方面
討論特斯拉全球大降價只有台灣等三國沒降,使用者體驗
討論特斯拉如果反向操作再漲五萬會怎樣,產品性價格面
新聞特斯拉大陸價格創歷史新低背後原因曝,產品性價格面
新聞特斯拉男喊爸過世想插隊充電遭拒,投訴方面、物流方面、產品性價格面、安全性能面、使用者體驗
新聞特斯拉男路中倒車機車男飆國罵春節街頭,投訴方面
問題連假十天的純電車使用心得,使用者體驗
新聞二手車商以後不敢收車新車大降價中古車崩盤跌,使用者體驗
新聞超越和特斯,產品性價格面
討論特斯拉之外最強的電車廠是誰,使用者體驗
新聞和台灣市場大不同年各國熱賣車款出爐,使用者體驗
新聞降幅最高美元美國調整,投訴方面
情報年月份臺灣汽車市場銷售報告,產品性價格面
問題後座空間類似的車款,使用者體驗
情報最可靠汽車品牌被擠下冠軍寶座,使用者體驗
新聞剛買不到周特斯拉上高速公路方向盤,使用者體驗、安全性能面
新聞剛買不到周特斯拉上高速公路方向盤,使用者體驗
心得汽油尊爵滿週年魔鬼篇,使用者體驗
問題連假十天的純電車使用心得,使用者體驗
電車台灣降價萬,使用者體驗
電車台灣降價萬,產品性價格面
電車台灣降價萬,使用者體驗
新聞開不到公里方向盤噴飛特斯拉認忘,使用者體驗
電車春節連假超充空位統計,使用者體驗
電車全台快充地圖,使用者體驗
新聞開不到公里方向盤噴飛特斯拉認忘,使用者體驗
新聞開不到公里方向盤噴飛特斯拉認忘,安全性能面
討論台灣降價的主因是大量退單嗎,使用者體驗
討論特斯拉以後風評會不會跟台奧一樣,使用者體驗
新聞開不到公里方向盤噴飛特斯拉認忘,使用者體驗
新聞特斯拉降價攻勢已歇車系美國,產品性價格面
新聞面對會員個資外流疑慮加強改善並誠,投訴方面、產品性價格面、使用者體驗、安全性能面
電車在美售價起,產品性價格面
問題智能車的綁定手機定位問題,使用者體驗
新聞再亂停啊電動車格遭佔位車主橫停擋去,使用者體驗
新聞再亂停啊電動車格遭佔位車主橫停擋去,使用者體驗
新聞福特野馬電線比預期需求長了公里,使用者體驗
新聞林志穎車禍復原駕電動車衝微博熱搜第一,使用者體驗
新聞中國本土電車品牌月銷量暴跌最高蒸發成,使用者體驗
轉錄中國汽車出口量超越德國躍居全球第二僅次於日本,使用者體驗
分享美國各車種最遠里程數的排名圖,使用者體驗
新聞躍動登場,使用者體驗
心得心得,使用者體驗
問題到底為什麼一定要開電動車,使用者體驗
討論馬自達是有多討厭後座啊新,使用者體驗
問題到底為什麼一定要開電動車,使用者體驗
新聞比亞迪今年銷量衝萬輛,產品性價格面
新聞特斯拉引發電動車價格戰掀起許多波瀾,使用者體驗、產品性價格面、安全性能面、物流方面
電車大量電動車到港,使用者體驗
市調汽車車主問卷座談會酬金元起,使用者體驗
新聞誰說在歐洲賣不好的,投訴方面
新聞酒駕特斯拉男撞倒路樹車頭全爛肇因曝光,安全性能面
新聞酒駕特斯拉男撞倒路樹車頭全爛肇因曝光,使用者體驗
新聞酒駕特斯拉男撞倒路樹車頭全爛肇因曝光,使用者體驗
新聞美國積極投入磷酸鐵鋰電池製造,產品性價格面
新聞酒駕特斯拉男撞倒路樹車頭全爛肇因,使用者體驗
新聞中國大降價廣汽豐田推出限時優惠,產品性價格面
新聞誰說在歐洲賣不好的,使用者體驗
新聞酒駕特斯拉男撞倒路樹車頭全爛肇因曝光,使用者體驗
新聞特斯拉不讓鳴笛救護車車主目擊錄影也都,使用者體驗
討論的車頭反而比較醜,使用者體驗
新聞同事沒坐過特斯拉酒駕載兜風自撞傷危,安全性能面
新聞銷量大跌超車全球銷售前十公,使用者體驗
新聞影不爽被按喇趴賓士惡煞持開山刀,安全性能面
電車電動車有沒有辦法開年呢,使用者體驗
電車電動車有沒有辦法開年呢,使用者體驗
電車電動車有沒有辦法開年呢,安全性能面
新聞媽送特斯拉萬現金慶生歲女,投訴方面
討論特斯拉車主的素質,使用者體驗
問題橫檳推薦嗎,使用者體驗
新聞特斯拉賣一輛車的獲利是豐田倍股價較年,產品性價格面
電車美國特斯拉售價大跳水囉,使用者體驗
情報月市佔率高達交付破,"
- 投訴方面：服務差、態度不好
- 物流方面：如電動車等貨待久、維修零件等待久
- 配套方面：如充電樁數量、維修站數量
- 產品性價格面：如便宜、划算、昂貴等
- 安全性能面：電動車過熱、火燒車、爆炸、暴衝、失控等
- 使用者體驗：品質公差、電池低溫耗電快等"
新聞超級盃期間放送特斯拉撞飛人偶的廣告,安全性能面
討論特斯拉車主充電討論,使用者體驗
討論特斯拉車主充電討論,使用者體驗
討論特斯拉車主充電討論,使用者體驗
討論特斯拉車主充電討論,使用者體驗
討論特斯拉車主充電討論,配套方面
討論特斯拉車主充電討論,使用者體驗
討論特斯拉車主充電討論,使用者體驗
新聞首度載人上公路亞馬遜無人小黃,使用者體驗
新聞年全球電動車電池裝機量將達,產品性價格面
討論特斯拉車主充電討論,使用者體驗
討論特斯拉車主充電討論,使用者體驗
討論特斯拉車主充電討論,投訴方面
討論沒有人創個車車有油加的群組嗎,投訴方面
討論特斯拉車主充電討論,使用者體驗
討論特斯拉車主充電討論,使用者體驗
討論特斯拉超充還可以賺發票萬,使用者體驗
討論特斯拉車主充電討論,使用者體驗
討論特斯拉車主充電討論,使用者體驗
討論特斯拉車主充電討論,使用者體驗
討論特斯拉車主充電討論,使用者體驗
討論特斯拉車主充電討論,投訴方面
討論特斯拉車主充電討論,使用者體驗
新聞有沒有禮貌女控遭硬拔充電槍害車鎖,使用者體驗
問題免費充電樁收費管理不就好了,使用者體驗
問題免費充電樁收費管理不就好了,使用者體驗、安全性能面、產品性價格面、投訴方面
討論特斯拉車主充電討論,使用者體驗
新聞外媒曝特斯拉進行大改版售價,產品性價格面
新聞特斯拉召回美國逾萬輛車,安全性能面
新聞四百萬特斯拉騎上分隔島卡住駕駛醉,安全性能面
新聞曾被認為可挑戰特斯拉的改變戰略,產品性價格面
討論為什麼大家那麼討厭電動車,使用者體驗
新聞四百萬特斯拉騎上分隔島卡住駕駛醉,安全性能面
討論為什麼大家那麼討厭電動車,使用者體驗、投訴方面、產品性價格面、安全性能面
情報中國溫州特斯拉失控爆衝,安全性能面
新聞美消防車公路救災遭特斯拉直撞駕駛當場,安全性能面
新聞影出事了特斯拉硬切害隔壁轎車失控,安全性能面
電車平價電動車的盡頭是加油,產品性價格面和使用者體驗
新聞影出事了特斯拉硬切害隔壁轎車,使用者體驗
新聞電動車正進入快速成長期傳統車廠能否趕,使用者體驗
新聞影出事了特斯拉硬切害隔壁轎車失控,安全性能面
電車平價電動車的盡頭是加油,產品性價格面
分享英國特斯拉充電方式,使用者體驗
新聞等不及了休旅車沿路逼超車後撞特斯拉,安全性能面
心得特斯拉好在哪,使用者體驗
心得特斯拉好在哪,使用者體驗
新聞年度十大車款油電車占半,產品性價格面
新聞賓士宣布與合作強化導航系統,產品性價格面
電車有段時間前的消息關於,產品性價格面
電車有段時間前的消息關於,使用者體驗
新聞特斯拉自動駕駛電腦即將出爐,產品性價格面
新聞公布第一波年名單豐田佔多數,使用者體驗
新聞台幣萬的太陽能車竟是一場空德國新,使用者體驗
討論電動車小黃計程車,使用者體驗
心得特斯拉好在哪,使用者體驗
電車有段時間前的消息關於,使用者體驗
新聞你在大聲什麼啦陳平偉爆紅後大轉,投訴方面
問題風真的能大到把門吹凹,安全性能面
新聞發壞消息候車期長達年,產品性價格面
新聞在臺上市,使用者體驗
新聞特斯拉失控狂飆時速公里失事致死傷,安全性能面
討論特斯拉三部曲進入終章,使用者體驗
新聞特斯拉失控狂飆時速公里失事致,安全性能面
討論特斯拉祕密宏圖第三篇章,使用者體驗
討論特斯拉祕密宏圖第三篇章直播發表中,產品性價格面
新聞豐田工程師拆解特斯拉心得,使用者體驗
新聞特斯拉自動駕駛電腦即將出爐,安全性能面
新聞豐田工程師拆解特斯拉心得,使用者體驗
新聞台南賓士撞爛死慘況曝光,使用者體驗
新聞特斯拉失控狂飆時速公里失事致死傷,安全性能面
新聞梧棲童綜合周邊風勢強勁特斯拉車門被吹凹,投訴方面
新聞豐田工程師拆解特斯拉心得,使用者體驗
新聞梧棲童綜合周邊風勢強勁特斯拉車門被吹凹,使用者體驗
問題中古車乙式保險請益,使用者體驗
新聞梧棲童綜合周邊風勢強勁特斯拉車門被吹凹,使用者體驗
活動北部板友車聚,使用者體驗
新聞全球自動駕駛公司排名出爐連續,投訴方面
電車特斯拉的停車輔助要加回來,使用者體驗
新聞電動車多少續航里程才夠用研究顯示,使用者體驗
問題原地轉動方向盤車會容易壞嗎,使用者體驗
問題大家都怎麼讓跟車仔後退一點,使用者體驗
問題電動車不能比價,產品性價格面
新聞特斯拉的給世人帶來更多疑,投訴方面
新聞國內全車系售價調漲萬元,產品性價格面
新聞特斯拉電池故障求換新遭拒原廠鬼打牆,投訴方面、產品性價格面、安全性能面、使用者體驗
討論一個曾在丹麥工作過的丹麥老外收藏影片,使用者體驗
新聞特斯拉電池故障求換新遭拒原廠鬼打牆,使用者體驗
新聞特斯拉電池故障求換新遭拒原廠鬼打牆,使用者體驗
討論中國雪鐵龍降價求生存,產業趨勢分析
新聞要長大了全新大,配套方面
新聞特斯拉電池故障求換新遭拒原廠鬼打牆,產品性價格面
新聞特斯拉電池故障求換新遭拒原廠鬼打牆,使用者體驗
新聞特斯拉電池故障求換新遭拒原廠鬼打牆,使用者體驗
討論中國雪鐵龍降價求生存,使用者體驗、產品性價格面、安全性能面、投訴方面
新聞特斯拉電池故障求換新遭拒原廠鬼打牆,產品性價格面與使用者體驗
問題只剩特斯拉沒漲還降這樣不用查嗎,產品性價格面
新聞特斯拉方向盤可能脫落美展開調查,安全性能面
討論中國節目進行特斯拉國產電車對撞測試,安全性能面
市調汽車車主問卷座談會酬金元,使用者體驗
問題有人是電車跟油電車在考慮的嗎,使用者體驗
問題有人是電車跟油電車在考慮的嗎,使用者體驗、產品性價格面、安全性能面、輔助駕駛細膩度
心得台中老虎城賞心得,使用者體驗
討論中國車市最近的瘋狂砍價潮,產品性價格面
情報中國車市景氣差掀最慘烈價格戰新車只,投訴方面、物流方面、配套方面、產品性價格面、安全性能面、使用者體驗
新聞有錢人都開什麼車百萬富翁最愛,投訴方面
新聞你的特斯拉不是你的同色車併排他,使用者體驗
討論之前的愛車怎麼退流行的,使用者體驗
新聞公布最新款中型正面碰撞測試結果,安全性能面
新聞特斯拉新店追撞前車駕駛父暴走遷怒,投訴方面、使用者體驗
新聞美運輸部長特斯拉名不符實,投訴方面
新聞電子廠商爭先搶入電動車索尼鴻海,"使用者體驗
原因：文本提到小米電動車的定位是進入特斯拉小型電動車的價格的入門級車型，並擁有和蔚來和小鵬等性能和尺寸一致的高級轎車，這表明小米電動車的使用者體驗應與其他高級電動車相媲美。"
問題賣車利潤是不是超高,產品性價格面
新聞中國車市價格戰開打泉州不用萬台幣就,產品性價格面
分享,使用者體驗
新聞保時捷撞特斯拉賓士車慘遭撞上分隔島,安全性能面
討論一位旅居荷蘭的台灣人在荷蘭買豐田車,使用者體驗
討論廢物遠光燈仔,投訴方面
問題特斯拉原廠對付後方遠光燈的辦法,使用者體驗
討論廢物遠光燈仔,使用者體驗
新聞特斯拉自撞卡分隔島駕駛路況不熟釀禍,投訴方面
心得年式保時捷詳細開箱心得,"投訴方面
文本：特斯拉的新款電動車真是糟糕透頂，客服人員的態度非常差，根本不解決問題。"
市調汽車車主問卷座談會酬金元,使用者體驗
討論油車油電純電大家怎麼看,使用者體驗
問題特斯拉的中古車價怎樣呢,產品性價格面
問題特斯拉的中古車價怎樣呢,產品性價格面
心得特斯拉保養心得,使用者體驗
心得特斯拉入手花費及時間分享,使用者體驗
討論中國車市最近的瘋狂砍價潮,使用者體驗
問題特斯拉的中古車價怎樣呢,使用者體驗
心得特斯拉持有一年花費,產品性價格面
新聞選油車還是電車調查僅美國人想買電動車,交通運輸電動車
問題特斯拉的中古車價怎樣呢,使用者體驗
問題開年以上和特斯拉哪個較花錢,產品性價格面與使用者體驗。
討論特斯拉車主充電討論,使用者體驗
問題請問鈑金與烤漆價格,使用者體驗
情報特斯拉版出現視覺停車測距,使用者體驗
新聞特斯拉自撞卡分隔島駕駛路況不熟釀禍,安全性能面
新聞台中公有充電樁要收費了停天元,投訴方面
新聞高通期望在蘋果汽車尚未面市前以,產品性價格面
心得心得,使用者體驗、產品性價格面、安全性能面、投訴方面
心得三個月花費,使用者體驗
情報特斯拉版出現視覺停車測距,使用者體驗
新聞特斯拉車主創群組霸占專用車格影響,使用者體驗
討論一人給我一個入坑電車的理由,投訴方面
討論一人給我一個入坑電車的理由,使用者體驗
心得入手開箱分享圖多流水,使用者體驗
討論一人給我一個入坑電車的理由,使用者體驗、產品性價格面、配套方面、物流方面
市調汽車車主問卷座談會酬金元,投訴方面
新聞在中國賣得比美國便宜近一半逼其他車廠割喉降價重塑,產品性價格面、安全性能面、使用者體驗、投訴方面
情報特斯拉版出現視覺停車測距,使用者體驗
心得特斯拉遭遇工程蠍實測,使用者體驗
新聞從福特的計畫看傳統汽車廠從電動車獲利,產品性價格面
電車隔壁看到的為電池做隔音出事的事情,投訴方面
電車最便宜的千匹馬力市售車開賣,產品性價格面
電車回歸啦,產品性價格面
分享特斯拉對撞極狐,使用者體驗
電車回歸啦,產品性價格面
新聞全新車色烈焰紅初登場,使用者體驗
特斯拉跟歐洲電車比有什麼優勢嗎,使用者體驗
分享我與瑪莎拉蒂的短暫相處,使用者體驗
電車連假長程心得,使用者體驗
情報特斯拉版出現視覺停車測距,使用者體驗
心得貼隔熱紙當澳客經過,使用者體驗
心得車板首,產品性價格面
電車該換哪一台,使用者體驗
討論買電動車以後會後悔嗎,使用者體驗
電車特斯拉門鉸鏈強度夠嗎,使用者體驗
心得新手想進階中手的練車心得左右轉穩定度山路跟上車流,使用者體驗
電車隔壁看到的為電池做隔音出事的事情,使用者體驗
問題其實神是一台好車對嗎,使用者體驗
問題萬以內休旅車保值為前提,使用者體驗
問題,使用者體驗
討論台灣如果沒有裕隆會怎樣,使用者體驗
情報年月份臺灣汽車市場銷售報告,使用者體驗
討論花兩三百萬買到處車聚的車心態,產品性價格面
情報年月份台灣電動車市場銷售排名,使用者體驗
心得和特斯拉都有的成功關鍵,使用者體驗
下麗寶可以多快,使用者體驗
情報特斯拉美國官網全車系調降,投訴方面
新聞路透特斯拉車載鏡頭拍攝影片外流成,投訴方面、物流方面、配套方面、產品性價格面、安全性能面、使用者體驗
的,使用者體驗
討論美國車內裝是不是普遍不太行,使用者體驗
新聞被控涉侵犯用戶隱私特斯拉遭集體訴訟,投訴方面
問題出遊取向或,使用者體驗
討論豐田最頂規萬,產品性價格面
問題擦撞特斯拉請幫忙估價,使用者體驗
問題擦撞特斯拉請幫忙估價,使用者體驗
新聞特斯拉國道奔馳正副駕駛竟沉睡網友留,安全性能面
新聞特斯拉自撞分隔島起火車頭全毀駕駛重傷,安全性能面
問題為什麼特斯拉造肇事率這麼高,使用者體驗
問題擦撞特斯拉請幫忙估價,投訴方面
新聞快訊新店特斯拉撞分隔島起火名設計師送醫,安全性能面
問題擦撞特斯拉請幫忙估價,使用者體驗
問題為什麼特斯拉造肇事率這麼高,安全性能面
心得特斯拉一年心得,使用者體驗
問題擦撞特斯拉請幫忙估價,投訴方面
問題自駕車到底能不能辨識靜止的物體,使用者體驗
問題擦撞特斯拉請幫忙估價,使用者體驗
新聞特斯拉的生產創新讓豐田領悟到必須為電,產品性價格面
問題擦撞特斯拉請幫忙估價,使用者體驗
新聞快訊新店特斯拉撞分隔島起火名設計師送醫,安全性能面
問題為什麼特斯拉造肇事率這麼高,安全性能面
新聞快訊新店特斯拉撞分隔島起火名設計師送醫,安全性能面
問題為什麼特斯拉造肇事率這麼高,投訴方面、使用者體驗
問題為什麼特斯拉造肇事率這麼高,使用者體驗
問題為什麼特斯拉造肇事率這麼高,使用者體驗
問題為什麼特斯拉造肇事率這麼高,使用者體驗
討論福特是不是比較不合台灣人胃口,使用者體驗
問題為什麼特斯拉造肇事率這麼高,使用者體驗
新聞前員工爆料特斯拉車載鏡頭影片大量外,投訴方面
問題為什麼特斯拉造肇事率這麼高,安全性能面
新聞特斯拉投資的鎳礦開採計畫讓森林裡的原,使用者體驗
問題為什麼特斯拉造肇事率這麼高,使用者體驗
新聞新社長上任宣誓加速電動化年,產品性價格面
新聞電動小跑車動力有點搞,使用者體驗、產品性價格面、安全性能面
討論現在買的會很盤嗎,產品性價格面
討論會因為美國車價不同影響要買哪台車嗎,產品性價格面
心得萬公里心得,使用者體驗
問卦又圖利財團充電樁強制裝螢幕的低能政策,使用者體驗
問題擦撞特斯拉請幫忙估價,使用者體驗
新聞打敗眾多對手成為挪威第二,產品性價格面
心得心得,使用者體驗
討論挪吒要被遺棄了嗎,安全性能面
問題為何當初不把獨立出來就好,使用者體驗
新聞全球新車供不應求局勢即將反轉金融集團預估今年新車會降,產品性價格面
分享一年持有成本微心得分享,使用者體驗
心得萬公里心得,使用者體驗
討論特斯拉官網開始降價了,產品性價格面
心得特斯拉一直降價車主好開心,使用者體驗
情報特斯拉美國官網調降,產品性價格面
情報特斯拉美國官網調降,產品性價格面
討論電動車會不會跟小車一樣只是一時流行,使用者體驗
情報售價萬元起最高公里,產品性價格面
討論一位旅居荷蘭的台灣人在荷蘭買豐田車,使用者體驗
討論台灣特斯拉開放的時程感覺快了,使用者體驗
新聞特斯拉烈焰紅台灣亮相即將交,使用者體驗
新聞車市買氣爆棚台北港塞滿進口車估全台汽車銷量年增,經濟和政策面
討論油電這樣是正常的嗎,使用者體驗、產品性價格面、安全性能面
新聞數度食言馬斯克再誇口特斯拉很可能今,使用者體驗
心得開了特斯拉讓人更能安全駕駛,使用者體驗
新聞特斯拉全面勝訴最終裁定不是事,安全性能面
問題是否該換車了,使用者體驗
討論年後該不會只剩電動車可以買吧,使用者體驗
新聞受制裁僅剩中國車可買俄羅斯民眾寧可選二手車,使用者體驗
心得的名號被特斯拉奪走了,使用者體驗
討論現車值得買嗎,使用者體驗
新聞馬斯克揚言零利潤賣特斯拉電動車,產品性價格面
電車電驅新聞特斯拉影響力報告,產品性價格面
新聞產能不足是否拖垮服務話題車商面臨,使用者體驗
討論特斯拉太重是否不適合台灣,使用者體驗
新聞獨油電車被放三角錐車主要告引網路,使用者體驗
問題底盤很好是甚麼感覺,使用者體驗
心得跑車模式才是特斯拉精髓,使用者體驗
新聞竹北天坑吃特斯拉投保車體險乙式,投訴方面
情報國三撞防撞車,使用者體驗
轉錄晶片製造比汽車難台灣卻很強,使用者體驗
新聞上海車展中國電動車企人氣最旺但前,使用者體驗
新聞快訊竹北大遠百商圈驚見天坑特斯拉,新聞報導
電車特斯拉一日高雄台北來回電耗測試,使用者體驗
新聞萬天坑特斯拉報廢建商只丟句話,投訴方面、產品性價格面、安全性能面、使用者體驗
新聞萬天坑特斯拉報廢建商只丟句話,投訴方面
情報特斯拉庫存量創新高可能又要降價了,產品性價格面
討論特斯拉降價品牌往平價靠攏是好事啦,產品性價格面
新聞萬天坑特斯拉報廢建商只丟句話,使用者體驗
新聞扯高雄特斯拉硬切插隊被叭駕駛下車斥,投訴方面
討論特斯拉降價品牌往平價靠攏是好事啦,產品性價格面
新聞扯高雄特斯拉硬切插隊被叭駕駛下車斥,使用者體驗
情報年月份臺灣汽車市場銷售報告,產品性價格面
新聞男子持秒膠隨機亂黏門打不開特,投訴方面
心得特斯拉拖車勾安裝申請流程,產品性價格面
問題為什麼有些車子有鞭炮聲,安全性能面
新聞特斯拉的一系列降價戰略帶給電動車更多,產品性價格面
討論的是不是被低估了,使用者體驗
電車福特賣一台虧一台,產品性價格面
新聞特斯拉一體化壓鑄技術雖然省了成本降低,產品性價格面
電車特斯拉原廠中古車,產品性價格面
新聞萬特斯拉掉天坑租來的建商保險都不賠車商限期,投訴方面、產品性價格面、安全性能面、使用者體驗
新聞萬特斯拉掉天坑租來的建商保險都不賠車商限,使用者體驗
新聞萬特斯拉掉天坑租來的建商保險都不賠車商限,使用者體驗
新聞萬特斯拉掉天坑租來的建商保險都不賠車商限,使用者體驗
電車特斯拉原廠中古車,使用者體驗
新聞萬特斯拉掉天坑租來的建商保險都不賠車商限,使用者體驗
新聞萬特斯拉掉天坑租來的建商保險都不賠車商限,沒有包含有關賠償公司或原因的資訊，因此無法進行分類。
新聞萬特斯拉掉天坑租來的建商保險都不賠車商限,使用者體驗
新聞萬特斯拉掉天坑租來的建商保險都不賠車商限,使用者體驗
新聞萬特斯拉掉天坑租來的建商保險都不賠車商限,使用者體驗
問題特斯拉尾巴一撞到得賠萬,安全性能面
新聞免費超級充電限時回歸年不限里,產品性價格面
電車推出官方賽道套件,產品性價格面
新聞獨家特斯拉掉坑乙式車險不賠保險局與車主澄清,投訴方面
新聞獨家特斯拉掉坑乙式車險不賠保險局與車主澄清,安全性能面
情報特斯拉車主在超充站發生爭吵後槍擊,投訴方面
新聞快訊台中台死亡車禍特斯拉自撞,安全性能面
新聞快訊台特斯拉恐怖自撞釀死酒測結,安全性能面
新聞快訊台特斯拉恐怖自撞釀死酒測結,安全性能面
新聞快訊台特斯拉恐怖自撞釀死酒測結,安全性能面
新聞快訊台特斯拉恐怖自撞釀死酒測結,使用者體驗
新聞快訊台特斯拉恐怖自撞釀死酒測結,使用者體驗
討論的為什麼都沒有人酸,使用者體驗
新聞快訊台特斯拉恐怖自撞釀死酒測結,安全性能面
新聞快訊台特斯拉恐怖自撞釀死酒測結,安全性能面
問題為何沒有說特斯拉很鋁,使用者體驗
討論消防栓充電新解,使用者體驗
情報特斯拉行動充電用發電機,使用者體驗
討論大家怎麼看特斯拉的行動電源恰吉先生,使用者體驗
新聞香港採購比亞迪刀片電池率,產品性價格面
新聞全球新車銷售名單出爐穩坐冠軍寶座來勢,產品性價格面
討論幾歲買車可以自己決定嗎,使用者體驗
新聞保時捷找上特斯拉前隊友終於要認真打造,人工智慧交通運輸汽車科技
新聞全新入門純電休旅六月發表台,使用者體驗
問題強制險最高萬是否不夠了,使用者體驗
問題這台拖吊的特斯拉,安全性能面
新聞賓士執行長就算中國武力攻台賓士也不,使用者體驗
問題非原廠外放電裝置,使用者體驗
新聞特斯拉車款遭拒保國泰產險開第一槍,安全性能面
新聞國道自動駕駛還講電話追尾緩撞車,使用者體驗
新聞特斯拉車款遭拒保國泰產險開第一槍,使用者體驗
新聞特斯拉車款遭拒保國泰產險開第一槍,使用者體驗
問題強制險最高萬是否不夠了,安全性能面
新聞國一車連環撞人受傷特斯拉慘遭波及,安全性能面
新聞特斯拉於中國召回萬輛約年售出總數,安全性能面
新聞國道工程車與緩撞車遭撞多因用路人啟動,安全性能面
新聞特斯拉於中國召回萬輛約年售出總數,使用者體驗
轉錄台灣為什麼打造不出來汽車品牌,使用者體驗
新聞特斯拉停充電格不充男怒上,配套方面
新聞特斯拉停充電格不充男怒上,使用者體驗
情報老爹已售完明年請早,使用者體驗
討論里程表也有快樂表嗎,使用者體驗
討論撞到賓利真的要賠很多嗎,使用者體驗
新聞中國首季汽車出口超過日本成全球第一,使用者體驗
新聞中國首季汽車出口超過日本成全球第一,投訴方面
新聞中國首季汽車出口超過日本成全球第,使用者體驗
電車提振投資人信心特斯拉將嘗試打廣告賣車,投訴方面
新聞韓國售價出爐,產品性價格面
心得如果拿處理器比喻各家目前輔助駕駛核心,安全性能面
新聞知名傑克的露營車外借友人國道自撞,安全性能面
討論會變成車嗎,產品性價格面
問題泰國日系車銷量比台灣好嗎,使用者體驗
討論電車賣多少可以一統江湖啊,產品性價格面
新聞氫氣車台灣首次亮相未來加氫費,安全性能面、使用者體驗、產品性價格面、物流方面、投訴方面
菜單,投訴方面、物流方面、產品性價格面、安全性能面、使用者體驗
電車特斯拉的任意險,使用者體驗
電車產險公會研議中特斯拉等電動車將有費率,產品性價格面
電車特斯拉的任意險,產品性價格面
新聞隨著自動駕駛發展的成熟度離特斯拉推出,產品性價格面
新聞設充電樁未經大樓管委會同意電動車,安全性能面
新聞百大品牌聲譽排行榜揭曉居車廠,使用者體驗
新聞設充電樁未經大樓管委會同意電動車主私,使用者體驗
電車買了特斯拉年了還沒載過女生,使用者體驗
電車買了特斯拉年了還沒載過女生,使用者體驗
電車買了特斯拉年了還沒載過女生,使用者體驗
討論過歲還買會不切實際嗎,使用者體驗
討論油車最省油,使用者體驗
電車震撼合作福特年加入特斯拉充電規,產品性價格面
電車無充電樁兩年心得,使用者體驗
新聞第一季全球新車銷售王換人,產品性價格面
問題腳踏墊的質感與選擇,使用者體驗
新聞帶頭日本五大車廠呼籲電動車不,"
- 投訴方面：服務差、態度不好
- 物流方面：電動車等貨待久
- 配套方面：充電樁數量、維修站數量
- 產品性價格面：便宜、划算、昂貴等
- 安全性能面：電動車過熱、火燒車、爆炸、暴衝、失控等
- 使用者體驗：品質公差、電池低溫耗電快等"
新聞特斯拉驚傳大規模資料外洩馬斯克也受害,安全性能面、使用者體驗、產品性價格面
討論賣輸豐田怎麼想,使用者體驗
電車特斯拉買來要開多久賣掉換新好嗎,使用者體驗
新聞印尼政策領軍與泰國搶當汽車王國,產品性價格面和安全性能面。
討論日本的蛇行逼車剪線三寶,投訴方面
新聞安全與可靠兼具推薦款年輕人可購買新車,安全性能面
新聞福特充電採取與敵人特斯拉共舞戰略,產品性價格面
問題想詢問是否該換,使用者體驗
問題想詢問是否該換,使用者體驗
新聞電動車首奪冠全球最熱銷特斯拉超車豐,"
- 投訴方面：客服人員態度差
- 物流方面：維修零件等待久
- 配套方面：充電樁數量不足
- 產品性價格面：物有所值
- 安全性能面：失控
- 使用者體驗：電池低溫耗電快"
新聞國關西段小客車追撞緩撞車駕駛疑超車,使用者體驗
新聞中國超越日本成為汽車出口大國未來電,產品性價格面
新聞國道一號嘉義水上段特斯拉深夜衝破護欄,安全性能面
新聞新創電動車公司正面臨艱困的挑戰淘汰,投訴方面
情報年月份臺灣汽車市場銷售報告,投訴方面
新聞疑見路邊守望警車誤認測速特斯拉急,安全性能面
討論是怎麼賣爆的,使用者體驗
新聞再破紐柏林量產電車紀錄,產品性價格面
新聞首季全球最暢銷車寶座易主神車,產品性價格面
問題新手媽媽換車推薦,使用者體驗、安全性能面、產品性價格面
電動車崛起重創中國代銷量大跌,使用者體驗
分享,使用者體驗
新聞純電大軍台灣銷售持續奪冠,使用者體驗
問題新手媽媽換車推薦,使用者體驗
討論特斯拉會大賣不意外吧,產品性價格面
討論特斯拉會大賣不意外吧,使用者體驗
情報開到一半方向盤掉了特斯拉,使用者體驗
新聞中國面臨動力電池產能過剩危機寧德時代,投訴方面
新聞再破紐柏林量產電車紀錄,使用者體驗
新聞再破紐柏林量產電車紀錄,使用者體驗
新聞年是電動車新創公司由夢想轉變成惡,產品性價格面
問題花大錢買跑多元計程車划算嗎,產品性價格面
討論能分享捏著買但很開心的例子嗎,使用者體驗
討論能分享捏著買但很開心的例子嗎,使用者體驗
討論能分享捏著買但很開心的例子嗎,使用者體驗
新聞特斯拉車款遭拒保國泰產險開第一槍,使用者體驗
新聞電動車電池可能面臨年供應瓶頸的問題,使用者體驗
問車跟有人這樣比嗎,使用者體驗
討論認真說不違停很難嗎,使用者體驗
心得特斯拉方向盤試駕心得分享,使用者體驗
市調汽車車主市調座談會車馬費元,使用者體驗
新聞跟進福特加盟充電站北美規格呼,使用者體驗
情報電動車宣告將加入超充網路支,使用者體驗
新聞通用汽車宣布與特斯拉合作電動車將可共,產品性價格面
問題特斯拉的追撞車禍,安全性能面
新聞特斯拉自動輔助駕駛在美發生件車禍,安全性能面
討論特斯拉在美國現在只要,產品性價格面
討論特斯拉在美國現在只要,產品性價格面
討論特斯拉在美國現在只要,產品性價格面
分享第一個禮拜,使用者體驗
電車平價品牌的電車售價未來應該多少,產品性價格面、投訴方面
問題通勤車選擇,使用者體驗
電車二手殘值暴跌車主,產品性價格面
問題里程焦慮,使用者體驗
電車特斯拉的使用者體驗的佳與不佳,使用者體驗
問題和家庭車請益,使用者體驗
新聞風向變了制定標準的協會,投訴方面
新聞驚喜不斷限時推出指定車款套件升,產品性價格面
新聞風向變了制定標準的協會,使用者體驗
新聞驚喜不斷限時推出指定車款套件升,使用者體驗
新聞隨著通用和福特都將採用特斯拉充電站,產品性價格面
新聞利曼耐概念車,產品性價格面
新聞中國電動車的崛起可能引發下一個貿易戰,使用者體驗
新聞特斯拉全新入門電動車準備登場百萬,產品性價格面
電車特斯拉要賣便宜的車款為啥不創立副牌,產品性價格面
新聞要實踐自動駕駛感測器成本與研發出更,產品性價格面
新聞馬斯克特斯拉市值建立在自動駕駛基礎上,產品性價格面
討論特斯拉二手價崩盤該怎麼辦,產品性價格面
電車有段時間前的消息關於,使用者體驗
新聞馬斯克特斯拉市值建立在自動駕駛基礎上,使用者體驗
電車買電車結果一直被親戚朋友看衰怎麼辦,使用者體驗
問題純油油電還能活多久,產品性價格面
新聞全球汽車企業加速電池自主化生產追求,產品性價格面
心得特斯拉裝南港半熱熔,使用者體驗
新聞電池是美國科學家發現卻在中國發揚,使用者體驗
問題特斯拉沒有裝卡怎麼有辦法上網,產品性價格面
新聞現代電動車發生起半路斷電事故,使用者體驗
問題真的大嗎,使用者體驗
新聞,產品性價格面和使用者體驗
新聞公布新車品質排行榜倒數名全是電動車品牌,使用者體驗
心得特斯拉銀布遮陽簾,使用者體驗
心得特斯拉銀布遮陽簾,使用者體驗
情報野馬電動休旅測試車,產品性價格面
心得特斯拉銀布遮陽簾,使用者體驗
討論特斯拉選擇,使用者體驗、產品性價格面
心得特斯拉銀布遮陽簾,安全性能面
討論售車經驗分享,使用者體驗
討論充電樁開放讓電池充電大家說好不好,使用者體驗
新聞特斯拉到印度設廠對雙方都有利將給其他,使用者體驗
新聞車主無奈特斯拉車禍拖吊又撞進車,安全性能面、使用者體驗、物流方面
討論售車經驗分享,產品性價格面
情報特斯拉宣布將在加入,產品性價格面
情報特斯拉宣布將在加入,使用者體驗
新聞,使用者體驗
情報特斯拉宣布將在加入,使用者體驗
問題為什麼不能用,使用者體驗
討論售車經驗分享,產品性價格面
新聞馬斯克一語成讖美新創電動車申請破產,投訴方面
心得特斯拉銀布遮陽簾,安全性能面
新聞下一次大型網路駭客攻擊將可能是具有聯,安全性能面
心得特斯拉買賣不要透過二手車商,使用者體驗
新聞承認車廂用大量觸控設計失敗未來,使用者體驗
分享與電動車廣告因誤導消費,投訴方面
情報年月份臺灣汽車市場銷售報告,使用者體驗
新聞占用超充不充電遭提醒特斯拉車主竟囂張,投訴方面
新聞實踐自動駕駛感測器成本與研發出更先進,產品性價格面
新聞月豪華車買氣嚇嚇叫,產品性價格面
新聞跨界最大部勁階版萬好評,使用者體驗
新聞吉利換電式電動車曹操割鬚棄袍電池,使用者體驗
問題跟選擇,使用者體驗 + 產品性價格面 + 配套方面 + 物流方面
問題跟選擇,使用者體驗
心得一個半月使用分享,使用者體驗
心得簡易開箱,使用者體驗
討論特斯拉的全景天窗是不是熱爆,使用者體驗
討論特斯拉用料,安全性能面
新聞亞馬遜與合作投入電動貨運車隊進,產品性價格面
新聞股東擔憂追不上特斯拉豐田高層準,使用者體驗、產品性價格面、安全性能面、物流方面、投訴方面、配套方面
新聞股東擔憂追不上特斯拉豐田高層準,使用者體驗
新聞特斯拉可望今年實現全自駕台積電大功臣,產品性價格面
新聞賓士成為第一個使用的德國車廠,使用者體驗
問題希望科技執法可以到什麼程度,使用者體驗
新聞賓士成為第一個使用的德國車廠,使用者體驗
新聞賓士宣布加入特斯拉充電規格明年,產品性價格面
問題取消汽車關稅的條件是什麼,產品性價格面
分享馬斯克籲豐田採用充電標準轉,投訴方面
問題選車詢問,使用者體驗
新聞向特斯拉學習豐田將採用一體化壓鑄,產品性價格面
討論對岸車企的不降價聯盟,產品性價格面
討論對岸車企的不降價聯盟,產品性價格面
菜單,使用者體驗
新聞年底臺北車展參與品牌名單揭露展區僅在南港展館樓,使用者體驗
分享馬斯克籲豐田採用充電標準轉,使用者體驗
新聞減價戰才停天就反悔中國撤回承諾書首,產品性價格面和安全性能面。
新聞美國電動車銷售成長放緩庫存積壓考驗,產品性價格面
分享寧德時代透過新材料將充電效率提高分,產品性價格面、安全性能面、使用者體驗
新聞台中爆發特斯拉蹭電仔亂停車格還充電,投訴方面、物流方面、配套方面、產品性價格面、安全性能面、使用者體驗
新聞台中爆發特斯拉蹭電仔亂停車格還充電,使用者體驗
新聞亞馬遜與合作投入電動貨運車隊進,產品性價格面
電車縱切蕃薯能成功嗎,使用者體驗
分享充電超慢稱應加入,使用者體驗
電車有人考慮過嗎,使用者體驗
心得老車很高的比例不貼隔熱紙,使用者體驗
電車有人考慮過嗎,使用者體驗
分享美電動車特斯拉擴大領先現代超車通用,產品性價格面
電車有人考慮過嗎,使用者體驗
討論太快交車會沒嗎,使用者體驗
電車縱切蕃薯能成功嗎,使用者體驗
問題為什麼中國車不能進口來台,產品性價格面
問題為什麼中國車不能進口來台,使用者體驗
討論台灣的日產鐵粉沒那麼多是不是都被裕隆拖累的,使用者體驗
電車縱切蕃薯能成功嗎,配套方面
新聞終於等到了特斯拉開始生產,產品性價格面
新聞懷疑妻討客兄老公怒開特斯拉連衝,使用者體驗
新聞北美車廠召回次數榜公布福特起最多影響車輛達萬,產品性價格面
新聞加入充電陣營,使用者體驗
討論改色膜材質跟顏色特斯拉,使用者體驗
新聞加入充電陣營,使用者體驗
新聞全自駕前景證實已和大型車廠洽談授權,產品性價格面
問題太常見的車會壓低品牌價值印象嗎,使用者體驗
新聞日系車廠第一槍宣布加入特斯拉充,產品性價格面
電車特斯拉車主的品性都這麼低劣嗎,使用者體驗
電車特斯拉車主的品性都這麼低劣嗎,使用者體驗
新聞代休旅大陸,產品性價格面
新聞午後降豪大雨南投竹山交流道淹成黃河,使用者體驗
新聞特斯拉塑料油門踏板斷裂美國論,使用者體驗
新聞不只全新也出現行駛中失去動力情況,安全性能面
新聞不只全新也出現行駛中失去動力情況,使用者體驗
新聞竹山暴雨淹成黃泥河特斯拉突圍衝水,安全性能面
新聞竹山暴雨淹成黃泥河特斯拉突圍衝水,安全性能面
新聞美國電動車市場銷售數字雖亮麗卻暗藏危,產品性價格面
新聞沒錢付開特斯拉男拔走隔壁槍充電車,使用者體驗
情報特斯拉塑料油門踏板斷裂,使用者體驗
分享魔咒纏身門鎖故障全面停,使用者體驗
討論特斯拉塑料油門踏板斷裂,使用者體驗
東港慢充友善環境,使用者體驗
討論廢物遠光燈仔,使用者體驗
心得新款心得,使用者體驗、產品性價格面、安全性能面
問題依重量收費合理嗎,產品性價格面
討論除特斯拉還有塑膠油電門的萬豪車嗎,使用者體驗
新聞傳預售萬起台灣福特車型,產品性價格面
新聞特斯拉將允許轉移到新車上並將投資,使用者體驗
新聞沒錢付開特斯拉男拔走隔壁槍充電車,投訴方面
討論納智捷最大的問題是不是研發,產品性價格面
心得代試駕感想雜談,使用者體驗、產品性價格面、安全性能面、投訴方面
新聞福斯擬砸億美元入股小鵬汽車成第三大,產品性價格面
討論目前電動車最好的選擇是特斯拉嗎,產品性價格面
新聞賓士等七大車廠合資北美充電網路公司,產品性價格面、使用者體驗、安全性能面
新聞等大車,產品性價格面
新聞,安全性能面
電車電動車下個世代升級會是什麼,使用者體驗
新聞特斯拉的多樣化獲利來源讓其跳脫只有,產品性價格面
新聞特斯拉里程也是快樂錶傳馬斯克親,產品性價格面
菜單豪華版,使用者體驗
轉錄中國人車都開挺好的,使用者體驗
電車一年駕駛心得,使用者體驗
電車綜,使用者體驗
心得燈具為什麼不統一規範,使用者體驗
電車開箱,使用者體驗、產品性價格面、安全性能面、物流方面
新聞國際產業瑪莎拉蒂永不捲入價格戰,產品性價格面
新聞新版內建自動輔助導航自駕功能,使用者體驗
新聞比缺晶片還可怕馬斯克預言年內全球將面臨缺電危機,產品性價格面
新聞桃園八德女騎中間車道左轉遭直行特斯拉,安全性能面
新聞福特將回頭擁抱混和動力,產品性價格面、使用者體驗、物流方面
情報電動野馬售價,產品性價格面
討論野馬的品牌定位在哪,使用者體驗
新聞正式預售價萬起,產品性價格面
電車颱風天最強的車應該只剩下特斯拉了吧,使用者體驗
新聞中彰快速道路傳火燒車老國民神車燒成廢,安全性能面
心得自修課冷排超髒清理,使用者體驗
新聞特斯拉新一代傳月登場超,產品性價格面
電車試駕心得,使用者體驗、產品性價格面
新聞福特執行長解釋特斯拉為何強大車廠沒人,產品性價格面
新聞福特執行長解釋特斯拉為何強大車廠沒人,產品性價格面
新聞福特執行長解釋特斯拉為何強大車廠沒人,產品性價格面。
電車當初為什麼政府會放特斯拉進來,投訴方面
問題為什麼電動車要用馬力課稅啊,使用者體驗
新聞福特執行長解釋特斯拉為何強大車廠沒人,產品性價格面
情報中國上半年各品牌汽車銷售量,使用者體驗
新聞影特斯拉提前亮燈右轉仍與擦撞,安全性能面
新聞影特斯拉提前亮燈右轉仍與擦撞,使用者體驗、投訴方面
新聞影特斯拉提前亮燈右轉仍與擦撞,使用者體驗
新聞影特斯拉提前亮燈右轉仍與擦撞,使用者體驗
新聞影特斯拉提前亮燈右轉仍與擦撞,使用者體驗
新聞影特斯拉提前亮燈右轉仍與擦撞,使用者體驗
新聞影特斯拉提前亮燈右轉仍與擦撞,投訴方面、產品性價格面、安全性能面、使用者體驗
新聞新聞轎車駕駛不讓人還嗆聲演,使用者體驗
新聞影特斯拉提前亮燈右轉仍與擦撞,使用者體驗
討論高里程該選油車還是電車,使用者體驗
新聞自動駕駛又惹禍國轎車衝撞緩撞,使用者體驗
討論在停紅綠燈的時候會跟阿婆買玉蘭花嗎,使用者體驗
討論高里程該選油車還是電車,使用者體驗
情報新一代特斯拉新台幣萬,使用者體驗
討論高里程該選油車還是電車,使用者體驗
情報新一代特斯拉新台幣萬,使用者體驗
新聞影特斯拉提前亮燈右轉仍與擦撞,使用者體驗
新聞影特斯拉提前亮燈右轉仍與擦撞,使用者體驗
新聞影特斯拉提前亮燈右轉仍與擦撞,安全性能面
討論高里程該選油車還是電車,使用者體驗
新聞福斯上半年德國電動車賣贏特斯拉,產品性價格面
討論高里程該選油車還是電車,使用者體驗
新聞國高架轎車猛撞緩撞車車頭爛毀滿地碎,安全性能面
新聞德國電動車前七個月銷量成績特斯拉遭逆轉賓士搶下,產品性價格面
討論納智捷走路線結果會很不一樣吧,使用者體驗
問題為什麼竹北可以這麼多特斯拉,使用者體驗、產品性價格面、配套方面
新聞特斯拉出現資安問題報廢的竟被,安全性能面、使用者體驗
心得試乘心得,產品性價格面、使用者體驗
問題為什麼竹北可以這麼多特斯拉,使用者體驗
問題為什麼竹北可以這麼多特斯拉,使用者體驗
心得遲到半年的心得文,使用者體驗、產品性價格面、安全性能面
問題哪些品牌有手機鑰匙,產品性價格面
新聞歐洲暢銷七大品牌只剩一個能打及日韓系品牌取而代之,產品性價格面
問題台特可能改引進充電規格嗎,使用者體驗
新聞年中國電動車佔全球比例達至,
轉錄台灣人會願意買中國製的車子嗎,使用者體驗
問題在台灣以後到底要開油車還是電車省,使用者體驗
問題在台灣以後到底要開油車還是電車省,產品性價格面
討論特斯拉將用巨型鑄造降低成本,使用者體驗
討論特斯拉將用巨型鑄造降低成本,使用者體驗
問題為什麼竹北可以這麼多特斯拉,使用者體驗
問題為什麼竹北可以這麼多特斯拉,使用者體驗
問題在台灣以後到底要開油車還是電車省,使用者體驗
問題在台灣以後到底要開油車還是電車省,產品性價格面
問題為什麼竹北可以這麼多特斯拉,使用者體驗、產品性價格面、物流方面、投訴方面
新聞一次就降價萬里程也跟著減,產品性價格面
分享最近的德國油價從臉友借轉的,使用者體驗
新聞瑞銀首拆解比亞迪海豹發現超越特斯拉,投訴方面
分享中國政府公文等外國品牌被限制進出機密場所,安全性能面
討論欸特斯拉拔掉排檔撥桿矯枉過正了吧,使用者體驗
討論欸特斯拉拔掉排檔撥桿矯枉過正了吧,法律方面（無法提供法律建議或罰款相關資訊）
新聞法澳等地發現大規模天然氫,"
1. 投訴方面
2. 物流方面
3. 配套方面
4. 產品性價格面
5. 安全性能面
6. 使用者體驗"
市調汽車車主市調訪問車馬費元,投訴方面
問題和電車每天都要充電嗎,使用者體驗
討論關於跟的抉擇天人交戰,使用者體驗
討論關於跟的抉擇天人交戰,使用者體驗
新聞中國超兇狠數據曝光,產品性價格面、安全性能面、使用者體驗
討論電動為什麼要抄襲神,使用者體驗
問題請問有人豐田出保過傳動軸嗎,安全性能面
討論近期到農曆年購車選擇障礙討論,使用者體驗
問題現在女生要做麼職業才開得起萬保時捷,使用者體驗
心得開箱,產品性價格面、使用者體驗、安全性能面
新聞國內充電規格一年後,產品性價格面
新聞進入電動車時代特斯拉和中國正席捲市,"
- 投訴方面：服務差、態度不好
- 物流方面：如電動車等貨待久、維修零件等待久
- 配套方面：如充電樁數量、維修站數量
- 產品性價格面：如便宜、划算、昂貴等
- 安全性能面：電動車過熱、火燒車、爆炸、暴衝、失控等
- 使用者體驗：品質公差、電池低溫耗電快等"
問題台灣怎麼沒人代理中國電動車,產品性價格面
討論今年是盤子元年嗎,使用者體驗
問題阿爾法怎麼變成座車,產品性價格面
問題路邊違停口罩遮車牌,使用者體驗
問題特斯拉的四驅跟的四驅一樣嗎,使用者體驗
心得,使用者體驗
討論特斯拉在台灣還算佛了吧,產品性價格面
新聞全新電動車技術曝光續航超過,產品性價格面
討論特斯拉會自己按喇叭還停不下來,安全性能面
問題有那些車子可以用鑰匙或發動引擎,使用者體驗
新聞中國旗艦電動車參加麋鹿測試被打回原形,使用者體驗
問題車禍對方已讀不回怎麼辦,投訴方面
討論其它廠電動車的超充體驗如何,使用者體驗
新聞特斯拉布局超級電腦將擴大下單台積電,產品性價格面
新聞歐洲和美國都正面臨進入電動車時代優勢,產品性價格面、安全性能面、使用者體驗、物流方面、投訴方面
問題真的不好嗎,安全性能面
新聞特斯拉正取得技術突破可能會改變其電,產品性價格面
新聞特斯拉正取得技術突破可能會改變其電,使用者體驗
新聞特斯拉正取得技術突破可能會改變其電,使用者體驗
問題為何其他廠牌車機無法跟特斯拉一樣滑順,產品性價格面
心得自售二手車心得分享買賣過戶,使用者體驗
討論保時捷二手價真的崩盤了嗎,使用者體驗
討論開特斯拉有這問題嗎,使用者體驗
新聞特斯拉租賃車機場違停吞罰單駕駛,投訴方面
新聞特斯拉租賃車機場違停吞罰單駕駛,使用者體驗
新聞執行長謙虛向特斯拉學習年發表次世代電,交通運輸汽車科技電動車
新聞快訊國水上交流道嚴重事故車撞,使用者體驗、安全性能面
電車持有心得,"
* 投訴方面：服務差、態度不好
* 物流方面：如電動車等貨待久、維修零件等待久
* 配套方面：如充電樁數量、維修站數量
* 產品性價格面：如便宜、划算、昂貴等
* 安全性能面：電動車過熱、火燒車、爆炸、暴衝、失控等
* 使用者體驗：品質公差、電池低溫耗電快等"
心得年式新車引擎變速箱故障,使用者體驗
問題美國買車預算萬到萬美金,使用者體驗
新聞三寶特斯拉逆向超車遭逼退倒退嚕,安全性能面
新聞三寶特斯拉逆向超車遭逼退倒退嚕,使用者體驗
新聞停產竟納撞擊測試想測,安全性能面
討論為何安全推薦車沒和,安全性能面
問題美國買車預算萬到萬美金,使用者體驗
討論其實我很期待,使用者體驗
電車充電聯盟怎麼不再出來整頓一次,使用者體驗
問題美國買車預算萬到萬美金,使用者體驗
電車換避震麗寶心得,使用者體驗、產品性價格面、安全性能面
討論馬是怎麼沒落的,使用者體驗
新聞歐盟將放棄於年實施排放法規標準,產品性價格面
分享電動車消防演習也好恐怖,安全性能面
分享成功辨識靜止緩撞車,使用者體驗
討論現階段油車油電純電選擇,使用者體驗
討論現階段油車油電純電選擇,使用者體驗
討論現階段油車油電純電選擇,產品性價格面與使用者體驗
討論現階段油車油電純電選擇,使用者體驗
新聞負責人手排的存在已沒有任何意義,使用者體驗
分享大陸更新配置,產品性價格面
新聞兩大原因多家產險業者對承保特斯拉打退,
新聞兩大原因多家產險業者對承保特斯拉打退,投訴方面、產品性價格面、使用者體驗
新聞特斯拉一體化壓鑄技術雖然省了成本降低,使用者體驗
新聞兩大原因多家產險業者對承保特斯拉打退,投訴方面
問題第一次檢舉三張都沒過求解答,安全性能面
新聞特斯拉台灣正式展出,使用者體驗
新聞第三季掛牌數突破輛,使用者體驗
問題重機議題干汽車版什麼事情,使用者體驗
問題交車問題,投訴方面
討論徐海莉崩潰的,使用者體驗
心得為什麼不買特斯拉,使用者體驗
心得為什麼不買特斯拉,安全性能面
問題交車問題,產品性價格面
心得為什麼不買特斯拉,使用者體驗
心得為什麼不買特斯拉,使用者體驗
討論汽車族何時對關稅起義,使用者體驗
電車開箱暨半年使用心得上,使用者體驗
心得為什麼不買特斯拉,使用者體驗
心得為什麼不買特斯拉,使用者體驗
心得為什麼不買特斯拉,使用者體驗
討論現階段油車油電純電選擇,使用者體驗、產品性價格面、配套方面、投訴方面
討論現階段油車油電純電選擇,使用者體驗
心得為什麼不買特斯拉,使用者體驗
新聞特斯拉硬擠擦撞他車遭車主控沒錢買保,投訴方面
心得為什麼不買特斯拉,使用者體驗、安全性能面、產品性價格面
新聞全面轉向電動車之際創投資金正快速進入,產品性價格面
分享爆衝到時速公里後自撞護欄,安全性能面。
電車可能即將在台灣開始測試,使用者體驗
心得為什麼不買特斯拉,使用者體驗
分享曼谷直擊泰國人不開豐田了中國電動車,使用者體驗
分享爆衝到時速公里後自撞護欄,使用者體驗
心得為什麼不買特斯拉,使用者體驗
電車馬力稅會不會太誇張,使用者體驗
電車馬力稅會不會太誇張,使用者體驗
電車馬力稅會不會太誇張,投訴方面
電車馬力稅會不會太誇張,產品性價格面
討論銷售量要怎麼救,使用者體驗
討論現階段油車油電純電選擇,產品性價格面
新聞幾乎一統美國充電江山現代與加入特,產品性價格面
情報美國調降售價,產品性價格面
電車可能即將在台灣開始測試,使用者體驗
新聞開特斯拉回家驚覺竟然是別人的車,投訴方面
討論怎麼說服管委會裝特斯拉充電樁,產品性價格面、使用者體驗
問題豪華車只有有嗎,使用者體驗
新聞下單買不同意改款加價購被解約,投訴方面
討論豐田喜歡耗油的車開他牌車難怪落後,使用者體驗
新聞訂不同意改款須加價被解約台灣,投訴方面
新聞訂不同意改款須加價被解約台灣,產品性價格面
問題行車記錄器求推薦,使用者體驗
新聞鴻海攻電動物流車影片曝光,使用者體驗
電車可以縱切地瓜嗎,使用者體驗
新聞正式價格出爐續航升級,使用者體驗、產品性價格面、安全性能面、配套方面
新聞萬續航納智捷車型,產品性價格面
問題車用滅火器有分種類嗎,安全性能面
新聞正式價格出爐續航升級,使用者體驗
討論特斯拉的哨兵模式幹嘛閃燈,使用者體驗
電車開箱暨半年使用心得下,投訴方面
電車我覺得會大中,使用者體驗
討論死忠納粉開始進攻了,使用者體驗
電車我覺得會大中,使用者體驗、產品性價格面、物流方面
電車我覺得會大中,產品性價格面
新聞豐田和出光興產合作生產固態電池期望,產品性價格面
新聞靠特斯拉甩開哈馬斯以色列男中彈仍逃過,安全性能面
電車電動車採單踏板運行的設置好嗎,使用者體驗
新聞特斯拉中國新版可選配前後雷達,產品性價格面
市調汽車市場研究活動車馬費元,投訴方面
新聞特斯拉電池遭雨水浸泡維修費萬,安全性能面
新聞特斯拉電池遭雨水浸泡維修費萬,使用者體驗
新聞特斯拉電池遭雨水浸泡維修費萬,使用者體驗
新聞宣布加入剩下誰還不能用特斯,產品性價格面
新聞特斯拉電池遭雨水浸泡維修費萬,使用者體驗
問車,產品性價格面和使用者體驗
問車,使用者體驗
新聞台北特斯拉男欠萬稅不繳一聽這,投訴方面
討論電動車的折舊要怎麼估計,產品性價格面
討論電動車的折舊要怎麼估計,產品性價格面
討論為什麼開你特都特別愛算一度電多少錢,使用者體驗
討論電動車的折舊要怎麼估計,使用者體驗
討論電動車的折舊要怎麼估計,產品性價格面、使用者體驗
新聞全球銷量最大車商加入陣營,使用者體驗
新聞全球銷量最大車商加入陣營,投訴方面
新聞對向車撞飛防眩板噴火花砸毀特斯拉嘉義,安全性能面
新聞華爾街分析師特斯拉愈來愈像普通汽車公司恐難以撐起高估,投訴方面、物流方面、配套方面、產品性價格面、安全性能面、使用者體驗
新聞華爾街分析師特斯拉愈來愈像普通汽車公司恐難以撐起,產品性價格面
新聞華爾街分析師特斯拉愈來愈像普通汽車公司恐難以撐起,產品性價格面
新聞華爾街分析師特斯拉愈來愈像普通汽車公司恐難以撐起,使用者體驗
新聞華爾街分析師特斯拉愈來愈像普通汽車公司恐難以撐起,產品性價格面
新聞華爾街分析師特斯拉愈來愈像普通汽車公司恐難以撐起,使用者體驗
電車馬斯克談特斯拉降價如果我們價格和,產品性價格面
新聞馬斯克要送特斯拉竟遭拒父親繼續開勞,投訴方面
新聞召回與安全帶與前鏡頭,安全性能面
新聞納智捷訂單破張狠超特斯,使用者體驗
討論金崙大橋特斯拉側撞,安全性能面
電車如何知道用了多少電,使用者體驗
討論怎樣才能提高大家買電動車意願,使用者體驗
電車豐田加入特斯拉充電系統馬斯克曾酸,產品性價格面
問題為什麼特斯拉業務那麼喜歡推,使用者體驗
新聞新車趕往台東領牌對撞釀一死,安全性能面
心得網上奇怪的二手車業務,使用者體驗
電車豐田加入特斯拉充電系統馬斯克曾酸,使用者體驗
新聞又有事無線充電完變白,投訴方面
新聞駕駛稱逆光特斯拉金崙逆向撞死人,安全性能面
新聞市調機構調查有近車主可能回歸燃油車懷抱僅忠誠,使用者體驗
新聞市調機構調查有近車主可能回歸燃油車懷抱僅,使用者體驗
討論大家決定不買電動車的考量是什麼,使用者體驗
討論大家決定不買電動車的考量是什麼,使用者體驗
情報特斯拉維修成本比其他電動車高,產品性價格面
新聞台灣特斯拉突襲式降價六萬釀暴動提早交,投訴方面
新聞一表看都社區充電樁覆蓋率竹北奪冠,產品性價格面
新聞一表看都社區充電樁覆蓋率竹北奪冠,使用者體驗
新聞赫茲租賃車隊電動化計畫踩剎車,使用者體驗
討論有哪些品牌有做與車輛聯動的,使用者體驗
電車分享年底購入的考量,使用者體驗
情報啪烤漆沒了自助洗水槍沖特斯拉白塊,使用者體驗
心得特斯拉的座椅記憶比賓士還威,使用者體驗
新聞獨家特斯拉回原廠維修離開慘遭技師倒,投訴方面
新聞國南下桃園路段驚傳國道警車火燒車原因,產品性價格面
問題這樣能開電車嗎,使用者體驗
新聞又一電動車二手價慘到爆一年車價直接對半砍,產品性價格面
新聞美國福特通用和特斯拉都看淡電動車的,產品性價格面
新聞各車廠駕駛輔助實測排行出爐,使用者體驗
新聞美國福特通用和特斯拉都看淡電動車的,使用者體驗
新聞特斯拉男開自駕把命交給車整路仰,投訴方面
電車韓國電動化腳步快於日本,使用者體驗
新聞特斯拉男開自駕把命交給車整路仰,安全性能面
新聞離譜特斯拉駕駛開自駕,使用者體驗
新聞特斯拉小改款提前曝光跟進,產品性價格面
電車後驅來了萬,使用者體驗
新聞台灣後驅版萬元起,產品性價格面
討論會打到哪些車,使用者體驗
新聞今年前季全球汽車銷量萬部中國品牌,使用者體驗
討論原來特斯拉輪胎裝反可開四個月才發現,使用者體驗
討論大改款大賣反觀大改款,使用者體驗
討論會打到哪些車,使用者體驗
新聞自動輔助駕駛致死美國司法首戰特斯拉勝,投訴方面
新聞特斯拉失控狂飆時速公里失事致死傷,新聞報導
心得購車駕駛心得,使用者體驗
問題二手特斯拉值得買嗎,使用者體驗
心得兩個月心得,產品性價格面
分享汰舊換新補助流程及補助金額,使用者體驗
心得鏽,使用者體驗
新聞不是特斯拉日本最熱賣電動車人人都買得起,使用者體驗
討論特斯拉真的能做出自動駕駛嗎,使用者體驗
討論特斯拉真的能做出自動駕駛嗎,使用者體驗
討論特斯拉真的能做出自動駕駛嗎,使用者體驗
討論特斯拉真的能做出自動駕駛嗎,使用者體驗
討論特斯拉升降桿易脫落砸破玻璃可出保固嗎,安全性能面
討論純論兩個品牌的缺點,使用者體驗
電車年月份臺灣電動車銷售排名,使用者體驗
心得為什麼不買特斯拉,使用者體驗
電車有人夢到後驅價格,產品性價格面
新聞性能風格延伸內裝運動型座椅曝光,使用者體驗
心得台中公有充電站疑似有碰瓷黨,投訴方面、產品性價格面、安全性能面、使用者體驗
問題美國車廠的生產成本偏高主因是工會,產品性價格面
新聞研發主管開什麼車上班答案是,使用者體驗
新聞國內半導體業者持續深耕具發展潛力的車,投訴方面
討論營業車電池只撐萬英里,使用者體驗
新聞特斯拉和比亞迪持續獲利傳統汽車商卻在,
電車訂單滿手對打價格戰沒興趣,產品性價格面
新聞特斯拉國道不明物滾過來車主沒,安全性能面
新聞日本電動車充電站荒平均人共用一台難推廣,使用者體驗
討論原廠魚眼太刺眼了吧,使用者體驗
問題大家覺得年式跟賣的的完,產品性價格面
新聞妻坐別人醋夫開特斯拉連撞,使用者體驗
新聞用特斯拉開一年半萬公里結果電池掛點花萬,使用者體驗
新聞用特斯拉開一年半萬公里結果電池掛點,使用者體驗
分享特斯拉中國煥新版開箱,使用者體驗、產品性價格面、安全性能面、外觀設計
討論會開著新車去加油站洗車嗎,使用者體驗
電車特斯拉車主分享萬維持續航,使用者體驗
討論性能油車一桶油可行駛里程高嗎,使用者體驗
討論不覺得馬力抽稅很蠢嗎,產品性價格面
新聞台灣景氣這麼好他驚見滿街都是雙,使用者體驗
電車動能回收對續航的影響,使用者體驗
討論性能油車常大腳的油耗其實不錯,產品性價格面
問題電動車使用碳刷馬達壽命較低問題,使用者體驗
電車動能回收對續航的影響,使用者體驗
問題現在換適合嗎,使用者體驗
新聞台灣景氣這麼好他驚見滿街都是雙,使用者體驗
新聞特斯拉全新皮卡祭年內禁,投訴方面
討論今年荷蘭電動車銷量下滑,產品性價格面和安全性能面
討論與的抉擇,使用者體驗與產品性價格面
新聞馬斯克無論和平或武力兩岸會統,投訴方面
問題這款磁吸快充車架好用嗎,使用者體驗
問題有電子手煞車比較安靜的車款嗎,使用者體驗
問題開山路不踩煞車會有味道,安全性能面
新聞誇張出租輛特斯拉賺外快新北兩消防員,投訴方面、產品性價格面、安全性能面、使用者體驗
情報能源局電耗出爐,使用者體驗
討論電動車的成本到底是高還是低啊,產品性價格面
市調汽車市場研究活動車馬費元,使用者體驗
新聞蹦轎車計程車對撞四輪朝天男戴電子,安全性能面
新聞新電池可能讓成本砍一半將與特斯,使用者體驗
新聞中壢國道號車連環撞轎車全毀人傷,安全性能面
問題在中線被大學長逼車,使用者體驗
討論大家開這麼快不擔心油耗嗎,使用者體驗
新聞特斯拉是相關技術的領頭羊年將帶,產品性價格面
問題家裡沒充電樁買特斯拉的在想啥,使用者體驗
問題家裡沒充電樁買特斯拉的在想啥,產品性價格面
新聞秒玩命片北宜飆速跨雙黃甩尾,使用者體驗
問題家裡沒充電樁買特斯拉的在想啥,使用者體驗
問題家裡沒充電樁買特斯拉的在想啥,使用者體驗
討論問打方向燈時機,使用者體驗
新聞年全球最佳品牌排行榜打敗雙成為汽車最佳品,產品性價格面
新聞台灣國產電動車的黎明要來了納智捷,**使用者體驗**
新聞國道逼車急煞肇逃歲童噴飛亡,投訴方面
電車原廠認證中古車開價是嗑了什麼,產品性價格面
電車特斯拉租車心得及出租,使用者體驗
分享給仔的一堂課撞上緩撞車要賠多少錢,安全性能面
新聞馬斯克大罵瘋了瑞典郵政不寄車牌特斯拉,投訴方面
新聞女駕駛倒車撞斷特斯拉充電樁網笑,使用者體驗
討論年薪兩百多萬還會選嗎,使用者體驗
討論開什麼牌的車最讓女孩反感,使用者體驗
新聞年電動車電池價格將比年還下跌,產品性價格面
新聞十大電動車充電速度最快車款,使用者體驗
電車特斯拉夜間自動駕駛度轉彎,使用者體驗
討論你特自動駕駛人可以不用在車上嗎,使用者體驗
新聞強打多品牌中華車導入,使用者體驗
新聞馬斯克大罵瘋了瑞典郵政不寄車牌特斯拉,投訴方面
新聞獨家國道特斯拉疑開自駕解除偏移,安全性能面
電車特斯拉購買求救,投訴方面
新聞福斯汽車執行長坦承本公司已無競爭力確認將裁員與降低開銷,投訴方面
新聞特斯拉全自動輔助駕駛迎來重大變革,產品性價格面
討論歐洲汽車銷售相關數據,產品性價格面
電車福特電動野馬也逃不開修的痛快宿命嗎,使用者體驗
新聞消費者報告電動車沒燃油車可靠油電車獲得高評價,使用者體驗
討論歐洲汽車銷售相關數據,沒有相關信息，無法進行分類。
分享上架,使用者體驗
新聞停車場內暴衝電動車撞保全站人送醫,安全性能面
新聞馬自達執行長除特斯拉外看不出來電,使用者體驗
分享上架,使用者體驗
討論特斯拉起步加速,使用者體驗
新聞小米和華為進軍電動車市場可能成為蘋果電,產品性價格面
情報年月台灣汽車銷售報告,使用者體驗
心得我真的恨死人人有電充群組了,使用者體驗
電車慶記之都神車出現了,使用者體驗
討論有五年以上的特斯拉車主分享嗎,使用者體驗
討論有五年以上的特斯拉車主分享嗎,使用者體驗
電車新的充電方式,產品性價格面
討論有五年以上的特斯拉車主分享嗎,安全性能面
討論有五年以上的特斯拉車主分享嗎,使用者體驗
問題特斯拉被仇富,使用者體驗
電車拉著一台跑贏,使用者體驗
問題特斯拉被仇富,使用者體驗
討論相信論壇業務不信特斯拉使用者推薦,使用者體驗
新聞美國消費者報告電動車不如傳統汽車可,使用者體驗
分享中寮隧道特斯拉又出包了,安全性能面
討論都裝馬達為什麼油電車的性能差,使用者體驗
討論大家碰過哪個牌子的新車業務最盧,使用者體驗
新聞沒充電站特斯拉車主從住家樓拉電線台,配套方面
問題為什麼特斯拉不會被抵制,使用者體驗
討論都裝馬達為什麼油電車的性能差,使用者體驗
問題為什麼特斯拉不會被抵制,使用者體驗
問題為什麼特斯拉不會被抵制,使用者體驗
新聞馬斯克表示和中國車將成為,"
- 投訴方面：服務差、態度不好
- 物流方面：電動車等貨待久
- 配套方面：充電樁數量、維修站數量
- 產品性價格面：便宜、划算、昂貴
- 安全性能面：電動車過熱、火燒車、爆炸、暴衝、失控
- 使用者體驗：品質公差、電池低溫耗電快"
討論有五年以上的特斯拉車主分享嗎,使用者體驗
新聞年車單出爐,使用者體驗
問車考慮到續航力和充電站第一首選的休旅車,使用者體驗
討論國產想換到米漿內心的天人交戰,使用者體驗
新聞隨著成本不斷飆升即使是電動車電池工廠,使用者體驗
問題充電優先車位油車能不能停,使用者體驗
新聞特斯拉中國製電動車月銷量暴跌,投訴方面
新聞特斯拉中國製電動車月銷量暴跌,使用者體驗
情報電動車更換零件數是燃油車倍,產品性價格面
討論預算內的自用車請益,使用者體驗
新聞年車單出爐,使用者體驗
新聞打臉馬斯克嘲諷的說法油電車銷量暴漲擠壓,產品性價格面
新聞與尬車影片被網友踢爆,產品性價格面
新聞打臉馬斯克嘲諷的說法油電車銷量暴漲,產品性價格面與使用者體驗
新聞打臉馬斯克嘲諷的說法油電車銷量暴漲,使用者體驗
心得萬公里心得,投訴方面
新聞打臉馬斯克嘲諷的說法油電車銷量暴漲,使用者體驗
新聞特斯拉暴減日本月銷量陷萎縮創年來新低,投訴方面
情報華為奇瑞智界初曉敏路試,使用者體驗
討論為什麼特斯拉會這樣自己整片掉漆,使用者體驗
情報吃完飯見特斯拉窗裂男疑無外力,安全性能面
情報吃完飯見特斯拉窗裂男疑無外力,安全性能面
問題八年的電車可以買嗎,使用者體驗
心得後座怎跟船一樣,使用者體驗
新聞美國近家汽車經銷商呼籲美國總統拜,投訴方面
新聞市調機構油電車成新寵電動車銷售速度緩慢,產品性價格面
市調汽車市場研究活動車馬費元,產品性價格面
新聞隨著成本不斷飆升即使是電動車電池工廠,使用者體驗
問題買新車時會把音響列入重要考慮嗎,使用者體驗
新聞半夜驚覺特斯拉遭堆高機移到路中,投訴方面、物流方面、配套方面、產品性價格面、安全性能面、使用者體驗
新聞半夜驚覺特斯拉遭堆高機移到路中,安全性能面
新聞半夜驚覺特斯拉遭堆高機移到路中,使用者體驗
心得與看車心得,投訴方面
新聞半夜驚覺特斯拉遭堆高機移到路中,產品性價格面
新聞半夜驚覺特斯拉遭堆高機移到路中,投訴方面
新聞年電動車市場的三大預,產品性價格面
新聞年電動車市場的三大預,使用者體驗
新聞特斯拉車禍頻傳疑自駕最新版本有缺陷,安全性能面
討論台灣保時捷到底生出來了沒,產品性價格面
情報特斯拉車主分享各種頭痛問題,"
- 投訴方面：服務差、態度不好
- 物流方面：輪胎磨損高
- 配套方面：充電樁數量、車門問題
- 產品性價格面：昂貴
- 安全性能面：超車問題、續航里程變化
- 使用者體驗：品質公差、電池低溫耗電快"
情報需要福特皮卡拖救的特斯拉,使用者體驗
新聞印尼計畫放寬電動汽車進口稅收規定以,產品性價格面
情報需要福特皮卡拖救的特斯拉,使用者體驗
新聞特斯拉申請召修萬輛汽車更新自動輔助,安全性能面
新聞特斯拉申請召修萬輛汽車更新自動輔助,使用者體驗
新聞特斯拉申請召修萬輛汽車更新自動輔助,使用者體驗
扯特斯拉新車交車車身有刮痕擋風玻璃裂,使用者體驗
新聞接小孩搶車位台中婦人遭特斯拉車主暴打,投訴方面
新聞養車費用實在不划算跨國租車公司開始,產品性價格面
分享平常是汽車塞車變機車猛撞特斯拉,安全性能面與使用者體驗
新聞正式登陸台灣家用儲能,產品性價格面
討論台灣保時捷到底生出來了沒,投訴方面
新聞輔助駕駛可能遭濫用逾萬輛特斯拉,使用者體驗
新聞全新世代傲然上,使用者體驗
轉錄廢掉中國車進來你真的,使用者體驗
情報號稱要拿下台灣六成電動車市場的,投訴方面
新聞輔助駕駛可能遭濫用逾萬輛特斯拉,安全性能面
情報加油站驚見特斯拉眾人驚訝內行揭原因沒,產品性價格面
新聞續航預期公里萬有找,產品性價格面
情報號稱要拿下台灣六成電動車市場的,使用者體驗
問題充電樁更換與社區管委會的疑問,配套方面
新聞年大最可靠汽車出爐特斯拉,投訴方面
問題特斯拉車主好奇怪喔,使用者體驗
討論為什麼電玩模型幾乎沒有特斯拉,使用者體驗
情報納智捷員工開著到特斯拉超充想充電,產品性價格面
情報納智捷員工開著到特斯拉超充想充電,使用者體驗
情報納智捷員工開著到特斯拉超充想充電,使用者體驗
新聞特斯拉車管嚴更新軟體開違規次,使用者體驗
情報納智捷員工開著到特斯拉超充想充電,安全性能面
分享集團宣布加入特斯拉充電樁標準,產品性價格面
分享集團宣布加入特斯拉充電樁標準,產品性價格面
分享集團宣布加入特斯拉充電樁標準,使用者體驗
新聞特斯拉車管嚴更新軟體開違規次,使用者體驗
新聞特斯拉車管嚴更新軟體開違規,使用者體驗
新聞美研究特斯拉駕駛事故率最高駕駛酒,安全性能面
問題特斯拉和阿斯拉有關係嗎,使用者體驗
心得這次回原廠拿飲料拿爽了,使用者體驗
討論會打到哪些車,使用者體驗
新聞美研究特斯拉駕駛事故率最高駕駛酒,使用者體驗
討論台灣現有的四驅電動車選擇,使用者體驗
分享車子更新失敗怎麼辦,使用者體驗
新聞馬斯克為了市場捨棄台灣老友,使用者體驗
討論豐田還在搞笑賣氫能車不怕被電車淘汰,產品性價格面與安全性能面
討論路透特斯拉早知零件有瑕疵卻把責任推,安全性能面
新聞電動車二手市場賣不動連帶影響新車銷售,使用者體驗
電車高傳真停車輔助,使用者體驗
電車特斯拉一年一度耶誕大禮包,使用者體驗
問題特斯拉的輪框比一般車更寬是為了操控,使用者體驗
心得從到,使用者體驗
市調汽車市場研究活動車馬費元,產品性價格面
問題中國車怎麼崛起的台灣可以複製嗎,使用者體驗
新聞特斯拉車管嚴更新軟體開違規,使用者體驗
問題為什麼特斯拉柱都有個洞,使用者體驗
新聞年召回次數最多車廠揭曉發言人,使用者體驗
新聞碰撞後車門恐解鎖打開特斯拉召回萬輛車,安全性能面
心得休旅車試乘個人心得分享,使用者體驗
新聞美國調查最易發生事故率汽車品牌與高居前三名,安全性能面
問題台灣買車的觀念好像落後世界潮流,使用者體驗
新聞值得關注的年電動車市場的個趨勢和,
新聞年刪減受測車輛剩一半,使用者體驗
問題中國車怎麼崛起的台灣可以複製嗎,市場分析與政策方面
問題中國車怎麼崛起的台灣可以複製嗎,歷史與政策方面
新聞明年政府測試車型交通部鼓勵業,安全性能面
心得南港電車胎心得,使用者體驗
新聞欲速則不達老闆貶低現行內燃機引擎是不對的,產品性價格面與使用者體驗
問車會有長里程多公里的改款嗎,產品性價格面
新聞特斯拉爆機器人插入工程師爆血,安全性能面
問題電動車的起步根本鬼之外掛的存在,使用者體驗
新聞裕隆納智捷電動車要賣贏特斯拉法人,產品性價格面
問題電動車的起步根本鬼之外掛的存在,使用者體驗
情報可能是第一撞,使用者體驗
問題汽車重量輕有很重要嗎,使用者體驗
問題經營電車充電站有辦法營利嗎,使用者體驗
問題經營電車充電站有辦法營利嗎,產品性價格面
問題眼睛太小不能開特斯拉怎麼辦,使用者體驗
問題眼睛太小不能開特斯拉怎麼辦,使用者體驗
情報特斯拉有床蝨整船遭澳洲勒令回航,安全性能面
市調汽車市場研究活動車馬費元,投訴方面
