system_id,word,pos
16.0,原文,Na
16.0,連結,VC
16.0,///,FW
16.0,原文,Na
16.0,內容,Na
16.0,國道,Nc
16.0,電動車,Na
16.0,充電站,Nc
16.0,第三,Neu
16.0,期,Nf
16.0,準備,VF
16.0,招標,VA
16.0,個,Di
16.0,服務區,Nc
16.0,蓋座,VA
16.0,快充站,Nc
16.0,，,COMMACATEGORY
16.0,最,Dfa
16.0,低,VH
16.0,功率,Na
16.0,起跳,VA
16.0,國道,Nc
16.0,電動車,Na
16.0,充電站,Nc
16.0,準備,VC
16.0,第三,Neu
16.0,期,Nf
16.0,招標,VA
16.0,，,COMMACATEGORY
16.0,共計,VJ
16.0,個,Di
16.0,服務區,Nc
16.0,要,D
16.0,蓋座,VA
16.0,快充站,Nc
16.0,，,COMMACATEGORY
16.0,充電,VA
16.0,設備,Na
16.0,功率,Na
16.0,要求,VF
16.0,也,D
16.0,提高,VC
16.0,至,P
16.0,以上,Ncd
16.0,標案,Na
16.0,預計,VE
16.0,今年,Nd
16.0,三月份,Nd
16.0,招標,VA
16.0,，,COMMACATEGORY
16.0,九月,Nd
16.0,前,Ng
16.0,完成,VC
16.0,評選,VG
16.0,，,COMMACATEGORY
16.0,預計,VE
16.0,年,Nf
16.0,營運,Nv
16.0,///,FW
16.0,高公局,Nc
16.0,規劃,VC
16.0,年前,Nd
16.0,於,P
16.0,國道,Nc
16.0,沿線,Nc
16.0,所有,Neqa
16.0,服務區,Nc
16.0,要,D
16.0,設置,VC
16.0,共,Da
16.0,個,Nf
16.0,電動車,Na
16.0,充電,VA
16.0,車位,Na
16.0,，,COMMACATEGORY
16.0,分為,VG
16.0,三,Neu
16.0,階段,Na
16.0,三標案,Na
16.0,執行,VC
16.0,第,Neu
16.0,期,Nf
16.0,由,P
16.0,中興,VH
16.0,電工,Na
16.0,得標,VH
16.0,，,COMMACATEGORY
16.0,與,P
16.0,合作,VH
16.0,經營,VC
16.0,東山,Nc
16.0,清水,Nc
16.0,湖口,Nc
16.0,南北,Ncd
16.0,共,Da
16.0,四,Neu
16.0,站,VA
16.0,個,Nf
16.0,充電,VA
16.0,車位,Na
16.0,若,Cbb
16.0,再,D
16.0,加上,VC
16.0,前年,Nd
16.0,九月,Nd
16.0,西螺,Nc
16.0,北上,VA
16.0,加油站案,Na
16.0,的,DE
16.0,特爾,Nb
16.0,電力,Na
16.0,快充站,Nc
16.0,，,COMMACATEGORY
16.0,目前,Nd
16.0,國道,Nc
16.0,上,Ncd
16.0,服務,VC
16.0,中,Ng
16.0,的,DE
16.0,充電,VA
16.0,車位,Na
16.0,共計,VJ
16.0,個,Di
16.0,第二,Neu
16.0,期,Nf
16.0,標案,Na
16.0,為,VG
16.0,蘇澳,Nc
16.0,泰安,Nc
16.0,南北,Ncd
16.0,關西仁德,Nc
16.0,南北,Ncd
16.0,等,Cab
16.0,六,Neu
16.0,站,Nc
16.0,共,Da
16.0,個,Nf
16.0,充電,Nv
16.0,車位,Na
16.0,，,COMMACATEGORY
16.0,去年,Nd
16.0,月,Na
16.0,決標,VA
16.0,，,COMMACATEGORY
16.0,由,P
16.0,中興,VH
16.0,電工,Na
16.0,連莊,VH
16.0,，,COMMACATEGORY
16.0,現已,D
16.0,進入,VCL
16.0,建置,VC
16.0,階段,Na
16.0,，,COMMACATEGORY
16.0,今年,Nd
16.0,底,Ng
16.0,之前,Ng
16.0,會,D
16.0,啟用,VC
16.0,最後,Nd
16.0,波,Na
16.0,的,DE
16.0,第三,Neu
16.0,期,Nf
16.0,標案,Na
16.0,預計,VE
16.0,三月,Nd
16.0,進入,VCL
16.0,招標,VA
16.0,階段,Na
16.0,，,COMMACATEGORY
16.0,將,P
16.0,餘下,VJ
16.0,的,DE
16.0,所有,Neqa
16.0,服務區,Nc
16.0,納入,VJ
16.0,，,COMMACATEGORY
16.0,連,Cbb
16.0,興建,VC
16.0,中,Ng
16.0,的,DE
16.0,新,VH
16.0,營,Na
16.0,服務區,Nc
16.0,與,Caa
16.0,東草屯,Nc
16.0,休息站,Nc
16.0,也,D
16.0,涵蓋,VJ
16.0,在,P
16.0,內,Ncd
16.0,，,COMMACATEGORY
16.0,總計,Da
16.0,國道號,Nc
16.0,三號,Nc
16.0,五號,Nc
16.0,六號,Nc
16.0,共,Da
16.0,個,Nf
16.0,服務區,Nc
16.0,要,D
16.0,蓋座,VA
16.0,電動車,Na
16.0,快,D
16.0,充,VG
16.0,站,VA
16.0,，,COMMACATEGORY
16.0,每,Nes
16.0,站,Nc
16.0,規劃,VC
16.0,至,P
16.0,個,Nf
16.0,充電,VA
16.0,車位,Na
16.0,國道,Nc
16.0,服務區,Nc
16.0,電動車,Na
16.0,充電站,Nc
16.0,總表,Na
16.0,///,FW
16.0,在,P
16.0,招標,VA
16.0,說明會,Na
16.0,前夕,Nd
16.0,，,COMMACATEGORY
16.0,高公局,Nc
16.0,也,D
16.0,已,D
16.0,針對,P
16.0,當中,Ncd
16.0,七,Neu
16.0,個,Nf
16.0,服務區,Nc
16.0,列出,VC
16.0,充電站,Nc
16.0,建議,Na
16.0,設置,VC
16.0,位置,Na
16.0,，,COMMACATEGORY
16.0,可見,Dk
16.0,以下,Ncd
16.0,///,FW
16.0,///,FW
16.0,///,FW
16.0,///,FW
16.0,///,FW
16.0,///,FW
16.0,///,FW
16.0,///,FW
16.0,根據,P
16.0,招標,VA
16.0,說明書,Na
16.0,，,COMMACATEGORY
16.0,第三,Neu
16.0,期,Nf
16.0,國道,Nc
16.0,快充站,Nc
16.0,看來,D
16.0,是,SHI
16.0,有,V_2
16.0,要求,VF
16.0,充電,VA
16.0,設備,Na
16.0,最,Dfa
16.0,低,VH
16.0,功率,Na
16.0,為,VG
16.0,，,COMMACATEGORY
16.0,這,Nep
16.0,點,Nf
16.0,比,P
16.0,前,Nes
16.0,二,Neu
16.0,期,Nf
16.0,開出來,VC
16.0,的,DE
16.0,規格,Na
16.0,都,D
16.0,要,D
16.0,高,VH
16.0,很多,Neqa
16.0,，,COMMACATEGORY
16.0,終於,D
16.0,有,V_2
16.0,跟上,VC
16.0,時代,Na
16.0,的,DE
16.0,感覺,Na
16.0,國道,Nc
16.0,充電站,Nc
16.0,收費,VD
16.0,標準,Na
16.0,不得,D
16.0,高於,VJ
16.0,服務區,Nc
16.0,以外,Ng
16.0,地區,Nc
16.0,的,DE
16.0,充電,VA
16.0,費率,Na
16.0,，,COMMACATEGORY
16.0,充電,VA
16.0,設備,Na
16.0,至少,Da
16.0,要,D
16.0,有,V_2
16.0,支,Nf
16.0,，,COMMACATEGORY
16.0,其他,Neqa
16.0,規格,Na
16.0,由,P
16.0,業者,Na
16.0,依,P
16.0,市場,Nc
16.0,判斷,VE
16.0,，,COMMACATEGORY
16.0,以及,Caa
16.0,充好,VC
16.0,不,D
16.0,走,VA
16.0,可,D
16.0,收,VC
16.0,佔用費,Na
16.0,等,Cab
16.0,，,COMMACATEGORY
16.0,這些,Neqa
16.0,規則,Na
16.0,都,D
16.0,繼續,VF
16.0,存在,VA
16.0,另外,Cbb
16.0,才,Da
16.0,剛,D
16.0,通過,VC
16.0,的,DE
16.0,停車場法,Na
16.0,有,V_2
16.0,保障,Na
16.0,充電,VA
16.0,專用,VI
16.0,車位,Na
16.0,，,COMMACATEGORY
16.0,這,Nep
16.0,在,P
16.0,國道,Nc
16.0,快充站,Nc
16.0,可以,D
16.0,怎麼,D
16.0,施行,VC
16.0,這,Nep
16.0,點,Na
16.0,目前,Nd
16.0,還,D
16.0,不,D
16.0,確定,VK
16.0,，,COMMACATEGORY
16.0,就,D
16.0,期待,VK
16.0,高公局,Nc
16.0,和,Caa
16.0,業者,Na
16.0,可以,D
16.0,起,VC
16.0,討論,VE
16.0,出,VC
16.0,個,Di
16.0,有效,VH
16.0,的,DE
16.0,管理,VC
16.0,辦法,Na
16.0,國道,Nc
16.0,服務區,Nc
16.0,電動車,Na
16.0,充電站,Nc
16.0,設置,VC
16.0,要點,Na
16.0,充電樁,Na
16.0,設置,VC
16.0,規格,Na
16.0,充電,Nv
16.0,設備,Na
16.0,最,Dfa
16.0,低,VH
16.0,輸出,VC
16.0,功率,Na
16.0,需,D
16.0,為,VG
16.0,以上,Ncd
16.0,充電樁,Na
16.0,，,COMMACATEGORY
16.0,充電,VA
16.0,設備,Na
16.0,至少,Da
16.0,座規,Na
16.0,格,Na
16.0,充電樁,Na
16.0,，,COMMACATEGORY
16.0,依,P
16.0,市場,Nc
16.0,需求,Na
16.0,增設,VC
16.0,其他,Neqa
16.0,規格,Na
16.0,如,P
16.0,或,Caa
16.0,",",COMMACATEGORY
16.0,視,P
16.0,實際,VH
16.0,服務,VC
16.0,需求,Na
16.0,提昇,VC
16.0,充電,VA
16.0,設備,Na
16.0,輸出,VC
16.0,功率,Na
16.0,充電樁,Na
16.0,充電,Nv
16.0,時間,Na
16.0,為,P
16.0,促進,VK
16.0,服務區,Nc
16.0,充電,Nv
16.0,車位,Na
16.0,使用,VC
16.0,周轉率,Na
16.0,，,COMMACATEGORY
16.0,充電樁,Na
16.0,提供,VD
16.0,電動,A
16.0,車輛,Na
16.0,充電,VA
16.0,服務,VC
16.0,時間,Na
16.0,，,COMMACATEGORY
16.0,以,P
16.0,不,D
16.0,超過,VJ
16.0,小時,Na
16.0,為,VG
16.0,原則,Na
16.0,充電樁,Na
16.0,用電,Na
16.0,由,P
16.0,提供,VD
16.0,電動,A
16.0,車輛,Na
16.0,充電,VA
16.0,服務,VC
16.0,之,DE
16.0,廠商,Na
16.0,自行,D
16.0,依,P
16.0,設置,VC
16.0,充電樁,Na
16.0,規劃,VC
16.0,之,DE
16.0,需求,Na
16.0,，,COMMACATEGORY
16.0,向,P
16.0,標的,Na
16.0,服務,VC
16.0,區,Nc
16.0,所在,Na
16.0,電力,Na
16.0,公司,Nc
16.0,申請,VF
16.0,專用,VI
16.0,電源,Na
16.0,充電樁,Na
16.0,建置,VC
16.0,設備,Na
16.0,應,D
16.0,特別,VH
16.0,注意,VK
16.0,行車,VA
16.0,安全,VH
16.0,不,D
16.0,影響,VC
16.0,原,A
16.0,停車場,Nc
16.0,之,DE
16.0,配置,Nv
16.0,進出,VCL
16.0,動線,Na
16.0,標誌,Na
16.0,識讀性,Na
16.0,及,Caa
16.0,四周,Ncd
16.0,環境,Na
16.0,亮度,Na
16.0,，,COMMACATEGORY
16.0,若,Cbb
16.0,有,V_2
16.0,必要,Na
16.0,，,COMMACATEGORY
16.0,需,D
16.0,考量,VE
16.0,增設,VC
16.0,照明,Nv
16.0,設施,Na
16.0,充電樁,Na
16.0,數量,Na
16.0,變更,VC
16.0,視,P
16.0,未來,Nd
16.0,電動車,Na
16.0,發展,VC
16.0,趨勢,Na
16.0,，,COMMACATEGORY
16.0,向,P
16.0,高公局,Nc
16.0,提出,VC
16.0,變更,Na
16.0,或,Caa
16.0,擴充,VC
16.0,申請,VF
16.0,核准,VE
16.0,後,Ng
16.0,變更,VC
16.0,之,DE
16.0,最後,Nd
16.0,還,D
16.0,有點,Dfa
16.0,，,COMMACATEGORY
16.0,是,SHI
16.0,第三,Neu
16.0,期,Nf
16.0,標案,Na
16.0,站數,Na
16.0,眾多,VH
16.0,，,COMMACATEGORY
16.0,因此,Cbb
16.0,高公局,Nc
16.0,是,SHI
16.0,採取,VC
16.0,個標案,Na
16.0,由,P
16.0,二,Neu
16.0,業者,Na
16.0,分配,VD
16.0,的,DE
16.0,做法,Na
16.0,，,COMMACATEGORY
16.0,得標,VH
16.0,優勝,VH
16.0,廠商,Na
16.0,獲得,VJ
16.0,中壢,Nc
16.0,西湖,Nc
16.0,南投,Nc
16.0,關廟,Nc
16.0,服務區,Nc
16.0,，,COMMACATEGORY
16.0,外加,VC
16.0,個,Di
16.0,東草屯,Nc
16.0,休息站,Nc
16.0,，,COMMACATEGORY
16.0,次優,VH
16.0,廠商,Na
16.0,則,D
16.0,是,SHI
16.0,拿到,VC
16.0,石碇,Nc
16.0,西螺,Nc
16.0,古坑,Nc
16.0,新營,Nc
16.0,服務區,Nc
16.0,也就是說,Dk
16.0,，,COMMACATEGORY
16.0,第三,Neu
16.0,期,Nf
16.0,國道,Nc
16.0,快,D
16.0,充站,VA
16.0,不管,Cbb
16.0,怎麼,D
16.0,標,VC
16.0,，,COMMACATEGORY
16.0,最,Dfa
16.0,後定,Na
16.0,會,D
16.0,出現,VH
16.0,二,Neu
16.0,家,Nf
16.0,不同,VH
16.0,的,DE
16.0,充電,VA
16.0,營運商,Na
16.0,的,DE
16.0,///,FW
16.0,心得,Na
16.0,/,FW
16.0,說明字,Na
16.0,以上,Ng
16.0,目前,Nd
16.0,國道,Nc
16.0,快,D
16.0,充,VJ
16.0,已,D
16.0,有,V_2
16.0,站,VA
16.0,共,Da
16.0,個,Nf
16.0,充電,VA
16.0,車位,Na
16.0,今年,Nd
16.0,底,Ng
16.0,之前,Ng
16.0,會,D
16.0,再,D
16.0,啟用,VC
16.0,站,VA
16.0,個,Di
16.0,充電,Nv
16.0,車位,Na
16.0,而,Cbb
16.0,即將,D
16.0,於,P
16.0,三月,Nd
16.0,招標,VA
16.0,的,DE
16.0,第三,Neu
16.0,期,Nf
16.0,標案,Na
16.0,將,D
16.0,會,D
16.0,有,V_2
16.0,站,Nc
16.0,，,COMMACATEGORY
16.0,預計,VE
16.0,~,FW
16.0,個,Nf
16.0,充電,VA
16.0,車位,Na
16.0,國道,Nc
16.0,快,D
16.0,充,VJ
16.0,的,DE
16.0,便利度,Na
16.0,真的,D
16.0,越來越,Dfa
16.0,好,VH
16.0,以,P
16.0,目前,Nd
16.0,大多數,Neqa
16.0,的,DE
16.0,純,VH
16.0,電車款,Na
16.0,充電,VA
16.0,效率,Na
16.0,來,D
16.0,說,VE
16.0,國道,Nc
16.0,休息站,Nc
16.0,上,Nes
16.0,個,Nf
16.0,廁所,Nc
16.0,分鐘,Nf
16.0,期間,Na
16.0,補進,VC
16.0,所,D
16.0,需,VK
16.0,電量,Na
16.0,不,D
16.0,是,SHI
16.0,問題,Na
16.0,只有,Cbb
16.0,少數,Neqa
16.0,小,VH
16.0,電池,Na
16.0,的,DE
16.0,都會,Nc
16.0,車款,Na
16.0,無法,D
16.0,達標,VJ
16.0,國道,Nc
16.0,休息站,Nc
16.0,快,D
16.0,充,VG
16.0,提供,VD
16.0,的,DE
16.0,便利度,Na
16.0,勢必,D
16.0,提升,VC
16.0,了,Di
16.0,消費者,Na
16.0,購買,VC
16.0,純,VH
16.0,電車,Na
16.0,的,DE
16.0,意願,Na
16.0,最近,Nd
16.0,有,V_2
16.0,特價,Na
16.0,活動,Na
16.0,有,V_2
16.0,需要,Na
16.0,的,DE
16.0,車主,Na
16.0,請,VF
16.0,不要,D
16.0,錯過,VJ
16.0,每,Nes
16.0,度,Nf
16.0,電,Na
16.0,享有,VJ
16.0,元,Nf
16.0,優惠,VJ
16.0,直到,P
16.0,//,FW
16.0,///,FW
208.0,先前,Nd
208.0,有,V_2
208.0,訂,VC
208.0,本來,D
208.0,月,Na
208.0,收到,VC
208.0,說,VE
208.0,月,Na
208.0,中,Ng
208.0,交車,VA
208.0,已,D
208.0,降價,VH
208.0,，,COMMACATEGORY
208.0,因故,D
208.0,我,Nh
208.0,想,VE
208.0,順延到,VC
208.0,下,Nes
208.0,個,Nf
208.0,季度,Nd
208.0,再,D
208.0,交,VD
208.0,車,Na
208.0,剛剛,D
208.0,收到,VC
208.0,電話,Na
208.0,說,VE
208.0,特斯拉,Nb
208.0,打算,VF
208.0,月底,Nd
208.0,把,P
208.0,停車,VA
208.0,輔助,VC
208.0,加回去,VC
208.0,，,COMMACATEGORY
208.0,問,VE
208.0,我,Nh
208.0,有沒有,D
208.0,意願,Na
208.0,在,P
208.0,這,Nep
208.0,批,Nf
208.0,交車,VA
208.0,沒有,D
208.0,說明,VE
208.0,是,SHI
208.0,硬體,Na
208.0,還是,Caa
208.0,軟體,Na
208.0,方案,Na
208.0,在,P
208.0,想,VE
208.0,是,SHI
208.0,不,D
208.0,是,SHI
208.0,最近,Nd
208.0,太多,Neqa
208.0,人,Na
208.0,順延,VB
208.0,了,Di
208.0,，,COMMACATEGORY
208.0,所以,Cbb
208.0,才,Da
208.0,會,D
208.0,有,V_2
208.0,這樣,Dfa
208.0,主動,VH
208.0,的,DE
208.0,意願,Na
208.0,徵詢,VE
208.0,猜測,VE
208.0,停車,VA
208.0,輔助,VC
208.0,與,Caa
208.0,降價,VH
208.0,還是,D
208.0,有,V_2
208.0,影響,Na
208.0,交,VD
208.0,車,Na
208.0,情況,Na
208.0,有,V_2
208.0,人,Na
208.0,有,V_2
208.0,收到,VC
208.0,這,Nep
208.0,個,Nf
208.0,訊息,Na
208.0,嗎,T
208.0,還,D
208.0,有沒有,D
208.0,進步,VH
208.0,的,DE
208.0,資訊,Na
240.0,電子,Na
240.0,廠商,Na
240.0,爭先,D
240.0,搶入,VCL
240.0,電動車,Na
240.0,，,COMMACATEGORY
240.0,索尼鴻海,Nc
240.0,高通,Nb
240.0,蘋果,Na
240.0,和,Caa
240.0,小米,Na
240.0,各,D
240.0,有,V_2
240.0,不同,VH
240.0,戰略,Na
240.0,原文,Na
240.0,連結,VC
240.0,///,FW
240.0,原文,Na
240.0,內容,Na
240.0,電動車,Na
240.0,本質,Na
240.0,似乎,D
240.0,不,D
240.0,完全,D
240.0,是,SHI
240.0,汽車,Na
240.0,，,COMMACATEGORY
240.0,電動車,Na
240.0,不再,D
240.0,是,SHI
240.0,汽車,Na
240.0,製造商,Na
240.0,稱霸,VH
240.0,的,DE
240.0,天下,Na
240.0,，,COMMACATEGORY
240.0,許多,Neqa
240.0,電子,Na
240.0,公司,Nc
240.0,正在,D
240.0,進軍,VCL
240.0,電動車,Na
240.0,領域,Na
240.0,，,COMMACATEGORY
240.0,有,V_2
240.0,些,Nf
240.0,公司,Nc
240.0,懷,VJ
240.0,著,Di
240.0,製造,VC
240.0,自己,Nh
240.0,電動車,Na
240.0,的,DE
240.0,雄心,Na
240.0,，,COMMACATEGORY
240.0,有些,Neqa
240.0,是,SHI
240.0,為,P
240.0,他人,Nh
240.0,製造,VC
240.0,的,DE
240.0,下,Nes
240.0,代,Na
240.0,聯網,Na
240.0,軟體,Na
240.0,密集型,Na
240.0,電動車,Na
240.0,，,COMMACATEGORY
240.0,並,Cbb
240.0,提供,VD
240.0,作業,Na
240.0,系統,Na
240.0,或,Caa
240.0,運算,VC
240.0,能力,Na
240.0,電子,Na
240.0,產業,Na
240.0,中,Ng
240.0,熱門,VH
240.0,的,DE
240.0,名字,Na
240.0,包含,VJ
240.0,索尼鴻海輝達,Nb
240.0,高通,Nb
240.0,蘋果,Na
240.0,和,Caa
240.0,谷歌,Nb
240.0,，,COMMACATEGORY
240.0,甚至,D
240.0,小米,Na
240.0,索尼,Nb
240.0,和,Caa
240.0,本田,Nb
240.0,的,DE
240.0,合資,VA
240.0,企業,Na
240.0,，,COMMACATEGORY
240.0,預計,VE
240.0,在,P
240.0,三,Neu
240.0,年,Nf
240.0,後,Ng
240.0,商品化,VHC
240.0,電動車,Na
240.0,，,COMMACATEGORY
240.0,如今,Nd
240.0,高通,Nb
240.0,在,P
240.0,運算,VC
240.0,能力,Na
240.0,的,DE
240.0,支援,VC
240.0,和,Caa
240.0,的,DE
240.0,進步,VH
240.0,投入,VC
240.0,之下,Ng
240.0,，,COMMACATEGORY
240.0,期望,VK
240.0,為,P
240.0,其,Nep
240.0,電動車,Na
240.0,帶來,VC
240.0,搭載,VC
240.0,運算,VC
240.0,能力,Na
240.0,，,COMMACATEGORY
240.0,以,P
240.0,實踐,VC
240.0,電動車,Na
240.0,成為,VG
240.0,行動,Na
240.0,產業,Na
240.0,的,DE
240.0,明星,Na
240.0,至於,P
240.0,鴻海,Nb
240.0,則,D
240.0,是,SHI
240.0,希望,VK
240.0,在,P
240.0,電動車,Na
240.0,產業,Na
240.0,上,Ncd
240.0,複製,VC
240.0,其,Nep
240.0,在,P
240.0,消費,Na
240.0,電子,Na
240.0,領域,Na
240.0,扮演,VC
240.0,的,DE
240.0,幕後,Nc
240.0,角色,Na
240.0,它,Nh
240.0,已經,D
240.0,建立,VC
240.0,了,Di
240.0,從,P
240.0,設計,VC
240.0,到,P
240.0,測試,VC
240.0,以及,Caa
240.0,製造,VC
240.0,的,DE
240.0,各,Nes
240.0,個,Nf
240.0,方面,Na
240.0,的,DE
240.0,電動車,Na
240.0,能力,Na
240.0,，,COMMACATEGORY
240.0,並,Cbb
240.0,聲稱,VE
240.0,到,P
240.0,年,Na
240.0,它,Nh
240.0,將,D
240.0,生產,VC
240.0,全球,Nc
240.0,的,DE
240.0,電動車,Na
240.0,例如,P
240.0,宣布,VE
240.0,鴻海,Nb
240.0,將,D
240.0,生產,VC
240.0,其,Nep
240.0,模型,Na
240.0,中國,Nc
240.0,除了,P
240.0,華為,Nb
240.0,已,D
240.0,與,P
240.0,中國,Nc
240.0,汽車,Na
240.0,製造商,Na
240.0,合作,VH
240.0,推出,VC
240.0,插電式,A
240.0,混合,VC
240.0,動力,Na
240.0,和,Caa
240.0,全,Neqa
240.0,電動車,Na
240.0,之外,Ng
240.0,，,COMMACATEGORY
240.0,科技,Na
240.0,公司,Nc
240.0,小米,Na
240.0,有望,VH
240.0,在,P
240.0,年憑,Na
240.0,藉著,P
240.0,想要,VE
240.0,學習,VC
240.0,特斯拉,Nb
240.0,轎車,Na
240.0,設計,Na
240.0,的,DE
240.0,概念,Na
240.0,而,Cbb
240.0,推出,VC
240.0,自己,Nh
240.0,品牌,Na
240.0,的,DE
240.0,電動車,Na
240.0,其實,D
240.0,，,COMMACATEGORY
240.0,小米,Na
240.0,汽車,Na
240.0,於,P
240.0,年,Na
240.0,就,D
240.0,已經,D
240.0,正式,VH
240.0,註冊,VA
240.0,，,COMMACATEGORY
240.0,旗下,Nc
240.0,並,Cbb
240.0,擁有,VJ
240.0,多,Neqa
240.0,名,Nf
240.0,研發,VC
240.0,團隊,Na
240.0,員工,Na
240.0,，,COMMACATEGORY
240.0,最近,Nd
240.0,完成,VC
240.0,了,Di
240.0,其,Nep
240.0,首,Nes
240.0,款,Nf
240.0,電動車,Na
240.0,車型,Na
240.0,的,DE
240.0,冬季,Nd
240.0,測試,VC
240.0,小米,Na
240.0,將,P
240.0,其,Nep
240.0,電動車,Na
240.0,的,DE
240.0,定位,Na
240.0,是,SHI
240.0,，,COMMACATEGORY
240.0,進入,VCL
240.0,特斯拉,Nb
240.0,小型,Na
240.0,電動車,Na
240.0,的,DE
240.0,價格,Na
240.0,的,DE
240.0,入門級,Na
240.0,車型,Na
240.0,，,COMMACATEGORY
240.0,也,D
240.0,擁有,VJ
240.0,和,P
240.0,蔚來,Nb
240.0,和,Caa
240.0,小鵬,Nb
240.0,等,Cab
240.0,性能,Na
240.0,和,Caa
240.0,尺寸,Na
240.0,致,VL
240.0,的,DE
240.0,高級,VH
240.0,轎車,Na
240.0,其中,Nep
240.0,，,COMMACATEGORY
240.0,入門級,Na
240.0,車型,Na
240.0,可能,D
240.0,採用,VC
240.0,伏特,Nf
240.0,充電,VA
240.0,架構,Na
240.0,，,COMMACATEGORY
240.0,使用,VC
240.0,的,DE
240.0,磷酸,Na
240.0,鐵鋰,Na
240.0,電池,Na
240.0,，,COMMACATEGORY
240.0,而,Cbb
240.0,高階,A
240.0,車型,Na
240.0,可,D
240.0,獲得,VJ
240.0,伏特,Nf
240.0,平台,Na
240.0,，,COMMACATEGORY
240.0,配備,VC
240.0,感測器,Na
240.0,和,Caa
240.0,輝達,Nb
240.0,的,DE
240.0,運算,VC
240.0,晶片,Na
240.0,，,COMMACATEGORY
240.0,並,Cbb
240.0,為,P
240.0,未來,Nd
240.0,自動,VH
240.0,駕駛,VC
240.0,做,VC
240.0,準備,VC
240.0,此外,Cbb
240.0,，,COMMACATEGORY
240.0,小米,Na
240.0,電動車,Na
240.0,的,DE
240.0,所有,Neqa
240.0,型號,Na
240.0,均,D
240.0,採用,VC
240.0,高通,Nb
240.0,汽車,Na
240.0,處理器,Na
240.0,，,COMMACATEGORY
240.0,並,Cbb
240.0,配備,VC
240.0,大型,Na
240.0,中央,Nc
240.0,觸控,VC
240.0,螢幕,Na
240.0,，,COMMACATEGORY
240.0,這,Nep
240.0,也,D
240.0,是,SHI
240.0,中國,Nc
240.0,新,D
240.0,推出,VC
240.0,電動車,Na
240.0,的,DE
240.0,典型,VH
240.0,特徵,Na
240.0,至於,P
240.0,蘋果,Na
240.0,，,COMMACATEGORY
240.0,其,Nep
240.0,電動車,Na
240.0,專案,Na
240.0,已經,D
240.0,以,P
240.0,不同,VH
240.0,程度,Na
240.0,研發,VC
240.0,了,Di
240.0,大約,Da
240.0,八,Neu
240.0,年,Nf
240.0,雖然,Cbb
240.0,有關,VJ
240.0,其,Nep
240.0,電動車,Na
240.0,的,DE
240.0,資訊,Na
240.0,仍舊,D
240.0,很少,VH
240.0,，,COMMACATEGORY
240.0,但,Cbb
240.0,蘋果,Na
240.0,公司,Nc
240.0,卻,D
240.0,已經,D
240.0,宣布,VE
240.0,其,Nep
240.0,下,Nes
240.0,代,Na
240.0,將,D
240.0,能夠,D
240.0,更,Dfa
240.0,像,VG
240.0,作業,Nv
240.0,系統,Na
240.0,樣,Na
240.0,工作,Na
240.0,，,COMMACATEGORY
240.0,並,Cbb
240.0,接管,VC
240.0,儀表板,Na
240.0,以及,Caa
240.0,對,P
240.0,座椅,Na
240.0,加熱,VB
240.0,和,Caa
240.0,空調,Na
240.0,等,Cab
240.0,功能,Na
240.0,進行,VC
240.0,控制,VC
240.0,谷歌,Nb
240.0,的,DE
240.0,作業,Na
240.0,系統,Na
240.0,，,COMMACATEGORY
240.0,已經,D
240.0,為,P
240.0,各,Nes
240.0,種,Nf
240.0,汽車,Na
240.0,提供,VD
240.0,車載,Na
240.0,智慧化,VHC
240.0,，,COMMACATEGORY
240.0,包括,VK
240.0,富豪,Na
240.0,雷諾,Nb
240.0,和,Caa
240.0,各,Nes
240.0,種,Nf
240.0,通用,VJ
240.0,汽車,Na
240.0,品牌,Na
240.0,總之,Dk
240.0,，,COMMACATEGORY
240.0,對於,P
240.0,新,VH
240.0,玩家,Na
240.0,來,D
240.0,說,VE
240.0,，,COMMACATEGORY
240.0,電動車,Na
240.0,是,SHI
240.0,個,Nf
240.0,新,VH
240.0,領域,Na
240.0,且,Caa
240.0,具備,VJ
240.0,更多,Neqa
240.0,獲利,VH
240.0,條件,Na
240.0,，,COMMACATEGORY
240.0,如今,Nd
240.0,出現,VH
240.0,了,Di
240.0,前所未有,VH
240.0,的,DE
240.0,蓬勃,VH
240.0,發展,VC
240.0,，,COMMACATEGORY
240.0,因為,Cbb
240.0,大家,Nh
240.0,都,D
240.0,相信,VK
240.0,電氣化,VHC
240.0,傳動,VA
240.0,系統,Na
240.0,為,VG
240.0,電子,Na
240.0,和,Caa
240.0,其他,Neqa
240.0,科技,Na
240.0,領域,Na
240.0,的,DE
240.0,公司,Nc
240.0,提供,VD
240.0,新,VH
240.0,商機,Na
240.0,，,COMMACATEGORY
240.0,是,SHI
240.0,絕對,D
240.0,不能,D
240.0,錯過,VJ
240.0,的,DE
240.0,新,VH
240.0,領域,Na
240.0,如何,D
240.0,突破,VC
240.0,傳統,VH
240.0,汽車,Na
240.0,設計,Na
240.0,的,DE
240.0,限制,Na
240.0,，,COMMACATEGORY
240.0,為,P
240.0,電動車,Na
240.0,帶來,VC
240.0,新,VH
240.0,生命,Na
240.0,，,COMMACATEGORY
240.0,將,D
240.0,有賴,VK
240.0,電子,Na
240.0,廠商,Na
240.0,的,DE
240.0,新,VH
240.0,創意,Na
240.0,了,T
240.0,心得,Na
240.0,/,FW
240.0,說明字,Na
240.0,以上,Ng
240.0,電動車,Na
240.0,市場,Nc
240.0,潛力,Na
240.0,無窮,VH
240.0,且,Caa
240.0,不再,D
240.0,只有,Cbb
240.0,車廠,Nc
240.0,能夠,D
240.0,加入,VC
240.0,戰局,Na
240.0,，,COMMACATEGORY
240.0,索尼鴻海輝達,Nb
240.0,高通,Nb
240.0,蘋果,Na
240.0,谷歌,Nb
240.0,，,COMMACATEGORY
240.0,以及,Caa
240.0,小米,Na
240.0,都,D
240.0,紛紛,D
240.0,加入,VC
240.0,市場,Nc
240.0,開發,VC
240.0,及,Caa
240.0,車載,Na
240.0,軟體,Na
240.0,等,Cab
240.0,，,COMMACATEGORY
240.0,其中,Nep
240.0,小米,Na
240.0,更,Dfa
240.0,在,P
240.0,近日,Nd
240.0,完成,VC
240.0,其,Nep
240.0,首,Nes
240.0,款,Nf
240.0,的,DE
240.0,冬季,Nd
240.0,測試,VC
240.0,，,COMMACATEGORY
240.0,小米,Na
240.0,開發,VC
240.0,入門,VA
240.0,及,Caa
240.0,高階,A
240.0,車款,Na
240.0,，,COMMACATEGORY
240.0,次,Nes
240.0,開發,VC
240.0,兩,Neu
240.0,種,Nf
240.0,車款,Na
240.0,原文,Na
240.0,及,Caa
240.0,網址,Na
240.0,連結,VC
240.0,心得,Na
240.0,或,Caa
240.0,意見字,Na
240.0,不,D
240.0,含,VC
240.0,標點符號,Na
386.0,原文,Na
386.0,連結,VC
386.0,/////,FW
386.0,_,FW
386.0,原文,Na
386.0,內容,Na
386.0,竹北,Nc
386.0,莊敬六路,Nc
386.0,處,Nc
386.0,建築,Na
386.0,基地,Nc
386.0,旁,Ncd
386.0,昨日,Nd
386.0,發生,VJ
386.0,馬路,Na
386.0,坍塌,VH
386.0,意外,Na
386.0,，,COMMACATEGORY
386.0,輛,Na
386.0,才,Da
386.0,落地,VA
386.0,個,Nf
386.0,月,Na
386.0,的,DE
386.0,特斯拉當,Nc
386.0,埸,Na
386.0,掉入,VCL
386.0,坑洞,Na
386.0,，,COMMACATEGORY
386.0,車主,Na
386.0,接獲,VC
386.0,妻子,Na
386.0,通報,VE
386.0,趕到,VCL
386.0,現場,Nc
386.0,，,COMMACATEGORY
386.0,雖然,Cbb
386.0,當下,D
386.0,慶幸,VK
386.0,還好人,Na
386.0,沒,D
386.0,在,P
386.0,裡面,Ncd
386.0,，,COMMACATEGORY
386.0,但,Cbb
386.0,這,Nep
386.0,生死,Na
386.0,瞬間,Nd
386.0,的,DE
386.0,慶幸,VK
386.0,卻,D
386.0,造成,VK
386.0,全,Neqa
386.0,家,Nc
386.0,人,Na
386.0,的,DE
386.0,恐懼,Nv
386.0,他,Nh
386.0,說,VE
386.0,，,COMMACATEGORY
386.0,因為,Cbb
386.0,這,Nep
386.0,起,Nf
386.0,意外,Na
386.0,造成,VK
386.0,他,Nh
386.0,憂鬱,VH
386.0,恐慌症,Na
386.0,復發,VH
386.0,，,COMMACATEGORY
386.0,昨晚,Nd
386.0,靠,VJ
386.0,著,Di
386.0,藥物,Na
386.0,才,Da
386.0,能,D
386.0,入睡,VH
386.0,，,COMMACATEGORY
386.0,更,Dfa
386.0,慘,VH
386.0,的,DE
386.0,是,SHI
386.0,萬,Neu
386.0,的,DE
386.0,新,VH
386.0,車,Na
386.0,根本,D
386.0,沒辦法,VI
386.0,修,VC
386.0,，,COMMACATEGORY
386.0,只,Da
386.0,能,D
386.0,報廢,VH
386.0,車主,Na
386.0,表示,VE
386.0,，,COMMACATEGORY
386.0,昨日,Nd
386.0,中午,Nd
386.0,位,Nf
386.0,自稱,VG
386.0,是,SHI
386.0,工地,Nc
386.0,主任,Na
386.0,的,DE
386.0,建設,Na
386.0,公司,Nc
386.0,代表,Na
386.0,主動,VH
386.0,找上,VC
386.0,他,Nh
386.0,，,COMMACATEGORY
386.0,車主,Na
386.0,主動,VH
386.0,拿出,VC
386.0,名片,Na
386.0,給,VD
386.0,對方,Nh
386.0,，,COMMACATEGORY
386.0,但,Cbb
386.0,對方,Nh
386.0,只,Da
386.0,留下,VC
386.0,我們,Nh
386.0,會,D
386.0,再,D
386.0,聯繫,VC
386.0,你,Nh
386.0,就,D
386.0,沒,VJ
386.0,了,T
386.0,，,COMMACATEGORY
386.0,他,Nh
386.0,連,Cbb
386.0,對方,Nh
386.0,是,SHI
386.0,誰,Nh
386.0,之後,Ng
386.0,對口,VA
386.0,要,D
386.0,找,VC
386.0,誰,Nh
386.0,電,VC
386.0,話,Na
386.0,幾,Neu
386.0,號,Nf
386.0,甚至,D
386.0,公司,Nc
386.0,打,VC
386.0,總機,Na
386.0,要,D
386.0,轉給,VD
386.0,誰,Nh
386.0,都,D
386.0,不,D
386.0,知道,VK
386.0,，,COMMACATEGORY
386.0,完全,D
386.0,處於,VJ
386.0,個,Di
386.0,快要,D
386.0,被,P
386.0,拋棄,VC
386.0,的,DE
386.0,階段,Na
386.0,另方面,Cbb
386.0,，,COMMACATEGORY
386.0,吊車,Na
386.0,業者,Na
386.0,昨天,Nd
386.0,將,D
386.0,掉入,VCL
386.0,天坑,Na
386.0,的,DE
386.0,特斯拉,Nb
386.0,吊回,VCL
386.0,台北,Nc
386.0,，特斯拉,Nb
386.0,總公司,Nc
386.0,回復,VJ
386.0,車輛,Na
386.0,已經,D
386.0,報,VC
386.0,廢,VC
386.0,，,COMMACATEGORY
386.0,根本,D
386.0,連,D
386.0,修,VC
386.0,都,D
386.0,沒辦法,VI
386.0,修,VC
386.0,，,COMMACATEGORY
386.0,萬,Neu
386.0,的,DE
386.0,新,VH
386.0,車,Na
386.0,只,Da
386.0,開,VC
386.0,了,Di
386.0,個,Nf
386.0,多,Neqb
386.0,月,Na
386.0,，,COMMACATEGORY
386.0,雖然,Cbb
386.0,有,V_2
386.0,理賠,VD
386.0,，,COMMACATEGORY
386.0,但是,Cbb
386.0,車子,Na
386.0,包膜,Na
386.0,貼隔,VC
386.0,熱紙,Na
386.0,等,Cab
386.0,多萬,Neu
386.0,的,DE
386.0,費用,Na
386.0,全,Neqa
386.0,都,D
386.0,無法,D
386.0,理賠,VD
386.0,車主,Na
386.0,雖然,Cbb
386.0,安慰,VC
386.0,自己人,Na
386.0,沒,VJ
386.0,事,Na
386.0,就,D
386.0,好,VH
386.0,，,COMMACATEGORY
386.0,但是,Cbb
386.0,只要,Cbb
386.0,回想,VE
386.0,，,COMMACATEGORY
386.0,自己,Nh
386.0,和,Caa
386.0,掉落,VCL
386.0,的,DE
386.0,時間,Na
386.0,相差,VJ
386.0,這麼,Dfa
386.0,接近,VH
386.0,，,COMMACATEGORY
386.0,而,Cbb
386.0,孩子,Na
386.0,才,Da
386.0,剛,D
386.0,出生,VA
386.0,，,COMMACATEGORY
386.0,如果,Cbb
386.0,剛好,Da
386.0,載,VC
386.0,老婆,Na
386.0,孩子,Na
386.0,家,Nc
386.0,三,Neu
386.0,口,Nf
386.0,呢,T
386.0,天坑,Na
386.0,吞特斯拉,Nc
386.0,已經,D
386.0,造成,VK
386.0,全,Neqa
386.0,家,Nc
386.0,人,Na
386.0,的,DE
386.0,陰影,Na
386.0,，,COMMACATEGORY
386.0,讓,VL
386.0,他,Nh
386.0,憂鬱症,Na
386.0,恐慌症,Na
386.0,發作,VH
386.0,，,COMMACATEGORY
386.0,昨晚,Nd
386.0,靠,VJ
386.0,著,Di
386.0,藥物,Na
386.0,才,Da
386.0,能,D
386.0,入睡,VH
386.0,車主,Na
386.0,說,VE
386.0,，,COMMACATEGORY
386.0,最,Dfa
386.0,令,VL
386.0,人,Na
386.0,氣憤,VH
386.0,的,DE
386.0,是,SHI
386.0,事發,VH
386.0,到,P
386.0,現在,Nd
386.0,，,COMMACATEGORY
386.0,不論,Cbb
386.0,是,SHI
386.0,建設,Na
386.0,公司,Nc
386.0,縣政府,Nc
386.0,市公所,Nc
386.0,以及,Caa
386.0,各,Nes
386.0,民意,Na
386.0,代表,Na
386.0,，,COMMACATEGORY
386.0,沒有,VJ
386.0,任何,Neqa
386.0,個,Nf
386.0,權責,Na
386.0,單位,Na
386.0,來,D
386.0,關心,VK
386.0,或,Caa
386.0,慰問,VC
386.0,他,Nh
386.0,，,COMMACATEGORY
386.0,協助,VC
386.0,我,Nh
386.0,後續,A
386.0,的,DE
386.0,生活,Na
386.0,不便,VH
386.0,或,Caa
386.0,理賠,VD
386.0,，,COMMACATEGORY
386.0,明明,D
386.0,昨天,Nd
386.0,在,P
386.0,現場,Nc
386.0,大,VH
386.0,批,Nf
386.0,民代,Na
386.0,議員,Na
386.0,助理,Na
386.0,立委,Na
386.0,助理,Na
386.0,都,D
386.0,到,VCL
386.0,現場,Nc
386.0,拍照,VB
386.0,發臉書,Na
386.0,甚至,D
386.0,直播,VC
386.0,，,COMMACATEGORY
386.0,結果,Dk
386.0,所有人,Na
386.0,都,D
386.0,只是,D
386.0,擺拍,VC
386.0,，,COMMACATEGORY
386.0,罵,VC
386.0,些,Nf
386.0,無關,VH
386.0,痛癢,Na
386.0,卻,D
386.0,沒有,VJ
386.0,實質,Na
386.0,建設,Na
386.0,的,DE
386.0,口水,Na
386.0,，,COMMACATEGORY
386.0,對於,P
386.0,車主,Na
386.0,受災,VA
386.0,住戶,Na
386.0,，,COMMACATEGORY
386.0,沒有,VJ
386.0,點,Nf
386.0,實質,Na
386.0,上,Ncd
386.0,的,DE
386.0,幫助,VC
386.0,他,Nh
386.0,說,VE
386.0,，,COMMACATEGORY
386.0,自己,Nh
386.0,和,Caa
386.0,家人,Na
386.0,已,D
386.0,因,P
386.0,受到,VJ
386.0,驚嚇,VC
386.0,造成,VK
386.0,心理,Na
386.0,陰影,Na
386.0,，,COMMACATEGORY
386.0,但,Cbb
386.0,直到,P
386.0,現在,Nd
386.0,，,COMMACATEGORY
386.0,自己,Nh
386.0,都,D
386.0,不,D
386.0,知道,VK
386.0,到底,D
386.0,誰,Nh
386.0,才,Da
386.0,是,SHI
386.0,權責,Na
386.0,單位,Na
386.0,車主,Na
386.0,說,VE
386.0,，,COMMACATEGORY
386.0,好好,VH
386.0,的,DE
386.0,新,VH
386.0,車,Na
386.0,變成,VG
386.0,報廢,VH
386.0,孤兒,Na
386.0,，,COMMACATEGORY
386.0,工作,Na
386.0,性質,Na
386.0,需要,VK
386.0,跑,VA
386.0,長途,A
386.0,到,VCL
386.0,外縣市,Nc
386.0,，,COMMACATEGORY
386.0,這,Nep
386.0,段,Nf
386.0,沒有,VJ
386.0,車,Na
386.0,的,DE
386.0,時間,Na
386.0,車主,Na
386.0,全,Neqa
386.0,都,D
386.0,要,D
386.0,自己,Nh
386.0,吞,VC
386.0,，,COMMACATEGORY
386.0,昨天,Nd
386.0,都,D
386.0,靠,P
386.0,搭乘,VC
386.0,，,COMMACATEGORY
386.0,之後,Nd
386.0,可能,D
386.0,要,D
386.0,先,D
386.0,租,VD
386.0,車,Na
386.0,渡過,VCL
386.0,車主,Na
386.0,說,VE
386.0,，,COMMACATEGORY
386.0,目前,Nd
386.0,首先,D
386.0,要,D
386.0,釐清,VC
386.0,權責,Na
386.0,單位,Na
386.0,是,SHI
386.0,誰,Nh
386.0,，,COMMACATEGORY
386.0,之後,Nd
386.0,不,D
386.0,排除,VC
386.0,委由,VF
386.0,律師,Na
386.0,或是,Caa
386.0,保險,Na
386.0,公司,Nc
386.0,代位,VA
386.0,求償,VA
386.0,，,COMMACATEGORY
386.0,包含,VJ
386.0,車輛,Na
386.0,本身,Nh
386.0,的,DE
386.0,賠償,VD
386.0,包膜,Na
386.0,隔熱紙,Na
386.0,等,Cab
386.0,財損,Na
386.0,，,COMMACATEGORY
386.0,甚至,D
386.0,還要,Dfa
386.0,主張,VE
386.0,精神,Na
386.0,賠償,VD
386.0,最後,Nd
386.0,，,COMMACATEGORY
386.0,他,Nh
386.0,不滿,VK
386.0,的,DE
386.0,說,VE
386.0,這麼多,Neqa
386.0,的,DE
386.0,民意代表,Na
386.0,到,VCL
386.0,現場,Nc
386.0,，,COMMACATEGORY
386.0,代表,VC
386.0,議員,Na
386.0,甚至,D
386.0,立委,Na
386.0,助理,Na
386.0,，,COMMACATEGORY
386.0,每,Nes
386.0,個,Nf
386.0,都,D
386.0,臉書,Na
386.0,社群,Na
386.0,發布,VC
386.0,，,COMMACATEGORY
386.0,好像,D
386.0,很,Dfa
386.0,關心,VK
386.0,這,Nep
386.0,個,Nf
386.0,事情,Na
386.0,，,COMMACATEGORY
386.0,但是,Cbb
386.0,無論,Cbb
386.0,是,SHI
386.0,現場,Nc
386.0,居民,Na
386.0,安全,VH
386.0,問題,Na
386.0,，,COMMACATEGORY
386.0,還是,Caa
386.0,車主,Na
386.0,受害方,Na
386.0,，,COMMACATEGORY
386.0,好像,D
386.0,並,D
386.0,沒有,D
386.0,給到,VD
386.0,實質,Na
386.0,的,DE
386.0,幫助,VC
386.0,，,COMMACATEGORY
386.0,好像,D
386.0,只是,D
386.0,在,P
386.0,創造,VC
386.0,話題,Na
386.0,，,COMMACATEGORY
386.0,自己,Nh
386.0,只是,D
386.0,般,Ng
386.0,普通人,Na
386.0,，,COMMACATEGORY
386.0,好不容易,D
386.0,存錢,VA
386.0,買,VC
386.0,了,Di
386.0,車,Na
386.0,，,COMMACATEGORY
386.0,現在,Nd
386.0,發生,VJ
386.0,這,Nep
386.0,種,Nf
386.0,事,Na
386.0,，,COMMACATEGORY
386.0,難道,D
386.0,真的,D
386.0,要,D
386.0,等到,VC
386.0,出人命,VH
386.0,了,T
386.0,，,COMMACATEGORY
386.0,權責,Na
386.0,單位,Na
386.0,民代,Na
386.0,才,Da
386.0,會,D
386.0,有,V_2
386.0,實際,VH
386.0,作為,Na
386.0,嗎,T
386.0,心得,Na
386.0,/,FW
386.0,說明字,Na
386.0,以上,Ng
386.0,有夠,Dfa
386.0,衰,VH
386.0,的,DE
386.0,剛,D
386.0,簽,VC
386.0,的,DE
386.0,新,VH
386.0,車,Na
386.0,直接,VH
386.0,報廢,VH
386.0,",",COMMACATEGORY
386.0,而且,Cbb
386.0,找,VC
386.0,不,D
386.0,到,VC
386.0,權責,Na
386.0,單位,Na
386.0,",",COMMACATEGORY
386.0,連,Cbb
386.0,建商,Na
386.0,都,D
386.0,愛理不理,VI
386.0,",",COMMACATEGORY
386.0,好險人,Na
386.0,沒,VJ
386.0,事,Na
386.0,~,FW
507.0,大家,Nh
507.0,好,VH
507.0,這,Nep
507.0,個,Nf
507.0,新聞,Na
507.0,剛,D
507.0,出來,VA
507.0,的,DE
507.0,時候,Na
507.0,阿北,Nb
507.0,我,Nh
507.0,有點,Dfa
507.0,緊張,VH
507.0,該,D
507.0,不會,D
507.0,真的,D
507.0,沒辦法,VI
507.0,保,VC
507.0,吧,T
507.0,我,Nh
507.0,還,D
507.0,真的,D
507.0,沒,D
507.0,開,VC
507.0,過,Di
507.0,沒,VJ
507.0,保險,Na
507.0,的,DE
507.0,車子,Na
507.0,耶,T
507.0,最後,Nd
507.0,好像,D
507.0,真的,D
507.0,只有,Cbb
507.0,富邦,Nb
507.0,出單,VA
507.0,但是,Cbb
507.0,不能,D
507.0,免,D
507.0,自付,VC
507.0,要,D
507.0,綁,VC
507.0,天災,Na
507.0,罷工,VA
507.0,竊盜,Na
507.0,好像,D
507.0,還是,D
507.0,沒有,VJ
507.0,我,Nh
507.0,想像,VK
507.0,的,DE
507.0,高,VH
507.0,啦,T
507.0,最後,Nd
507.0,分享,VJ
507.0,下,Ng
507.0,我,Nh
507.0,的,DE
507.0,保單,Na
507.0,給,P
507.0,需要,VK
507.0,的,DE
507.0,人,Na
507.0,參考,VC
507.0,下,Ng
507.0,歲,Nf
507.0,男性,Na
507.0,責任,Na
507.0,車體,Na
507.0,////,FW
526.0,原文,Na
526.0,連結,VC
526.0,///,FW
526.0,原文,Na
526.0,內容,Na
526.0,即日,Nd
526.0,起,Ng
526.0,至,Caa
526.0,月,Na
526.0,日前,Nd
526.0,訂購,VC
526.0,，,COMMACATEGORY
526.0,並,Cbb
526.0,於,P
526.0,本,Nes
526.0,月,Na
526.0,完成,VC
526.0,交付,VD
526.0,，,COMMACATEGORY
526.0,即可,D
526.0,享有,VJ
526.0,指定,VE
526.0,車款,Na
526.0,免費,VH
526.0,選配,VC
526.0,套件,Na
526.0,升級,VH
526.0,，,COMMACATEGORY
526.0,或,Caa
526.0,首,Nes
526.0,年,Nf
526.0,免費,VH
526.0,乙式險,Na
526.0,及,Caa
526.0,購車,VA
526.0,禮遇,VC
526.0,總值,Na
526.0,逾,VJ
526.0,萬,Neu
526.0,元,Nf
526.0,心得,Na
526.0,/,FW
526.0,說明字,Na
526.0,以上,Ng
526.0,最近,Nd
526.0,銷量,Na
526.0,不,D
526.0,好,VH
526.0,了,T
526.0,，,COMMACATEGORY
526.0,以前,Nd
526.0,價格,Na
526.0,死硬,VH
526.0,的,T
526.0,，,COMMACATEGORY
526.0,現在,Nd
526.0,還,D
526.0,有,V_2
526.0,限量,VH
526.0,交,VD
526.0,車,Na
526.0,贈品,Na
526.0,，,COMMACATEGORY
526.0,而且,Cbb
526.0,看起來,D
526.0,有,V_2
526.0,現車,Na
526.0,月,Na
526.0,下定,VJ
526.0,月,Na
526.0,就,D
526.0,可以,D
526.0,交,VD
526.0,車,Na
526.0,了,T
526.0,原文,Na
526.0,及,Caa
526.0,網址,Na
526.0,連結,VC
526.0,心得,Na
526.0,或,Caa
526.0,意見字,Na
526.0,不,D
526.0,含,VC
526.0,標點符號,Na
596.0,亞馬遜,Nc
596.0,與,Caa
596.0,合作,VH
596.0,，,COMMACATEGORY
596.0,投入,VC
596.0,電動,A
596.0,貨運,Na
596.0,車隊,Na
596.0,進軍,VCL
596.0,歐洲,Nc
596.0,市場,Nc
596.0,原文,Na
596.0,連結,VC
596.0,///,FW
596.0,原文,Na
596.0,內容,Na
596.0,美國,Nc
596.0,電商,Na
596.0,巨頭,Na
596.0,亞馬遜,Nc
596.0,在,P
596.0,歐洲,Nc
596.0,推出,VC
596.0,訂製,VC
596.0,的,DE
596.0,電動,A
596.0,貨車,Na
596.0,這,Nep
596.0,是,SHI
596.0,的,DE
596.0,電動車,Na
596.0,首次,D
596.0,在,P
596.0,美國,Nc
596.0,以外,Ng
596.0,的,DE
596.0,地區,Nc
596.0,進行,VC
596.0,商業,Na
596.0,運輸,VC
596.0,，,COMMACATEGORY
596.0,其,Nep
596.0,首,Nes
596.0,批,Nf
596.0,台,Nc
596.0,車輛,Na
596.0,將,D
596.0,在,P
596.0,未來,Nd
596.0,幾,Neu
596.0,週,Nf
596.0,內,Ng
596.0,，,COMMACATEGORY
596.0,出現,VH
596.0,在,P
596.0,慕尼黑柏林,Nc
596.0,和,Caa
596.0,杜塞爾多夫,Nc
596.0,的,DE
596.0,街頭,Nc
596.0,上,Ncd
596.0,亞馬遜,Nc
596.0,在,P
596.0,歐洲,Nc
596.0,早已,D
596.0,擁有,VJ
596.0,數千,Neu
596.0,台,Nf
596.0,電動,A
596.0,貨車,Na
596.0,，,COMMACATEGORY
596.0,包括,VK
596.0,在,P
596.0,德國,Nc
596.0,就,D
596.0,有,V_2
596.0,超過,VJ
596.0,台,Nc
596.0,該,Nes
596.0,公司,Nc
596.0,去年,Nd
596.0,投資,VC
596.0,超,Dfa
596.0,過,VCL
596.0,億,Neu
596.0,歐元,Na
596.0,，,COMMACATEGORY
596.0,以,P
596.0,實現,VC
596.0,其,Nep
596.0,歐洲,Nc
596.0,運輸,VC
596.0,網絡,Na
596.0,的,DE
596.0,電動化,VHC
596.0,亞馬遜,Nc
596.0,的,DE
596.0,區域,Na
596.0,經理,Na
596.0,ä,FW
596.0,在,P
596.0,份,Na
596.0,聲明,Na
596.0,中,Ng
596.0,表示,VE
596.0,亞馬遜,Nc
596.0,致力,VL
596.0,於,P
596.0,年,Na
596.0,之前,Ng
596.0,達成,VC
596.0,淨零碳,Na
596.0,排放,VC
596.0,，,COMMACATEGORY
596.0,減少,VHC
596.0,配送,VD
596.0,相關,VH
596.0,的,DE
596.0,排放,VC
596.0,是,SHI
596.0,實現,VC
596.0,這,Nep
596.0,目標,Na
596.0,的,DE
596.0,關鍵,Na
596.0,部分,Neqa
596.0,去年,Nd
596.0,，,COMMACATEGORY
596.0,我們,Nh
596.0,以,P
596.0,電動,A
596.0,貨車,Na
596.0,和,Caa
596.0,電動,A
596.0,自行車,Na
596.0,在,P
596.0,德國,Nc
596.0,運送,VC
596.0,超過,VJ
596.0,萬,Neu
596.0,個,Nf
596.0,包裹,Na
596.0,，,COMMACATEGORY
596.0,的,DE
596.0,新增,VJ
596.0,功能,Na
596.0,將,D
596.0,幫助,VC
596.0,我們,Nh
596.0,能,D
596.0,以,P
596.0,永續,VH
596.0,的,DE
596.0,方式,Na
596.0,向,P
596.0,更多,Neqa
596.0,客戶,Na
596.0,配送,VD
596.0,包裹,Na
596.0,亞馬遜,Nc
596.0,也,D
596.0,在,P
596.0,去年,Nd
596.0,夏季,Nd
596.0,於,P
596.0,美國,Nc
596.0,開始,VL
596.0,部署,VC
596.0,的,DE
596.0,貨車,Na
596.0,，,COMMACATEGORY
596.0,並,Cbb
596.0,表示,VE
596.0,已,D
596.0,有,V_2
596.0,超過,VJ
596.0,台貨車,Na
596.0,在,P
596.0,超過,VJ
596.0,個,Di
596.0,市場,Nc
596.0,進行,VC
596.0,包裹,Na
596.0,遞送,VD
596.0,年,Na
596.0,，,COMMACATEGORY
596.0,亞馬遜,Nc
596.0,已,D
596.0,與,P
596.0,達成,VC
596.0,協議,Na
596.0,，,COMMACATEGORY
596.0,訂購,VC
596.0,萬,Neu
596.0,台,Nf
596.0,電動貨,Na
596.0,車,Na
596.0,，,COMMACATEGORY
596.0,預計,VE
596.0,在,P
596.0,年,Na
596.0,之前,Ng
596.0,完成,VC
596.0,交付,VD
596.0,亞馬遜,Nc
596.0,去年,Nd
596.0,開始,VL
596.0,在,P
596.0,歐洲,Nc
596.0,測試,VC
596.0,使用,VC
596.0,試,VF
596.0,生產,VC
596.0,的,DE
596.0,車輛,Na
596.0,並用,VB
596.0,於,P
596.0,配送,VD
596.0,也,D
596.0,利用,VC
596.0,測試,VC
596.0,的,DE
596.0,回,VCL
596.0,饋,VC
596.0,，,COMMACATEGORY
596.0,對,P
596.0,車輛,Na
596.0,的,DE
596.0,性能,Na
596.0,安全性,Na
596.0,舒適度,Na
596.0,功能性,Na
596.0,和,Caa
596.0,耐用性,Na
596.0,等,Cab
596.0,方面,Na
596.0,進行,VC
596.0,車輛,Na
596.0,的,DE
596.0,升級,VH
596.0,，,COMMACATEGORY
596.0,以,Cbb
596.0,適應,VJ
596.0,歐,Nc
596.0,洲,Nc
596.0,城市,Na
596.0,的,DE
596.0,道路,Na
596.0,使用,Nv
596.0,狀況,Na
596.0,定製,VC
596.0,的,DE
596.0,電動,A
596.0,貨車,Na
596.0,配有,VJ
596.0,大型,Na
596.0,擋風,VA
596.0,玻璃,Na
596.0,以,Cbb
596.0,提供,VD
596.0,更,Dfa
596.0,大,VH
596.0,的,DE
596.0,駕駛,VC
596.0,視野,Na
596.0,，,COMMACATEGORY
596.0,並,Cbb
596.0,標配,VC
596.0,先進,VH
596.0,駕駛,Na
596.0,輔助,VC
596.0,系統,Na
596.0,，,COMMACATEGORY
596.0,具,VJ
596.0,有,V_2
596.0,自動,VH
596.0,緊急,VH
596.0,剎車,Na
596.0,自,P
596.0,適應,VJ
596.0,巡航,VA
596.0,控制,VC
596.0,碰撞,VA
596.0,警告,Na
596.0,和,Caa
596.0,度,VCL
596.0,可視性,Na
596.0,等,Cab
596.0,功能,Na
596.0,同時,Nd
596.0,也,D
596.0,嵌入,VC
596.0,可以,D
596.0,將,P
596.0,配送,VD
596.0,工作,Na
596.0,流程,Na
596.0,與,Caa
596.0,車輛,Na
596.0,整合,VC
596.0,的,DE
596.0,技術,Na
596.0,，,COMMACATEGORY
596.0,包括,VK
596.0,路線,Na
596.0,規劃,VC
596.0,導航,VB
596.0,和,Caa
596.0,駕駛員,Na
596.0,支援,VC
596.0,等,Cab
596.0,功能,Na
596.0,這,Nep
596.0,是,SHI
596.0,電動車,Na
596.0,新創,VC
596.0,公司,Nc
596.0,和,Caa
596.0,德國,Nc
596.0,賓士,Nb
596.0,暫停,VHC
596.0,在,P
596.0,歐洲,Nc
596.0,共同,A
596.0,生產,VC
596.0,電動,A
596.0,商用,A
596.0,車,Na
596.0,的,DE
596.0,計劃,Na
596.0,幾,Neu
596.0,個,Nf
596.0,月,Na
596.0,後,Ng
596.0,，,COMMACATEGORY
596.0,的,DE
596.0,電動,A
596.0,貨車,Na
596.0,首次,D
596.0,在,P
596.0,歐洲,Nc
596.0,進行,VC
596.0,運輸,VC
596.0,當時,Nd
596.0,，,COMMACATEGORY
596.0,表示,VE
596.0,，,COMMACATEGORY
596.0,其,Nep
596.0,需要,Na
596.0,專,D
596.0,注於,VJ
596.0,兩,Neu
596.0,種,Nf
596.0,消費,Na
596.0,車輛,Na
596.0,業務,Na
596.0,，,COMMACATEGORY
596.0,卡車,Na
596.0,和,Caa
596.0,運動型,Na
596.0,多,D
596.0,用,P
596.0,途車,Na
596.0,的,DE
596.0,銷售,VC
596.0,，,COMMACATEGORY
596.0,以及,Caa
596.0,與,P
596.0,亞馬遜,Nc
596.0,現有,A
596.0,的,DE
596.0,商業,Na
596.0,車輛,Na
596.0,業務,Na
596.0,此,Nep
596.0,次,Nf
596.0,亞馬遜與,Nb
596.0,的,DE
596.0,合作,VH
596.0,，,COMMACATEGORY
596.0,將,D
596.0,為,P
596.0,歐洲,Nc
596.0,運輸,VC
596.0,市場,Nc
596.0,的,DE
596.0,環保,Na
596.0,永續,VH
596.0,注入,VC
596.0,強大,VH
596.0,動力,Na
596.0,也,D
596.0,期待,VK
596.0,未來,Nd
596.0,更,Dfa
596.0,多,VH
596.0,的,DE
596.0,運輸,VC
596.0,業者,Na
596.0,與,Caa
596.0,電動車,Na
596.0,製造商,Na
596.0,能,D
596.0,為,P
596.0,全球,Nc
596.0,提供,VD
596.0,更多,Neqa
596.0,的,DE
596.0,永續,VH
596.0,綠色,Na
596.0,運輸,VC
596.0,心得,Na
596.0,/,FW
596.0,說明字,Na
596.0,以上,Ng
596.0,總部,Nc
596.0,位於,VCL
596.0,加利福尼亞州,Nc
596.0,爾灣,Nc
596.0,的,DE
596.0,是,SHI
596.0,美國,Nc
596.0,眾多,VH
596.0,追趕,VC
596.0,特斯拉,Nb
596.0,公司,Nc
596.0,的,DE
596.0,電動車,Na
596.0,新創,VC
596.0,公司,Nc
596.0,中,Ncd
596.0,的,DE
596.0,佼,Nb
596.0,佼者,Na
596.0,除了,P
596.0,送貨,VA
596.0,車輛,Na
596.0,外,Ng
596.0,，,COMMACATEGORY
596.0,在,P
596.0,伊利諾伊州,Nc
596.0,諾馬爾市,Nc
596.0,的,DE
596.0,唯裝配廠,Nc
596.0,生產,VC
596.0,兩,Neu
596.0,款,Nf
596.0,面向,VJ
596.0,消費者,Na
596.0,的,DE
596.0,車型,Na
596.0,皮卡,Nb
596.0,和,Caa
596.0,運動型,Na
596.0,多,D
596.0,用,P
596.0,途車,Na
650.0,原文,Na
650.0,連結,VC
650.0,////,FW
650.0,原文,Na
650.0,內容,Na
650.0,美,Nc
650.0,自駕,VA
650.0,新創,VC
650.0,更新,VC
650.0,開源,VA
650.0,自,P
650.0,駕車,VA
650.0,軟體,Na
650.0,，,COMMACATEGORY
650.0,內建,VC
650.0,自動,VH
650.0,輔助,VC
650.0,導航,VB
650.0,自駕,VA
650.0,功能,Na
650.0,，,COMMACATEGORY
650.0,讓,VL
650.0,即使,Cbb
650.0,非,A
650.0,高階,A
650.0,的,DE
650.0,市售車,Na
650.0,也,D
650.0,能,D
650.0,開始,VL
650.0,測試,VC
650.0,地圖,Na
650.0,導航,VB
650.0,自駕,VA
650.0,不,D
650.0,讓,VL
650.0,電動車,Na
650.0,龍頭,Na
650.0,特斯拉,Nb
650.0,專美於前,VH
650.0,，,COMMACATEGORY
650.0,以,P
650.0,開,VC
650.0,源自,VJ
650.0,駕車,VA
650.0,軟體,Na
650.0,而,Cbb
650.0,聞名,VI
650.0,的,DE
650.0,美國,Nc
650.0,自駕,VA
650.0,新創,VC
650.0,近,Nes
650.0,日,Nd
650.0,在,P
650.0,自家,Nc
650.0,技術,Na
650.0,年會,Na
650.0,中,Ng
650.0,，,COMMACATEGORY
650.0,宣布,VE
650.0,在,P
650.0,最,Dfa
650.0,新版,Na
650.0,的,DE
650.0,自駕車,Na
650.0,軟體,Na
650.0,中,Ng
650.0,，,COMMACATEGORY
650.0,開始,VL
650.0,內建,VC
650.0,自動,VH
650.0,輔助,VC
650.0,導,VC
650.0,航,VA
650.0,自駕,VA
650.0,功能,Na
650.0,，,COMMACATEGORY
650.0,讓,VL
650.0,即使,Cbb
650.0,非,A
650.0,高階,A
650.0,車款,Na
650.0,的,DE
650.0,市售,A
650.0,車款,Na
650.0,，,COMMACATEGORY
650.0,現在,Nd
650.0,也,D
650.0,能,D
650.0,通過,VC
650.0,在,P
650.0,車,Na
650.0,上,Ncd
650.0,安裝,VC
650.0,這,Nep
650.0,套,Nf
650.0,軟體,Na
650.0,，,COMMACATEGORY
650.0,來,D
650.0,實現,VC
650.0,地圖,Na
650.0,導航,VB
650.0,自駕,VA
650.0,，,COMMACATEGORY
650.0,就,D
650.0,像是,SHI
650.0,特斯拉,Nb
650.0,電動車,Na
650.0,的,DE
650.0,自動,VH
650.0,輔助,VC
650.0,導航,VB
650.0,自,P
650.0,駕樣,Na
650.0,，,COMMACATEGORY
650.0,而且,Cbb
650.0,改裝費,Na
650.0,不用,D
650.0,千,Neu
650.0,美元,Nf
650.0,不過,Cbb
650.0,該,Nes
650.0,功能,Na
650.0,目前,Nd
650.0,還是,D
650.0,實驗,Na
650.0,版本,Na
650.0,是,SHI
650.0,由,P
650.0,美國,Nc
650.0,知名,VH
650.0,駭客,Na
650.0,在,P
650.0,年,Na
650.0,成立,VC
650.0,的,DE
650.0,自駕,VA
650.0,新創,VC
650.0,，,COMMACATEGORY
650.0,以,P
650.0,面向,Na
650.0,自,P
650.0,駕車,VA
650.0,後,Ng
650.0,裝,VC
650.0,市場,Nc
650.0,為主,VI
650.0,，,COMMACATEGORY
650.0,讓,VL
650.0,非,A
650.0,高階,A
650.0,的,DE
650.0,般,Ng
650.0,市售車,Na
650.0,，,COMMACATEGORY
650.0,也,D
650.0,能夠,D
650.0,透過,P
650.0,安裝,VC
650.0,套開,VC
650.0,源自,VJ
650.0,駕車,VA
650.0,軟體,Na
650.0,，,COMMACATEGORY
650.0,搭,VC
650.0,配,VC
650.0,客製,A
650.0,硬體,Na
650.0,，,COMMACATEGORY
650.0,就,D
650.0,能,D
650.0,具備有,VJ
650.0,先進,VH
650.0,駕駛,Na
650.0,輔助,VC
650.0,的,DE
650.0,功能,Na
650.0,推出,VC
650.0,短短,VH
650.0,幾,Neu
650.0,年,Nf
650.0,，,COMMACATEGORY
650.0,已經,D
650.0,支援,VC
650.0,逾款,Na
650.0,市售車,Na
650.0,，,COMMACATEGORY
650.0,並且,Cbb
650.0,用戶,Na
650.0,更,Dfa
650.0,遍,Neqa
650.0,布,Na
650.0,美國,Nc
650.0,中國,Nc
650.0,韓國,Nc
650.0,日本,Nc
650.0,及,Caa
650.0,臺灣,Nc
650.0,等,Cab
650.0,這些,Neqa
650.0,年,Nf
650.0,來,Ng
650.0,，,COMMACATEGORY
650.0,軟體,Na
650.0,歷經,VJ
650.0,多,Neqa
650.0,次,Nf
650.0,改版,VA
650.0,更新,VC
650.0,，,COMMACATEGORY
650.0,增加,VHC
650.0,不少,Neqa
650.0,新,VH
650.0,功能,Na
650.0,，,COMMACATEGORY
650.0,讓,VL
650.0,它,Nh
650.0,的,DE
650.0,自駕,VA
650.0,功能,Na
650.0,的,DE
650.0,表現,Na
650.0,越來越,Dfa
650.0,好,VH
650.0,例如,P
650.0,，,COMMACATEGORY
650.0,其中,Nep
650.0,個,Nf
650.0,重要,VH
650.0,功能,Na
650.0,是,SHI
650.0,交通,Na
650.0,號誌,Na
650.0,辨識,VC
650.0,，,COMMACATEGORY
650.0,讓,VL
650.0,自,P
650.0,駕車,VA
650.0,行駛,VA
650.0,時,Ng
650.0,遇,VK
650.0,到,P
650.0,前方,Ncd
650.0,紅燈,Na
650.0,時,Ng
650.0,會,D
650.0,自動,VH
650.0,停車,VA
650.0,等待,VK
650.0,，,COMMACATEGORY
650.0,直到,P
650.0,轉為,VG
650.0,綠燈,Na
650.0,後,Ng
650.0,繼續,VF
650.0,行駛,VA
650.0,在,P
650.0,今年,Nd
650.0,技術,Na
650.0,年會,Na
650.0,中,Ng
650.0,，,COMMACATEGORY
650.0,宣布,VE
650.0,在,P
650.0,新,VH
650.0,釋出,VC
650.0,的,DE
650.0,版,Na
650.0,更新,VC
650.0,中,Ng
650.0,，,COMMACATEGORY
650.0,推出,VC
650.0,實驗,Na
650.0,的,DE
650.0,自動,VH
650.0,輔助,VC
650.0,導航,VB
650.0,自駕,VA
650.0,功能,Na
650.0,，,COMMACATEGORY
650.0,透過,P
650.0,這,Nep
650.0,項,Nf
650.0,新,VH
650.0,功能,Na
650.0,，,COMMACATEGORY
650.0,將,D
650.0,使得,VL
650.0,以後,Nd
650.0,汽車,Na
650.0,開啟,VC
650.0,自駕,VA
650.0,模式,Na
650.0,時,Ng
650.0,，,COMMACATEGORY
650.0,不,D
650.0,只,Da
650.0,是,SHI
650.0,在,P
650.0,道路,Na
650.0,上,Ncd
650.0,穩定,VHC
650.0,行駛,VA
650.0,而已,T
650.0,，,COMMACATEGORY
650.0,還,D
650.0,能,D
650.0,進步,VH
650.0,決定,VE
650.0,行駛,VA
650.0,路線,Na
650.0,，,COMMACATEGORY
650.0,可以,D
650.0,根據,P
650.0,原先,D
650.0,設定,VC
650.0,的,DE
650.0,導航,VB
650.0,地圖,Na
650.0,路線,Na
650.0,來,D
650.0,行駛,VA
650.0,，,COMMACATEGORY
650.0,減,VJ
650.0,少人為,A
650.0,的,DE
650.0,介入,VC
650.0,早,D
650.0,在,P
650.0,去年,Nd
650.0,底場,Nc
650.0,技術,Na
650.0,挑戰賽,Na
650.0,中,Ng
650.0,，,COMMACATEGORY
650.0,工程師,Na
650.0,就,D
650.0,曾,D
650.0,展示,VC
650.0,用,P
650.0,臺裝有,VH
650.0,軟體,Na
650.0,和,Caa
650.0,硬體,Na
650.0,的,DE
650.0,市售車,Na
650.0,，,COMMACATEGORY
650.0,成功,VH
650.0,將,P
650.0,車,Na
650.0,開到,VCL
650.0,指定,VE
650.0,的,DE
650.0,地點,Na
650.0,，,COMMACATEGORY
650.0,全程,D
650.0,沒有,VJ
650.0,人為,A
650.0,介入,VC
650.0,，,COMMACATEGORY
650.0,完全,D
650.0,依靠,VC
650.0,導航,VB
650.0,自駕,VA
650.0,的,DE
650.0,方式,Na
650.0,來,D
650.0,開車,VA
650.0,在,P
650.0,新,D
650.0,推出,VC
650.0,的,DE
650.0,自動,VH
650.0,輔助,VC
650.0,導航,VB
650.0,自駕,VA
650.0,功能,Na
650.0,中,Ng
650.0,，,COMMACATEGORY
650.0,使用,VC
650.0,者,Na
650.0,輸入,VC
650.0,目的地,Nc
650.0,後,Ng
650.0,，,COMMACATEGORY
650.0,會,D
650.0,根據地,Na
650.0,圖,Na
650.0,規畫,VC
650.0,的,DE
650.0,行駛,VA
650.0,路線,Na
650.0,來,D
650.0,控制,VC
650.0,汽車,Na
650.0,沿著,P
650.0,綠色,Na
650.0,的,DE
650.0,導航線,Na
650.0,行駛,VA
650.0,做法,Na
650.0,上,Ng
650.0,，,COMMACATEGORY
650.0,是,SHI
650.0,透過,P
650.0,將,D
650.0,裝置,VC
650.0,兩,Neu
650.0,顆,Nf
650.0,鏡頭,Na
650.0,的,DE
650.0,前,Nes
650.0,車,Na
650.0,影像,Na
650.0,畫面,Na
650.0,和,Caa
650.0,導航,VB
650.0,地圖,Na
650.0,輸入到,VC
650.0,自駕,VA
650.0,模型,Na
650.0,中,Ng
650.0,，,COMMACATEGORY
650.0,來,D
650.0,預測,VE
650.0,接下來,D
650.0,的,DE
650.0,行駛,VA
650.0,路線,Na
650.0,為,P
650.0,了,Di
650.0,方便,VH
650.0,自駕,VA
650.0,模型,Na
650.0,擷取,VC
650.0,地圖,Na
650.0,資訊,Na
650.0,，,COMMACATEGORY
650.0,地圖,Na
650.0,輸入,VC
650.0,模型,Na
650.0,前,Ng
650.0,，,COMMACATEGORY
650.0,會,D
650.0,先,D
650.0,經過,VCL
650.0,重新,D
650.0,渲染,VC
650.0,並,Cbb
650.0,壓縮成,VG
650.0,每,Nes
650.0,米,Nf
650.0,像素,Na
650.0,的,DE
650.0,圖像,Na
650.0,，,COMMACATEGORY
650.0,並,Cbb
650.0,與,P
650.0,的,DE
650.0,經緯度,Na
650.0,資訊,Na
650.0,，,COMMACATEGORY
650.0,起,VJ
650.0,輸入到,VC
650.0,推論,Na
650.0,模型,Na
650.0,中,Ng
650.0,進行,VC
650.0,預測,VE
650.0,在,P
650.0,訓練,Na
650.0,方面,Na
650.0,，,COMMACATEGORY
650.0,自,P
650.0,駕車,VA
650.0,團隊,Na
650.0,以,P
650.0,大量秒,Na
650.0,的,DE
650.0,行車,VA
650.0,影像,Na
650.0,片段,Na
650.0,，,COMMACATEGORY
650.0,搭配,VC
650.0,地圖,Na
650.0,圖資,Na
650.0,建立,VC
650.0,訓練,Na
650.0,資,Na
650.0,料庫,Na
650.0,，,COMMACATEGORY
650.0,提供,VD
650.0,自駕,VA
650.0,模型,Na
650.0,進行,VC
650.0,訓練,Na
650.0,學習,VC
650.0,，,COMMACATEGORY
650.0,讓,VL
650.0,模型,Na
650.0,能夠,D
650.0,預測,VE
650.0,在,P
650.0,特定,A
650.0,地圖,Na
650.0,路線,Na
650.0,上,Ncd
650.0,的,DE
650.0,行駛,VA
650.0,情況,Na
650.0,，,COMMACATEGORY
650.0,並學,Na
650.0,習,VC
650.0,如何,D
650.0,像,VG
650.0,人類,Na
650.0,樣,Ng
650.0,開車,VA
650.0,這,Nep
650.0,項,Nf
650.0,導航,VB
650.0,自駕,VA
650.0,功能,Na
650.0,目前,Nd
650.0,已,D
650.0,能,D
650.0,運用,VC
650.0,在,P
650.0,如,P
650.0,高速,VH
650.0,公路,Na
650.0,等,Cab
650.0,場景,Na
650.0,中,Ng
650.0,，,COMMACATEGORY
650.0,可以,D
650.0,輔助,VC
650.0,駕駛,Na
650.0,完成,VC
650.0,上下,Ncd
650.0,交流道,Na
650.0,的,DE
650.0,導航,VB
650.0,自駕,VA
650.0,不過,Cbb
650.0,記者,Na
650.0,實際,VH
650.0,測試,VC
650.0,當,P
650.0,接近,VC
650.0,要,D
650.0,駛離,VCL
650.0,交流道,Na
650.0,時,Ng
650.0,，,COMMACATEGORY
650.0,會,D
650.0,控車,VA
650.0,自動,VH
650.0,變換到,VC
650.0,外車,Na
650.0,道,VE
650.0,，,COMMACATEGORY
650.0,但,Cbb
650.0,仍,D
650.0,需要,VK
650.0,使用,VC
650.0,者,Na
650.0,手動,A
650.0,打,VC
650.0,方向燈,Na
650.0,並,Cbb
650.0,輕,VH
650.0,碰,VC
650.0,方向盤,Na
650.0,，,COMMACATEGORY
650.0,才,Da
650.0,能,D
650.0,進行,VC
650.0,切換,VC
650.0,出,VC
650.0,交流道,Na
650.0,遇,VK
650.0,岔路,Na
650.0,則,D
650.0,會,D
650.0,依,P
650.0,綠色,Na
650.0,的,DE
650.0,導航,VB
650.0,自駕,VA
650.0,路線,Na
650.0,走,VA
650.0,，,COMMACATEGORY
650.0,不會,D
650.0,呈現,VJ
650.0,迷航,VH
650.0,狀態,Na
650.0,而,Cbb
650.0,開錯,VC
650.0,路,Na
650.0,不過,Cbb
650.0,，,COMMACATEGORY
650.0,目前,Nd
650.0,在,P
650.0,市區,Nc
650.0,裡,Ncd
650.0,導航,VB
650.0,自駕,VA
650.0,仍,D
650.0,具有,VJ
650.0,定難度,Na
650.0,，,COMMACATEGORY
650.0,需要,VK
650.0,較多,Neqa
650.0,人為,A
650.0,介入,VC
650.0,，,COMMACATEGORY
650.0,不過,Cbb
650.0,隨著,P
650.0,後續,A
650.0,的,DE
650.0,版本,Na
650.0,更新,VC
650.0,，,COMMACATEGORY
650.0,透過,P
650.0,持續,VL
650.0,優化,VHC
650.0,將,D
650.0,使得,VL
650.0,它,Nh
650.0,在,P
650.0,各,Nes
650.0,種,Nf
650.0,市區,Nc
650.0,場景,Na
650.0,的,DE
650.0,表現,Na
650.0,逐步,D
650.0,提升,VC
650.0,另外,Cbb
650.0,，,COMMACATEGORY
650.0,值得,VH
650.0,注意,VK
650.0,的,DE
650.0,是,SHI
650.0,，,COMMACATEGORY
650.0,需,VK
650.0,要是,Cbb
650.0,訂閱,VC
650.0,方案,Na
650.0,的,DE
650.0,用戶,Na
650.0,，,COMMACATEGORY
650.0,才,Da
650.0,能夠,D
650.0,使用,VC
650.0,該,Nes
650.0,功能,Na
650.0,進行,VC
650.0,導航,VB
650.0,自駕,VA
650.0,同,Nes
650.0,天,Nf
650.0,還,D
650.0,更新,VC
650.0,硬體,Na
650.0,，,COMMACATEGORY
650.0,推出,VC
650.0,改良,VC
650.0,的,DE
650.0,版本,Na
650.0,，,COMMACATEGORY
650.0,升級,VH
650.0,了,Di
650.0,電源,Na
650.0,架構,Na
650.0,和,Caa
650.0,加入,VC
650.0,立體聲,Na
650.0,喇,D
650.0,叭,D
650.0,，,COMMACATEGORY
650.0,處理器,Na
650.0,則,D
650.0,是,SHI
650.0,與,P
650.0,前,Nes
650.0,代,Na
650.0,使用,VC
650.0,相同,VH
650.0,的,DE
650.0,處理器,Na
650.0,，,COMMACATEGORY
650.0,並,Cbb
650.0,搭配,VC
650.0,解析度,Na
650.0,的,DE
650.0,螢幕,Na
650.0,，,COMMACATEGORY
650.0,但,Cbb
650.0,價格,Na
650.0,更,Dfa
650.0,便宜,VH
650.0,，,COMMACATEGORY
650.0,每,Nes
650.0,款,Nf
650.0,售價,Na
650.0,",",COMMACATEGORY
650.0,美元,Na
650.0,，,COMMACATEGORY
650.0,約,Da
650.0,臺幣,Na
650.0,萬,Neu
650.0,元,Nf
650.0,心得,Na
650.0,/,FW
650.0,說明字,Na
650.0,以上,Ng
650.0,喔,I
650.0,喔,I
650.0,~,FW
650.0,沒想到,D
650.0,連,D
650.0,開源,VA
650.0,自,P
650.0,駕車,VA
650.0,軟體,Na
650.0,現在,Nd
650.0,也,D
650.0,能,D
650.0,有,V_2
650.0,和,P
650.0,特斯拉樣,Na
650.0,的,DE
650.0,導航,VB
650.0,自駕,VA
650.0,能力,Na
650.0,感覺,Na
650.0,滿,Dfa
650.0,厲害,VH
650.0,的,T
650.0,不,D
650.0,知道,VK
650.0,遇到,VC
650.0,臺灣,Nc
650.0,各,Nes
650.0,種,Nf
650.0,複雜,VH
650.0,路況,Na
650.0,和,Caa
650.0,道路,Na
650.0,有,V_2
650.0,沒,D
650.0,有,V_2
650.0,辦法,Na
650.0,應付,VC
650.0,得來,VI
922.0,國內,Nc
922.0,半導體,Na
922.0,業者,Na
922.0,持續,VL
922.0,深耕,VA
922.0,具,VJ
922.0,發展,VC
922.0,潛力,Na
922.0,的,DE
922.0,車用,A
922.0,電子,Na
922.0,市場,Nc
922.0,原文,Na
922.0,連結,VC
922.0,///,FW
922.0,原文,Na
922.0,內容,Na
922.0,有鑑於,Cbb
922.0,車用,A
922.0,電子,Na
922.0,將,D
922.0,於,P
922.0,年,Na
922.0,成為,VG
922.0,全球,Nc
922.0,半導體,Na
922.0,第三,Neu
922.0,大,VH
922.0,應用,Na
922.0,領域,Na
922.0,，,COMMACATEGORY
922.0,且,Cbb
922.0,淨,D
922.0,零,Neu
922.0,排放,VC
922.0,的,DE
922.0,世界,Nc
922.0,潮流,Na
922.0,也,D
922.0,將,D
922.0,趨,VL
922.0,使,VL
922.0,電動車,Na
922.0,滲透率,Na
922.0,持續,VL
922.0,拉升,VC
922.0,，,COMMACATEGORY
922.0,同時,Nd
922.0,人工,Na
922.0,智慧,Na
922.0,的,DE
922.0,發展,VC
922.0,也,D
922.0,將,D
922.0,推進,VAC
922.0,自駕車,Na
922.0,的,DE
922.0,進程,Na
922.0,，,COMMACATEGORY
922.0,故,Cbb
922.0,國內,Nc
922.0,半導體,Na
922.0,業者,Na
922.0,近來,D
922.0,各,Nes
922.0,項,Nf
922.0,布局,Na
922.0,策略,Na
922.0,與,Caa
922.0,車用,A
922.0,電子,Na
922.0,相關,VH
922.0,的,DE
922.0,案例,Na
922.0,甚多,VH
922.0,以,P
922.0,台積電,Nb
922.0,來,D
922.0,說,VE
922.0,，,COMMACATEGORY
922.0,不論,Cbb
922.0,是,SHI
922.0,前進,VA
922.0,日本,Nc
922.0,熊本,Nc
922.0,廠,Nc
922.0,或是,Caa
922.0,德國廠,Nc
922.0,，,COMMACATEGORY
922.0,均,D
922.0,是,SHI
922.0,看好,VJ
922.0,當地,Nc
922.0,車廠,Nc
922.0,對於,P
922.0,台積電,Nb
922.0,成熟,VH
922.0,製程,Na
922.0,的,DE
922.0,需求,Na
922.0,，,COMMACATEGORY
922.0,再者,Cbb
922.0,技術長,Na
922.0,來,VA
922.0,台,Nc
922.0,拜訪,VC
922.0,台積電,Nb
922.0,，,COMMACATEGORY
922.0,也,D
922.0,是,SHI
922.0,期望,VK
922.0,鞏固,VHC
922.0,兩,Neu
922.0,者,Na
922.0,的,DE
922.0,合作,VH
922.0,關係,Na
922.0,，,COMMACATEGORY
922.0,畢竟,D
922.0,已,D
922.0,為,P
922.0,自,P
922.0,駕車,VA
922.0,運算,VC
922.0,晶片,Na
922.0,下單,VA
922.0,台積電,Nb
922.0,/,FW
922.0,奈米,Na
922.0,製程,Na
922.0,訂單,Na
922.0,，,COMMACATEGORY
922.0,~,FW
922.0,年,Nf
922.0,更,Dfa
922.0,有,V_2
922.0,機會,Na
922.0,成為,VG
922.0,晶圓,Na
922.0,代工,VA
922.0,龍頭,Na
922.0,業者,Na
922.0,奈米,Na
922.0,下單,VA
922.0,的,DE
922.0,潛在,A
922.0,客戶,Na
922.0,之,DE
922.0,國內,Nc
922.0,半導體,Na
922.0,製造業,Na
922.0,方面,Na
922.0,除了,P
922.0,台積電,Nb
922.0,二,Neu
922.0,線,Na
922.0,晶圓,Na
922.0,代工廠,Nc
922.0,持續,VL
922.0,重兵,Na
922.0,部署,VC
922.0,車用,A
922.0,半導體,Na
922.0,外,Ng
922.0,，,COMMACATEGORY
922.0,分離式,Na
922.0,元件,Na
922.0,廠商,Na
922.0,更,Dfa
922.0,是,SHI
922.0,持續,VL
922.0,深耕,VA
922.0,具有,VJ
922.0,發展,VC
922.0,潛力,Na
922.0,的,DE
922.0,車用,A
922.0,二極體,Na
922.0,電晶體,Na
922.0,市場,Nc
922.0,成熟,VH
922.0,製程,Na
922.0,目前,Nd
922.0,仍,D
922.0,是,SHI
922.0,車用,A
922.0,晶片,Na
922.0,的,DE
922.0,主流,Na
922.0,，,COMMACATEGORY
922.0,台積電,Nb
922.0,也,D
922.0,將,D
922.0,前往,VCL
922.0,德國,Nc
922.0,與,Caa
922.0,合資,VA
922.0,共,Da
922.0,同,D
922.0,設置,VC
922.0,歐積電,Na
922.0,，,COMMACATEGORY
922.0,進行,VC
922.0,車用,A
922.0,成熟,VH
922.0,製程,Na
922.0,的,DE
922.0,晶圓廠,Nc
922.0,投資,VC
922.0,，,COMMACATEGORY
922.0,但,Cbb
922.0,高性能,A
922.0,高可靠度,Na
922.0,的,DE
922.0,自駕車,Na
922.0,先,D
922.0,進,VCL
922.0,車用,A
922.0,晶片,Na
922.0,將,D
922.0,是,SHI
922.0,台積電,Nb
922.0,發展,VC
922.0,的,DE
922.0,重要,VH
922.0,契機,Na
922.0,與,Caa
922.0,優勢,Na
922.0,聯電,Nb
922.0,也,D
922.0,相當,Dfa
922.0,積極,VH
922.0,布局,VA
922.0,，,COMMACATEGORY
922.0,特別,VH
922.0,是,SHI
922.0,車用,A
922.0,電子,Na
922.0,是,SHI
922.0,聯電,Nb
922.0,成長,VH
922.0,最,Dfa
922.0,快,VH
922.0,的,DE
922.0,應用,Na
922.0,領域,Na
922.0,之,Nh
922.0,，,COMMACATEGORY
922.0,公司,Nc
922.0,取得,VC
922.0,微晶片,Na
922.0,科技,Na
922.0,等,Cab
922.0,車用,A
922.0,晶片,Na
922.0,大,VH
922.0,廠,Nc
922.0,訂單,Na
922.0,，,COMMACATEGORY
922.0,這些,Neqa
922.0,客戶,Na
922.0,在,P
922.0,全球,Nc
922.0,車用,A
922.0,晶片,Na
922.0,市戰率,Na
922.0,總計,Da
922.0,逾,VJ
922.0,三成,Neqa
922.0,，,COMMACATEGORY
922.0,年底,Nd
922.0,也,D
922.0,在,P
922.0,爭取,VC
922.0,奈米,Na
922.0,相關,VH
922.0,車用,Na
922.0,認證,VA
922.0,，,COMMACATEGORY
922.0,全力,D
922.0,搶攻,VCL
922.0,車用,A
922.0,市場,Nc
922.0,同時,Nd
922.0,力積,Nb
922.0,電車,Na
922.0,用,P
922.0,佔,VJ
922.0,整體,Na
922.0,合併,VC
922.0,營收,Na
922.0,約,Da
922.0,~,FW
922.0,，,COMMACATEGORY
922.0,未來,Nd
922.0,再,D
922.0,加入,VC
922.0,等,Cab
922.0,新,VH
922.0,產品線,Na
922.0,，,COMMACATEGORY
922.0,預計,VE
922.0,年,Nf
922.0,車,Na
922.0,用,P
922.0,佔,VJ
922.0,比,P
922.0,將,D
922.0,拉升,VC
922.0,至,P
922.0,~,FW
922.0,另方面,Cbb
922.0,，,COMMACATEGORY
922.0,車用,A
922.0,市場,Nc
922.0,已,D
922.0,成為,VG
922.0,分離式,A
922.0,元件,Na
922.0,廠商,Na
922.0,近年,Nd
922.0,來,Ng
922.0,的,DE
922.0,布局,Na
922.0,重心,Na
922.0,，,COMMACATEGORY
922.0,以,P
922.0,德微,Na
922.0,來,D
922.0,說,VE
922.0,，,COMMACATEGORY
922.0,公司,Nc
922.0,汰舊換,VA
922.0,新,VH
922.0,的,DE
922.0,產能,Na
922.0,預計,VE
922.0,年,Nf
922.0,開出,VC
922.0,，,COMMACATEGORY
922.0,將,D
922.0,提升,VC
922.0,矽基,Na
922.0,晶片,Na
922.0,代工,VA
922.0,戰力,Na
922.0,，,COMMACATEGORY
922.0,新,VH
922.0,應用,Na
922.0,主要,D
922.0,鎖定,VC
922.0,電動,A
922.0,車,Na
922.0,至於,P
922.0,強茂,Nb
922.0,已,D
922.0,成功,VH
922.0,切入,VCL
922.0,主電源,Na
922.0,管理,VC
922.0,虹冠電,Na
922.0,，,COMMACATEGORY
922.0,未來,Nd
922.0,將,D
922.0,可望,VK
922.0,整合,VC
922.0,虹冠電,Na
922.0,的,DE
922.0,電源,Na
922.0,管理,VC
922.0,開發,VC
922.0,技術,Na
922.0,，,COMMACATEGORY
922.0,並,Cbb
922.0,整合,VC
922.0,強茂,Nb
922.0,的,DE
922.0,二極體,Na
922.0,等,Cab
922.0,產品線,Na
922.0,，,COMMACATEGORY
922.0,共同,A
922.0,拓展,VC
922.0,電動車,Na
922.0,相關,VH
922.0,市場,Nc
922.0,，,COMMACATEGORY
922.0,而,Cbb
922.0,強茂,Nb
922.0,二極體,Na
922.0,及,Caa
922.0,產品線,Na
922.0,已,D
922.0,拿下,VC
922.0,大單,Na
922.0,，,COMMACATEGORY
922.0,後續,A
922.0,自行,D
922.0,開發,VC
922.0,的,DE
922.0,更,Dfa
922.0,將,D
922.0,搶攻,VCL
922.0,車用,A
922.0,訂單,Na
922.0,由於,Cbb
922.0,車用,A
922.0,晶片,Na
922.0,商機,Na
922.0,可期,VH
922.0,，,COMMACATEGORY
922.0,加上,Cbb
922.0,台系,Na
922.0,積體電路,Na
922.0,設計,VC
922.0,廠商,Na
922.0,也,D
922.0,需,D
922.0,有,V_2
922.0,發揮,VJ
922.0,的,DE
922.0,舞台,Na
922.0,，,COMMACATEGORY
922.0,因而,Cbb
922.0,搭上,VC
922.0,平,VH
922.0,台,Nc
922.0,也,D
922.0,成為,VG
922.0,我國,Nc
922.0,業者,Na
922.0,另,Nes
922.0,個,Nf
922.0,布局,Na
922.0,方向,Na
922.0,之,DE
922.0,有鑑於,Cbb
922.0,車用,A
922.0,市場,Nc
922.0,電子化,VHC
922.0,程度,Na
922.0,升高,VHC
922.0,，,COMMACATEGORY
922.0,加上,Cbb
922.0,台廠,Nc
922.0,趁著,P
922.0,先前,Nd
922.0,全球,Nc
922.0,車用,A
922.0,晶片荒,Na
922.0,及,Caa
922.0,多,Neqa
922.0,年,Nf
922.0,的,DE
922.0,耕耘,VA
922.0,，,COMMACATEGORY
922.0,逐步,D
922.0,在,P
922.0,後裝,A
922.0,市場,Nc
922.0,乃,D
922.0,於,P
922.0,跨入,VCL
922.0,前裝,Na
922.0,市場,Nc
922.0,有所,VJ
922.0,成,VH
922.0,，,COMMACATEGORY
922.0,更,Dfa
922.0,積極,VH
922.0,搶攻,VCL
922.0,歐,Nc
922.0,美,Nc
922.0,日,Nc
922.0,中,Nc
922.0,等,Cab
922.0,車用,Na
922.0,市場,Nc
922.0,以,P
922.0,聯發科,Nb
922.0,而,Cbb
922.0,言,VE
922.0,，,COMMACATEGORY
922.0,公司,Nc
922.0,與,Caa
922.0,攜手,D
922.0,搶攻,VCL
922.0,車用,A
922.0,商機,Na
922.0,，,COMMACATEGORY
922.0,宣布,VE
922.0,共同,A
922.0,打造,VC
922.0,平台,Na
922.0,，,COMMACATEGORY
922.0,將,D
922.0,採用,VC
922.0,奈,Nb
922.0,米,Na
922.0,製程,Na
922.0,計劃,VF
922.0,於,P
922.0,年,Na
922.0,量產,VC
922.0,，,COMMACATEGORY
922.0,搶攻,VCL
922.0,百億,Neu
922.0,美元,Nf
922.0,汽車,Na
922.0,智慧,Na
922.0,座艙,Na
922.0,系統,Na
922.0,商機,Na
922.0,，,COMMACATEGORY
922.0,事實,Na
922.0,上,Ncd
922.0,，,COMMACATEGORY
922.0,汽車,Na
922.0,平台,Na
922.0,，,COMMACATEGORY
922.0,集結,VAC
922.0,聯發科,Nb
922.0,在,P
922.0,手機,Na
922.0,晶片,Na
922.0,中,Ng
922.0,優勢,Na
922.0,，,COMMACATEGORY
922.0,如,P
922.0,行動,Na
922.0,運算,VC
922.0,高速,VH
922.0,連網,Na
922.0,多媒體,Na
922.0,娛樂,Na
922.0,等,Cab
922.0,經,Na
922.0,驗,VC
922.0,累積,VC
922.0,專業,VH
922.0,技術,Na
922.0,總成,VG
922.0,，,COMMACATEGORY
922.0,以及,Caa
922.0,生態,Na
922.0,系統,Na
922.0,，,COMMACATEGORY
922.0,提供,VD
922.0,全方位,Na
922.0,沉浸式,A
922.0,智慧,Na
922.0,座艙,Na
922.0,體驗,VC
922.0,而,Cbb
922.0,瑞,Nc
922.0,昱,VH
922.0,方面,Na
922.0,，,COMMACATEGORY
922.0,其,Nep
922.0,已,D
922.0,成功,VH
922.0,以,P
922.0,車,Na
922.0,用,VC
922.0,乙太,Na
922.0,網路,Na
922.0,產品線,Na
922.0,，,COMMACATEGORY
922.0,打進,VC
922.0,歐系,Na
922.0,車廠,Nc
922.0,供應,VD
922.0,鏈,Na
922.0,，,COMMACATEGORY
922.0,現,D
922.0,正,D
922.0,與,P
922.0,美系,Na
922.0,陸系,Nc
922.0,及,Caa
922.0,韓,Nc
922.0,系車廠,Nc
922.0,聯手,VH
922.0,合作,VH
922.0,，,COMMACATEGORY
922.0,預期,VE
922.0,年,Nf
922.0,逐步,D
922.0,擴大,VC
922.0,車用,A
922.0,產品,Na
922.0,業績,Na
922.0,貢獻,Na
922.0,，,COMMACATEGORY
922.0,使,VL
922.0,瑞昱,Nb
922.0,在,P
922.0,車用,A
922.0,接單,VA
922.0,表現,VC
922.0,持續,VL
922.0,看,VC
922.0,增,VJ
922.0,我國,Nc
922.0,封測,VC
922.0,業者,Na
922.0,主要,D
922.0,是,SHI
922.0,著重,VJ
922.0,在,P
922.0,先進,VH
922.0,駕駛,VC
922.0,輔助,VC
922.0,系統,Na
922.0,電動,A
922.0,信息,Na
922.0,娛樂,Na
922.0,以及,Caa
922.0,汽車,Na
922.0,電子,Na
922.0,控制,VC
922.0,單元,Na
922.0,與,Caa
922.0,安全性,Na
922.0,應用,Na
922.0,的,DE
922.0,半導體,Na
922.0,封裝,VC
922.0,技術,Na
922.0,發展,VC
922.0,因應,VJ
922.0,自駕車車,Na
922.0,聯網,Na
922.0,等,Cab
922.0,趨勢,Na
922.0,，,COMMACATEGORY
922.0,台廠,Nc
922.0,積極,VH
922.0,提供,VD
922.0,等,Cab
922.0,多,Neqa
922.0,種,Nf
922.0,高,VH
922.0,階,Na
922.0,封裝,VC
922.0,解決,VC
922.0,方案,Na
922.0,，,COMMACATEGORY
922.0,以,Cbb
922.0,滿足,VHC
922.0,車用,A
922.0,半導體,Na
922.0,封裝,VC
922.0,的,DE
922.0,全面性,Na
922.0,需求,Na
922.0,，,COMMACATEGORY
922.0,例如,P
922.0,日月光,Nb
922.0,投控,Na
922.0,將,D
922.0,以,P
922.0,更,Dfa
922.0,高度,VH
922.0,整合,VC
922.0,以及,Caa
922.0,更,Dfa
922.0,先進,VH
922.0,的,DE
922.0,扇出型,Na
922.0,封裝,VC
922.0,來,D
922.0,搶佔,VC
922.0,車用,A
922.0,封測,VC
922.0,商機,Na
922.0,此外,Cbb
922.0,車載,Na
922.0,鏡頭,Na
922.0,數量,Na
922.0,也,D
922.0,將,D
922.0,呈,VJ
922.0,倍數,Na
922.0,增加,VHC
922.0,，,COMMACATEGORY
922.0,同步,VH
922.0,激發,VC
922.0,車用,A
922.0,需求,Na
922.0,，,COMMACATEGORY
922.0,故,Cbb
922.0,不少,Neqa
922.0,台系,Na
922.0,封測廠,Nc
922.0,將,P
922.0,車用,A
922.0,業務,Na
922.0,視作,VG
922.0,未來,Nd
922.0,重要,VH
922.0,的,DE
922.0,成長,VH
922.0,動能,Na
922.0,，,COMMACATEGORY
922.0,例如,P
922.0,同欣,Nb
922.0,電,Na
922.0,擁有,VJ
922.0,最,Dfa
922.0,龐大,VH
922.0,的,DE
922.0,封測,VC
922.0,產能,Na
922.0,，,COMMACATEGORY
922.0,精材,Na
922.0,則,D
922.0,是,SHI
922.0,專注,VH
922.0,，,COMMACATEGORY
922.0,尤以,P
922.0,車用,Na
922.0,占,VJ
922.0,比,P
922.0,最,Dfa
922.0,高,VH
922.0,心得,Na
922.0,/,FW
922.0,說明字,Na
922.0,以上,Ng
922.0,台廠,Nc
922.0,積極,VH
922.0,布局,VA
922.0,車用,A
922.0,電子,Na
922.0,，,COMMACATEGORY
922.0,以,P
922.0,技術,Na
922.0,創新,VC
922.0,爭取,VC
922.0,全球,Nc
922.0,車廠,Nc
922.0,合作,VH
922.0,，,COMMACATEGORY
922.0,提升,VC
922.0,供應鏈,Na
922.0,地位,Na
954.0,本,Nes
954.0,公司,Nc
954.0,目前,Nd
954.0,有,V_2
954.0,項,Nf
954.0,市場,Nc
954.0,研究,Nv
954.0,專案,D
954.0,招募,VC
954.0,受,P
954.0,訪,VC
954.0,者,Na
954.0,，,COMMACATEGORY
954.0,只要,Cbb
954.0,符合,VJ
954.0,各,Nes
954.0,專案,Na
954.0,的,DE
954.0,報名,VA
954.0,資格,Na
954.0,即可,D
954.0,於,P
954.0,本,Nes
954.0,公司,Nc
954.0,的,DE
954.0,活動,Na
954.0,網頁,Na
954.0,填寫,VC
954.0,報名,VA
954.0,資料,Na
954.0,，,COMMACATEGORY
954.0,我們,Nh
954.0,將,D
954.0,會,D
954.0,從,P
954.0,報名,VA
954.0,者,Na
954.0,中,Ng
954.0,篩選出,VC
954.0,符合,VJ
954.0,資格,Na
954.0,的,DE
954.0,受,P
954.0,訪,VC
954.0,者,Na
954.0,進行,VC
954.0,訪談,Na
954.0,，,COMMACATEGORY
954.0,訪談,Na
954.0,結束,VHC
954.0,後,Ng
954.0,現場,Nc
954.0,給付,VD
954.0,車馬費,Na
954.0,，,COMMACATEGORY
954.0,歡迎,VJ
954.0,符合,VJ
954.0,資格,Na
954.0,且,Cbb
954.0,想,VE
954.0,賺,VC
954.0,外快,Na
954.0,的,DE
954.0,板友,Na
954.0,報名,VA
954.0,若,Cbb
954.0,已,D
954.0,是,SHI
954.0,本,Nes
954.0,網站,Nc
954.0,會員,Na
954.0,，,COMMACATEGORY
954.0,請,VF
954.0,直接,VH
954.0,登入,VCL
954.0,後,Ng
954.0,至,P
954.0,專案,Na
954.0,網頁,Na
954.0,報名,VA
954.0,，,COMMACATEGORY
954.0,若,Cbb
954.0,尚未,D
954.0,成為,VG
954.0,會員,Na
954.0,，,COMMACATEGORY
954.0,請,VF
954.0,先,D
954.0,註冊,VA
954.0,後,Ng
954.0,並,Cbb
954.0,完成,VC
954.0,驗證,VE
954.0,，,COMMACATEGORY
954.0,再,D
954.0,至,P
954.0,專案,Na
954.0,網頁,Na
954.0,報名,VA
954.0,報名,Nv
954.0,資料,Na
954.0,僅,Da
954.0,供,VF
954.0,聯繫,VC
954.0,及,Caa
954.0,篩選,VC
954.0,使用,VC
954.0,，,COMMACATEGORY
954.0,訪談,Na
954.0,資料,Na
954.0,僅,Da
954.0,供,VF
954.0,專案,Na
954.0,研究,VE
954.0,使用,VC
954.0,，,COMMACATEGORY
954.0,決不,D
954.0,作為,VG
954.0,其他,Neqa
954.0,用途,Na
954.0,或,Caa
954.0,交由,VF
954.0,專案,Na
954.0,以外,Ng
954.0,人士,Na
954.0,，,COMMACATEGORY
954.0,請,VF
954.0,放心,VK
954.0,報名,VA
954.0,高雄市,Nc
954.0,預計,VE
954.0,購車,VA
954.0,座談會,Na
954.0,車,Na
954.0,馬,Na
954.0,費元,Nb
954.0,////,FW
954.0,_,FW
954.0,◎,FW
954.0,民國,Nd
954.0,~,FW
954.0,年次,Na
954.0,，,COMMACATEGORY
954.0,男女,Na
954.0,皆,D
954.0,可,D
954.0,◎,FW
954.0,平時,Nd
954.0,有,V_2
954.0,開車,VA
954.0,習慣,Na
954.0,，,COMMACATEGORY
954.0,是否,D
954.0,有,V_2
954.0,個人,Nh
954.0,用,VC
954.0,車,Na
954.0,皆,D
954.0,可,D
954.0,◎,FW
954.0,近期,Nd
954.0,預計,VE
954.0,購買,VC
954.0,小型,Na
954.0,休旅車,Na
954.0,，,COMMACATEGORY
954.0,預算,Na
954.0,萬,Neu
954.0,以上,Ng
954.0,◎,FW
954.0,目前,Nd
954.0,已,D
954.0,有,V_2
954.0,首選,Na
954.0,車型,Na
954.0,，,COMMACATEGORY
954.0,必且,D
954.0,有,V_2
954.0,做,VC
954.0,相關,VH
954.0,了,Di
954.0,解,VC
954.0,車,Na
954.0,馬,Na
954.0,費元,Nb
954.0,時間,Na
954.0,/,FW
954.0,日,Nd
954.0,~,FW
954.0,/,FW
954.0,日,Nd
954.0,~,FW
954.0,座談會,Na
954.0,時間,Na
954.0,小時,Na
954.0,含報,VC
954.0,到,P
954.0,地點,Na
954.0,高雄市,Nc
954.0,苓雅區,Nc
954.0,報名,VA
954.0,請,VF
954.0,至,P
954.0,活動,Na
954.0,網頁,Na
954.0,////,FW
954.0,_,FW
954.0,台北市,Nc
954.0,預計,VE
954.0,購車,VA
954.0,座談會,Na
954.0,車,Na
954.0,馬,Na
954.0,費元,Nb
954.0,////,FW
954.0,_,FW
954.0,◎,FW
954.0,民國,Nd
954.0,~,FW
954.0,年次,Na
954.0,，,COMMACATEGORY
954.0,男女,Na
954.0,皆,D
954.0,可,D
954.0,◎,FW
954.0,平時,Nd
954.0,有,V_2
954.0,開車,VA
954.0,習慣,Na
954.0,，,COMMACATEGORY
954.0,是否,D
954.0,有,V_2
954.0,個人,Nh
954.0,用,VC
954.0,車,Na
954.0,皆,D
954.0,可,D
954.0,◎,FW
954.0,近期,Nd
954.0,預計,VE
954.0,購買,VC
954.0,小型,Na
954.0,休旅車,Na
954.0,，,COMMACATEGORY
954.0,預算,Na
954.0,萬,Neu
954.0,以上,Ng
954.0,◎,FW
954.0,目前,Nd
954.0,已,D
954.0,有,V_2
954.0,首選,Na
954.0,車型,Na
954.0,，,COMMACATEGORY
954.0,必且,D
954.0,有,V_2
954.0,做,VC
954.0,相關,VH
954.0,了,Di
954.0,解,VC
954.0,車,Na
954.0,馬,Na
954.0,費元,Nb
954.0,時間,Na
954.0,/,FW
954.0,六,Neu
954.0,/,FW
954.0,六,Neu
954.0,座談會,Na
954.0,時間,Na
954.0,小時,Na
954.0,含報,VC
954.0,到,P
954.0,地點,Na
954.0,台北市,Nc
954.0,松山區,Nc
954.0,報名,VA
954.0,請,VF
954.0,至,P
954.0,活動,Na
954.0,網頁,Na
954.0,////,FW
954.0,_,FW
954.0,北部,Ncd
954.0,/,FW
954.0,南部,Ncd
954.0,特斯拉,Nb
954.0,原廠,Nc
954.0,保養,VC
954.0,調查,VE
954.0,車,Na
954.0,馬,Na
954.0,費元,Nb
954.0,////,FW
954.0,_,FW
954.0,◎,FW
954.0,特斯拉,Nb
954.0,車主,Na
954.0,◎/,FW
954.0,至,Caa
954.0,/,FW
954.0,已,D
954.0,預約,VC
954.0,或,Caa
954.0,即將,D
954.0,預約,VC
954.0,進,VCL
954.0,廠,Nc
954.0,保養,VC
954.0,車,Na
954.0,馬,Na
954.0,費元,Nb
954.0,時間,Na
954.0,/~/,FW
954.0,按照,P
954.0,平常,Nd
954.0,保養,VC
954.0,習慣,Na
954.0,進行,VC
954.0,即可,VH
954.0,，,COMMACATEGORY
954.0,無須,D
954.0,做,VC
954.0,其他,Neqa
954.0,紀錄,Na
954.0,或,Caa
954.0,作業,Na
954.0,地點,Na
954.0,服務廠,Nc
954.0,另行,D
954.0,安排,VE
954.0,報名,VA
954.0,請,VF
954.0,至,P
954.0,活動,Na
954.0,網頁,Na
954.0,////,FW
954.0,_,FW
954.0,全,Neqa
954.0,台,Nc
954.0,高端,Na
954.0,車主,Na
954.0,問卷,Na
954.0,訪問,VC
954.0,費元,Nb
954.0,電子,Na
954.0,禮券,Na
954.0,////,FW
954.0,_,FW
954.0,◎,FW
954.0,歲,Nf
954.0,以上,Neqb
954.0,，,COMMACATEGORY
954.0,男女,Na
954.0,皆,D
954.0,可,D
954.0,◎,FW
954.0,年,Na
954.0,~,FW
954.0,月,Na
954.0,交車,VA
954.0,，,COMMACATEGORY
954.0,車款,Na
954.0,為,VG
954.0,全,Neqa
954.0,系列,Na
954.0,電動車,Na
954.0,賓士,Nb
954.0,全,Neqa
954.0,系列,Na
954.0,電動車,Na
954.0,訪問,VC
954.0,費元,Nb
954.0,電子,Na
954.0,禮券,Na
954.0,大,VH
954.0,品牌,Na
954.0,通路,Na
954.0,時間,Na
954.0,即日,Nd
954.0,起,Ng
954.0,至,Caa
954.0,/,FW
954.0,五,Neu
954.0,問卷,Na
954.0,填答,Nv
954.0,時間,Na
954.0,約,Da
954.0,~,FW
954.0,分鐘,Nf
954.0,檢附,VC
954.0,行照,Na
954.0,或,Caa
954.0,車牌,Na
954.0,進行,VC
954.0,品質,Na
954.0,確認,VE
954.0,行照,Na
954.0,只,Da
954.0,需,D
954.0,出示,VC
954.0,廠牌,Na
954.0,車型,Na
954.0,車牌,Na
954.0,原,D
954.0,發照,VB
954.0,年,Na
954.0,月,Na
954.0,即可,D
954.0,地點,Na
954.0,線上,Nc
954.0,問卷,Na
954.0,報名,VA
954.0,請,VF
954.0,至,P
954.0,活動,Na
954.0,網頁,Na
954.0,////,FW
954.0,_,FW
954.0,全,Neqa
954.0,台,Nc
954.0,汽車,Na
954.0,神秘客,Na
954.0,車,Na
954.0,馬,Na
954.0,費元,Nb
954.0,起,Ng
954.0,////,FW
954.0,_,FW
954.0,◎,FW
954.0,民國,Nd
954.0,~,FW
954.0,年次,Na
954.0,，,COMMACATEGORY
954.0,男女,Na
954.0,皆,D
954.0,可,D
954.0,◎,FW
954.0,為,VG
954.0,汽車,Na
954.0,的,DE
954.0,購買,VC
954.0,決策,VA
954.0,者,Na
954.0,及,Caa
954.0,主要,A
954.0,使用,VC
954.0,者,Na
954.0,車,Na
954.0,馬,Na
954.0,費元,Nb
954.0,起,Ng
954.0,依,P
954.0,執行,Nv
954.0,地區,Nc
954.0,趟數,Na
954.0,不同,VH
954.0,費用,Na
954.0,會,D
954.0,再,D
954.0,增加,VHC
954.0,時間,Na
954.0,即日,Nd
954.0,起,Ng
954.0,至,Caa
954.0,月,Na
954.0,中,Ng
954.0,執行,Nv
954.0,方式,Na
954.0,電話,Na
954.0,過濾,VC
954.0,合格,VH
954.0,後,Ng
954.0,，,COMMACATEGORY
954.0,佯裝成,VG
954.0,顧客,Na
954.0,前往,VCL
954.0,指定,VE
954.0,店家,Na
954.0,諮詢,VE
954.0,相關,VH
954.0,問題,Na
954.0,，,COMMACATEGORY
954.0,並,Cbb
954.0,試駕,VC
954.0,執行,VC
954.0,前,Ng
954.0,會,D
954.0,詳細,VH
954.0,告知,VE
954.0,執行,Nv
954.0,方式,Na
954.0,須,D
954.0,提供,VD
954.0,個人,Nh
954.0,照片,Na
954.0,地點,Na
954.0,指定,VE
954.0,店家,Na
954.0,報名,VA
954.0,請,VF
954.0,至,P
954.0,活動,Na
954.0,網頁,Na
954.0,////,FW
954.0,_,FW
1010.0,原文,Na
1010.0,連結,VC
1010.0,//////,FW
1010.0,原文,Na
1010.0,內容,Na
1010.0,沒,D
1010.0,充電,VA
1010.0,站,VA
1010.0,特斯拉,Nb
1010.0,車主,Na
1010.0,從,P
1010.0,住家,Na
1010.0,樓,Nc
1010.0,拉,VC
1010.0,電線,Na
1010.0,台電,Nc
1010.0,說,VE
1010.0,不行,VH
1010.0,聯合報,Nb
1010.0,記者,Na
1010.0,曾增勳,Nb
1010.0,桃園,Nc
1010.0,即時,VH
1010.0,報導,VE
1010.0,桃園市,Nc
1010.0,楊梅區,Nc
1010.0,大成,Na
1010.0,路棟,Nc
1010.0,透天厝,Na
1010.0,，,COMMACATEGORY
1010.0,昨天,Nd
1010.0,樓下,Nc
1010.0,馬路輛特斯拉,Nb
1010.0,電動車,Na
1010.0,自,P
1010.0,樓上,Nc
1010.0,接線,VA
1010.0,充電,VA
1010.0,，,COMMACATEGORY
1010.0,遭,P
1010.0,民,Na
1010.0,眾,A
1010.0,拍照到,VC
1010.0,臉書,Na
1010.0,舉發,VC
1010.0,，,COMMACATEGORY
1010.0,引起,VC
1010.0,網友,Na
1010.0,熱議,VE
1010.0,，,COMMACATEGORY
1010.0,台電,Nc
1010.0,桃園區,Nc
1010.0,營業處,Nc
1010.0,今天,Nd
1010.0,下午,Nd
1010.0,表示,VE
1010.0,，,COMMACATEGORY
1010.0,民眾,Na
1010.0,擅自,D
1010.0,轉供,VD
1010.0,電,Na
1010.0,流,VC
1010.0,至,P
1010.0,供電,VA
1010.0,範圍,Na
1010.0,的,DE
1010.0,電動車,Na
1010.0,，,COMMACATEGORY
1010.0,不,D
1010.0,符合,VJ
1010.0,營業,VA
1010.0,規章,Na
1010.0,，,COMMACATEGORY
1010.0,將,D
1010.0,發函,VC
1010.0,該,Nes
1010.0,用戶,Na
1010.0,改善,VC
1010.0,楊梅,Nc
1010.0,大成路,Nc
1010.0,的,DE
1010.0,棟,Nf
1010.0,三,Neu
1010.0,層,Nf
1010.0,透天厝,Na
1010.0,，,COMMACATEGORY
1010.0,店面,Na
1010.0,樓上,Nc
1010.0,是,SHI
1010.0,住家,Na
1010.0,，,COMMACATEGORY
1010.0,車主,Na
1010.0,將,P
1010.0,輛,Nf
1010.0,特斯拉,Nb
1010.0,電動車,Na
1010.0,，,COMMACATEGORY
1010.0,停,VHC
1010.0,在,P
1010.0,停車格,Na
1010.0,，,COMMACATEGORY
1010.0,再,D
1010.0,從,P
1010.0,二樓,Nc
1010.0,電錶,Na
1010.0,拉,VC
1010.0,專線,Na
1010.0,到,P
1010.0,陽台,Na
1010.0,的,DE
1010.0,特斯拉,Nb
1010.0,充電樁,Na
1010.0,，,COMMACATEGORY
1010.0,垂降,VA
1010.0,充電線,Na
1010.0,到,VCL
1010.0,樓,Nc
1010.0,為,P
1010.0,車子,Na
1010.0,充電,VA
1010.0,，,COMMACATEGORY
1010.0,網友,Na
1010.0,貼文,Na
1010.0,到,P
1010.0,臉書,Na
1010.0,群組,Na
1010.0,，,COMMACATEGORY
1010.0,有的,Neqa
1010.0,網友,Na
1010.0,說,VE
1010.0,，,COMMACATEGORY
1010.0,不要,D
1010.0,這樣,VH
1010.0,，,COMMACATEGORY
1010.0,會,D
1010.0,製造,VC
1010.0,公共,A
1010.0,危險,Nv
1010.0,，,COMMACATEGORY
1010.0,也,D
1010.0,有,V_2
1010.0,網友,Na
1010.0,說,VE
1010.0,，,COMMACATEGORY
1010.0,電動車,Na
1010.0,充電,VA
1010.0,不,D
1010.0,意外,VK
1010.0,，,COMMACATEGORY
1010.0,位,Nf
1010.0,網友,Na
1010.0,說,VE
1010.0,，,COMMACATEGORY
1010.0,這,Nep
1010.0,就,D
1010.0,是,SHI
1010.0,電動車,Na
1010.0,在,P
1010.0,台灣,Nc
1010.0,可能,D
1010.0,永遠,D
1010.0,不會,D
1010.0,成為,VG
1010.0,主流,Na
1010.0,的,DE
1010.0,主要,A
1010.0,原因,Na
1010.0,該,Nes
1010.0,特斯拉,Nb
1010.0,車主,Na
1010.0,表示,VE
1010.0,，,COMMACATEGORY
1010.0,因為,Cbb
1010.0,楊梅,Nc
1010.0,附近,Nc
1010.0,沒有,VJ
1010.0,電動車,Na
1010.0,充電,VA
1010.0,裝置,VC
1010.0,，,COMMACATEGORY
1010.0,他,Nh
1010.0,是,SHI
1010.0,從,P
1010.0,電錶,Na
1010.0,拉,VC
1010.0,線,Na
1010.0,至,P
1010.0,陽台,Na
1010.0,特斯拉,Nb
1010.0,充,VG
1010.0,電,Na
1010.0,裝置,Na
1010.0,上,Ncd
1010.0,，,COMMACATEGORY
1010.0,直接,VH
1010.0,自,P
1010.0,特斯拉,Nb
1010.0,充電,VA
1010.0,裝置,Na
1010.0,拉線,VA
1010.0,下去,VA
1010.0,充電,VA
1010.0,，,COMMACATEGORY
1010.0,他,Nh
1010.0,不,D
1010.0,是,SHI
1010.0,用,P
1010.0,延長線,Na
1010.0,充電,VA
1010.0,不,D
1010.0,是,SHI
1010.0,般,Ng
1010.0,插座,Na
1010.0,也,D
1010.0,非,VG
1010.0,營業用,A
1010.0,使用,VC
1010.0,，,COMMACATEGORY
1010.0,且,Cbb
1010.0,距離,Na
1010.0,不,D
1010.0,遠,VH
1010.0,，,COMMACATEGORY
1010.0,沒有,D
1010.0,妨礙,VC
1010.0,別人,Nh
1010.0,也,D
1010.0,沒,D
1010.0,霸佔,VC
1010.0,車位,Na
1010.0,，,COMMACATEGORY
1010.0,並,D
1010.0,無,VJ
1010.0,安全,VH
1010.0,顧慮,Na
1010.0,，,COMMACATEGORY
1010.0,電動車,Na
1010.0,充,VG
1010.0,電,Na
1010.0,，,COMMACATEGORY
1010.0,這,Nep
1010.0,也,D
1010.0,是,SHI
1010.0,住,VCL
1010.0,公寓,Na
1010.0,的,DE
1010.0,困擾,Na
1010.0,楊梅,Nc
1010.0,附近,Nc
1010.0,居民,Na
1010.0,看法,Na
1010.0,不,D
1010.0,，,COMMACATEGORY
1010.0,陳姓,Nb
1010.0,市民,Na
1010.0,認為,VE
1010.0,，,COMMACATEGORY
1010.0,好像,D
1010.0,從,P
1010.0,二樓,Nc
1010.0,冷氣機,Na
1010.0,拉,VC
1010.0,線,Na
1010.0,至,P
1010.0,樓,Nc
1010.0,，,COMMACATEGORY
1010.0,拉,VC
1010.0,線,Na
1010.0,很,Dfa
1010.0,長,VH
1010.0,為,VG
1010.0,電動,A
1010.0,車,Na
1010.0,充電,VA
1010.0,，,COMMACATEGORY
1010.0,應,D
1010.0,符合,VJ
1010.0,法規,Na
1010.0,，,COMMACATEGORY
1010.0,避免,VE
1010.0,危險,VH
1010.0,，,COMMACATEGORY
1010.0,可能,D
1010.0,是,SHI
1010.0,楊梅,Nc
1010.0,沒有,VJ
1010.0,特斯拉,Nb
1010.0,停車,VA
1010.0,充電,VA
1010.0,地方,Na
1010.0,另,Nes
1010.0,有,V_2
1010.0,居民,Na
1010.0,表示,VE
1010.0,，,COMMACATEGORY
1010.0,第,Neu
1010.0,次,Nf
1010.0,看到,VE
1010.0,電動車,Na
1010.0,用,P
1010.0,這,Nep
1010.0,種,Nf
1010.0,延長線,Na
1010.0,充電,VA
1010.0,方式,Na
1010.0,，,COMMACATEGORY
1010.0,只,Da
1010.0,要,D
1010.0,不,D
1010.0,是,SHI
1010.0,私自,D
1010.0,接,VC
1010.0,電,Na
1010.0,，,COMMACATEGORY
1010.0,如果,Cbb
1010.0,沒有,VJ
1010.0,安全,VH
1010.0,疑慮,Na
1010.0,，,COMMACATEGORY
1010.0,應該,D
1010.0,還好,D
1010.0,心得,Na
1010.0,/,FW
1010.0,說明字,Na
1010.0,以上,Ng
1010.0,這樣,VH
1010.0,會不會,D
1010.0,有,V_2
1010.0,安全,VH
1010.0,的,DE
1010.0,疑慮,Na
1010.0,所以,Cbb
1010.0,是,SHI
1010.0,因為,Cbb
1010.0,樓,Nc
1010.0,不能,D
1010.0,設,VC
1010.0,電樁,Na
1010.0,所以,Cbb
1010.0,要,D
1010.0,從,P
1010.0,二樓,Nc
1010.0,拉,VC
1010.0,線,Na
1010.0,不過,Cbb
1010.0,如果,Cbb
1010.0,都,D
1010.0,是,SHI
1010.0,自己,Nh
1010.0,家,Nc
1010.0,又,D
1010.0,沒,VJ
1010.0,安全,VH
1010.0,疑慮,Na
1010.0,應該,D
1010.0,也,D
1010.0,很,Dfa
1010.0,難,VH
1010.0,罰,VF
1010.0,吧,T
1211.0,如,P
1211.0,題,Na
1211.0,，,COMMACATEGORY
1211.0,目前,Nd
1211.0,很,Dfa
1211.0,厲害,VH
1211.0,的,DE
1211.0,純,VH
1211.0,電車廠,Nc
1211.0,，,COMMACATEGORY
1211.0,除了,P
1211.0,特斯拉,Nb
1211.0,，,COMMACATEGORY
1211.0,其他,Neqa
1211.0,什麼,Nep
1211.0,比,P
1211.0,亞迪蔚,Nb
1211.0,來,D
1211.0,問界,Nc
1211.0,小鵬,Nb
1211.0,等等,Cab
1211.0,好像,D
1211.0,都,D
1211.0,是,SHI
1211.0,中國,Nc
1211.0,的,T
1211.0,，,COMMACATEGORY
1211.0,而且,Cbb
1211.0,小米,Na
1211.0,也,D
1211.0,說,VE
1211.0,要,D
1211.0,做,VC
1211.0,電動車,Na
1211.0,而且,Cbb
1211.0,我,Nh
1211.0,看,VC
1211.0,的,DE
1211.0,電車,Na
1211.0,大,VH
1211.0,橫評,Na
1211.0,，,COMMACATEGORY
1211.0,那麼,Dk
1211.0,中國,Nc
1211.0,車廠,Nc
1211.0,在,P
1211.0,同,Nes
1211.0,價位,Na
1211.0,萬,Neu
1211.0,人民幣,Na
1211.0,好幾,Neu
1211.0,家,Nf
1211.0,都,D
1211.0,拿,VC
1211.0,得,DE
1211.0,出,VC
1211.0,產,Na
1211.0,品力,Na
1211.0,比,P
1211.0,特斯拉,Nb
1211.0,更,Dfa
1211.0,強,VH
1211.0,的,DE
1211.0,車子,Na
1211.0,包含,VJ
1211.0,續航,VA
1211.0,速度,Na
1211.0,自動,VH
1211.0,駕駛,VC
1211.0,和,Caa
1211.0,內飾,Na
1211.0,，,COMMACATEGORY
1211.0,尤其,D
1211.0,是,SHI
1211.0,內飾,Na
1211.0,車,Na
1211.0,過,VCL
1211.0,車廠,Nc
1211.0,給,VD
1211.0,的,T
1211.0,都,D
1211.0,很,Dfa
1211.0,豪華,VH
1211.0,，,COMMACATEGORY
1211.0,還,D
1211.0,有,V_2
1211.0,像,P
1211.0,那,Nep
1211.0,個,Nf
1211.0,問界,Nc
1211.0,的,DE
1211.0,自動,VH
1211.0,駕駛,Na
1211.0,是,SHI
1211.0,華,Nc
1211.0,為,VG
1211.0,搞,VC
1211.0,的,T
1211.0,，,COMMACATEGORY
1211.0,非常,Dfa
1211.0,厲害,VH
1211.0,的,DE
1211.0,樣子,Na
1211.0,感覺,VK
1211.0,中國,Nc
1211.0,的,DE
1211.0,電車,Na
1211.0,產業鏈,Na
1211.0,非常,Dfa
1211.0,齊全,VH
1211.0,，,COMMACATEGORY
1211.0,充電樁,Na
1211.0,的,DE
1211.0,普及率,Na
1211.0,也,D
1211.0,非常,Dfa
1211.0,高,VH
1211.0,，,COMMACATEGORY
1211.0,現在,Nd
1211.0,歐洲,Nc
1211.0,也,D
1211.0,越來越,Dfa
1211.0,多,VH
1211.0,比亞迪,Nb
1211.0,的,DE
1211.0,車型,Na
1211.0,了,T
1211.0,，,COMMACATEGORY
1211.0,感覺,VK
1211.0,中國車,Na
1211.0,現在,Nd
1211.0,也,D
1211.0,在,P
1211.0,瞄準,VC
1211.0,歐洲,Nc
1211.0,市場,Nc
1211.0,中國,Nc
1211.0,電車,Na
1211.0,為什麼,D
1211.0,這麼,D
1211.0,厲害,VH
1211.0,傳統車,Na
1211.0,的,DE
1211.0,國家,Na
1211.0,日本,Nc
1211.0,歐洲,Nc
1211.0,在,P
1211.0,純,VH
1211.0,電車,Na
1211.0,上,Ncd
1211.0,如果,Cbb
1211.0,發力,VA
1211.0,打,VC
1211.0,的,DE
1211.0,贏,VD
1211.0,中國,Nc
1211.0,車廠,Nc
1211.0,嗎,T
1317.0,這,Nep
1317.0,個,Nf
1317.0,是,SHI
1317.0,個,Nf
1317.0,常,D
1317.0,在,P
1317.0,特斯拉柏林廠,Nc
1317.0,空,D
1317.0,拍,VC
1317.0,的,DE
1317.0,上傳,VC
1317.0,的,DE
1317.0,影片,Na
1317.0,///,FW
1317.0,可以,D
1317.0,看到,VE
1317.0,從,P
1317.0,到,VCL
1317.0,之間,Ng
1317.0,，,COMMACATEGORY
1317.0,鏡頭,Na
1317.0,中間,Ncd
1317.0,從,P
1317.0,左,Ncd
1317.0,到,P
1317.0,右,Ncd
1317.0,有,V_2
1317.0,台,Nc
1317.0,半,Neqa
1317.0,蓋住,VC
1317.0,的,DE
1317.0,小車,Na
1317.0,明顯,VH
1317.0,地,DE
1317.0,比,P
1317.0,隔壁,Nc
1317.0,的,DE
1317.0,要,D
1317.0,短,VH
1317.0,很多,Neqa
1317.0,，,COMMACATEGORY
1317.0,不可能,D
1317.0,是,SHI
1317.0,如果,Cbb
1317.0,是,SHI
1317.0,其他,Neqa
1317.0,廠牌,Na
1317.0,的,DE
1317.0,車,Na
1317.0,大概,D
1317.0,也,D
1317.0,沒,D
1317.0,必要,VH
1317.0,這樣,VH
1317.0,半,Neqa
1317.0,遮住,VC
1317.0,，,COMMACATEGORY
1317.0,有,V_2
1317.0,可能,Na
1317.0,是,SHI
1317.0,未來,Nd
1317.0,要,D
1317.0,推出,VC
1317.0,的,DE
1317.0,新款,A
1317.0,小,VH
1317.0,車,Na
1317.0,///,FW
1317.0,///,FW
1379.0,最近,Nd
1379.0,看,VC
1379.0,車版,Na
1379.0,覺得,VK
1379.0,快,D
1379.0,變成,VG
1379.0,政治版,Na
1379.0,和,Caa
1379.0,八卦版,Na
1379.0,真心,VH
1379.0,覺得,VK
1379.0,煩,VHC
1379.0,分享,VJ
1379.0,些,Nf
1379.0,真的,D
1379.0,和,P
1379.0,車子,Na
1379.0,有關,VJ
1379.0,的,DE
1379.0,情報,Na
1379.0,希望,VK
1379.0,能,D
1379.0,稍微,D
1379.0,對,P
1379.0,車板,Na
1379.0,有點,Dfa
1379.0,貢獻,Na
1379.0,拋磚引玉,VA
1379.0,拜託,VC
1379.0,大家,Nh
1379.0,對,P
1379.0,我,Nh
1379.0,這,Nep
1379.0,篇,Nf
1379.0,磚,Na
1379.0,能,D
1379.0,鞭,VC
1379.0,的,DE
1379.0,小力點,Na
1379.0,先,D
1379.0,說,VE
1379.0,下,Ng
1379.0,這,Nep
1379.0,篇,Nf
1379.0,年,Nf
1379.0,歐洲,Nc
1379.0,汽車,Na
1379.0,市場,Nc
1379.0,銷量,Na
1379.0,定義,Na
1379.0,包含,VJ
1379.0,也,D
1379.0,就,D
1379.0,是,SHI
1379.0,包含,VJ
1379.0,歐盟,Nb
1379.0,國家,Na
1379.0,英國,Nc
1379.0,和,Caa
1379.0,大家,Nh
1379.0,比較,Dfa
1379.0,不,D
1379.0,熟,VH
1379.0,的,DE
1379.0,成員,Na
1379.0,國有,A
1379.0,冰島列支敦斯登挪威,Nb
1379.0,以及,Caa
1379.0,瑞士,Nc
1379.0,年,Nf
1379.0,歐洲,Nc
1379.0,汽車,Na
1379.0,市場,Nc
1379.0,銷量,Na
1379.0,有,V_2
1379.0,",",COMMACATEGORY
1379.0,",",COMMACATEGORY
1379.0,輛,Nf
1379.0,相對,VH
1379.0,年銷量,Na
1379.0,成長,VH
1379.0,約,Da
1379.0,萬,Neu
1379.0,輛,Nf
1379.0,約,Da
1379.0,的,DE
1379.0,成長,Nv
1379.0,整,Neqa
1379.0,個,Nf
1379.0,歐洲,Nc
1379.0,最,Dfa
1379.0,大,VH
1379.0,的,DE
1379.0,單,A
1379.0,國家,Na
1379.0,市場,Nc
1379.0,依然,D
1379.0,是,SHI
1379.0,德國,Nc
1379.0,年銷量,Na
1379.0,約,Da
1379.0,萬,Neu
1379.0,輛,Nf
1379.0,超過,VJ
1379.0,整,Neqa
1379.0,個,Nf
1379.0,歐洲,Nc
1379.0,銷量,Na
1379.0,的,DE
1379.0,但,Cbb
1379.0,以,P
1379.0,年,Na
1379.0,來,D
1379.0,看,VC
1379.0,其實,D
1379.0,德國,Nc
1379.0,銷量,Na
1379.0,相對,VH
1379.0,年,Nf
1379.0,只,Da
1379.0,成長,VH
1379.0,並,D
1379.0,不,D
1379.0,算,VG
1379.0,特別,VH
1379.0,突出,VH
1379.0,在,P
1379.0,歐洲,Nc
1379.0,前,Nes
1379.0,五,Neu
1379.0,大,VH
1379.0,銷量,Na
1379.0,國家,Na
1379.0,是,SHI
1379.0,排名,VG
1379.0,最後,Nd
1379.0,的,DE
1379.0,依,P
1379.0,成長率,Na
1379.0,排序,Na
1379.0,依序,D
1379.0,是,SHI
1379.0,再,D
1379.0,來,D
1379.0,是,SHI
1379.0,再,D
1379.0,來,D
1379.0,再,D
1379.0,來,D
1379.0,最後,Nd
1379.0,才,Da
1379.0,是,SHI
1379.0,德國,Nc
1379.0,全,Neqa
1379.0,歐洲,Nc
1379.0,品牌,Na
1379.0,銷量,Na
1379.0,的,DE
1379.0,排行,Nv
1379.0,請,VF
1379.0,看,VC
1379.0,下,Nes
1379.0,圖,Na
1379.0,///,FW
1379.0,全,Neqa
1379.0,歐洲,Nc
1379.0,第,Neu
1379.0,名,Nf
1379.0,品牌,Na
1379.0,毫無,D
1379.0,懸念,VJ
1379.0,的,DE
1379.0,是,SHI
1379.0,德國,Nc
1379.0,品牌,Na
1379.0,作為,VG
1379.0,歐洲,Nc
1379.0,最,Dfa
1379.0,大,VH
1379.0,市場,Nc
1379.0,德國,Nc
1379.0,的,DE
1379.0,本土,Nc
1379.0,第,Neu
1379.0,國民,Na
1379.0,品牌,Na
1379.0,我,Nh
1379.0,已經,D
1379.0,懶得,VL
1379.0,算,VG
1379.0,連霸,VH
1379.0,幾,Neu
1379.0,年,Nf
1379.0,了,T
1379.0,在,P
1379.0,德國,Nc
1379.0,就,D
1379.0,有,V_2
1379.0,超過,VJ
1379.0,萬,Neu
1379.0,台,Nf
1379.0,的,DE
1379.0,銷量,Na
1379.0,，,COMMACATEGORY
1379.0,德國,Nc
1379.0,市佔率,Na
1379.0,在,P
1379.0,德國,Nc
1379.0,市佔率,Na
1379.0,排,VC
1379.0,在,P
1379.0,後面,Ncd
1379.0,的,DE
1379.0,依序,D
1379.0,為,VG
1379.0,，,COMMACATEGORY
1379.0,都,D
1379.0,是,SHI
1379.0,德國,Nc
1379.0,品牌,Na
1379.0,假如,Cbb
1379.0,要,D
1379.0,買,VC
1379.0,德國,Nc
1379.0,車,Na
1379.0,，,COMMACATEGORY
1379.0,德國,Nc
1379.0,銷售,VC
1379.0,第,Neu
1379.0,依然,D
1379.0,是,SHI
1379.0,///,FW
1379.0,講完,VC
1379.0,歐洲,Nc
1379.0,銷售,VC
1379.0,第,Neu
1379.0,品牌,Na
1379.0,再,D
1379.0,來,D
1379.0,換講,VE
1379.0,歐洲,Nc
1379.0,銷售第,Na
1379.0,的,DE
1379.0,車型,Na
1379.0,那,Nep
1379.0,就,D
1379.0,是,SHI
1379.0,創造,VC
1379.0,歷史,Na
1379.0,的,DE
1379.0,為什麼,D
1379.0,說,VE
1379.0,是,SHI
1379.0,創造,VC
1379.0,歷史,Na
1379.0,這,Nep
1379.0,是,SHI
1379.0,歐洲,Nc
1379.0,市場史,Na
1379.0,上,Ncd
1379.0,第,Neu
1379.0,次,Nf
1379.0,全,Neqa
1379.0,歐洲,Nc
1379.0,銷售第,Na
1379.0,的,DE
1379.0,車型,Na
1379.0,不,D
1379.0,是,SHI
1379.0,歐洲,Nc
1379.0,品牌,Na
1379.0,這,Nep
1379.0,是,SHI
1379.0,歐洲,Nc
1379.0,市場史,Na
1379.0,上,Ncd
1379.0,第,Neu
1379.0,次,Nf
1379.0,由,P
1379.0,電動車,Na
1379.0,拿下,VC
1379.0,全,Neqa
1379.0,歐洲,Nc
1379.0,銷售第,Na
1379.0,的,DE
1379.0,車型,Na
1379.0,雖然,Cbb
1379.0,有,V_2
1379.0,歐洲,Nc
1379.0,最,Dfa
1379.0,大,VH
1379.0,市場,Nc
1379.0,撐腰,VB
1379.0,但,Cbb
1379.0,還是,D
1379.0,檔,Na
1379.0,不住,D
1379.0,橫掃,VCL
1379.0,歐洲,Nc
1379.0,各,Nes
1379.0,國,Nc
1379.0,電動車,Na
1379.0,市場,Nc
1379.0,的,DE
1379.0,風潮,Na
1379.0,畢竟,D
1379.0,不,D
1379.0,是,SHI
1379.0,每,Nes
1379.0,台,Nf
1379.0,車,Na
1379.0,都,D
1379.0,能,D
1379.0,像,P
1379.0,葉,Na
1379.0,問樣,VB
1379.0,個,Di
1379.0,打,VC
1379.0,個,Nf
1379.0,的,DE
1379.0,///,FW
1379.0,也許,D
1379.0,有,V_2
1379.0,人,Na
1379.0,會,D
1379.0,想,VE
1379.0,歐洲,Nc
1379.0,車,Na
1379.0,電動車,Na
1379.0,正夯,VH
1379.0,，,COMMACATEGORY
1379.0,所以,Cbb
1379.0,才,Da
1379.0,讓,VL
1379.0,搭,VC
1379.0,順風車,Na
1379.0,創造,VC
1379.0,了,Di
1379.0,這,Nep
1379.0,個,Nf
1379.0,歷史,Na
1379.0,但,Cbb
1379.0,這樣,VH
1379.0,說,VE
1379.0,好像,D
1379.0,也,D
1379.0,只,Da
1379.0,對,P
1379.0,半,Neqa
1379.0,作為,VG
1379.0,長年,D
1379.0,全,Neqa
1379.0,歐洲第,Nb
1379.0,的,DE
1379.0,品牌,Na
1379.0,其實,D
1379.0,對於,P
1379.0,電動車,Na
1379.0,的,DE
1379.0,布局,Na
1379.0,是,SHI
1379.0,很,Dfa
1379.0,早,VH
1379.0,就,D
1379.0,未雨綢繆,VH
1379.0,的,DE
1379.0,以,P
1379.0,純,VH
1379.0,電動車,Na
1379.0,平台,Na
1379.0,來,D
1379.0,說,VE
1379.0,那,Nep
1379.0,種,Nf
1379.0,汽油車,Na
1379.0,平台裝,Na
1379.0,電動,A
1379.0,馬達,Na
1379.0,的,DE
1379.0,半成品,Na
1379.0,就,D
1379.0,忽略,VJ
1379.0,不,D
1379.0,提,VE
1379.0,早,D
1379.0,在,P
1379.0,約,Da
1379.0,四,Neu
1379.0,年,Nf
1379.0,前,Ng
1379.0,就,D
1379.0,已經,D
1379.0,推出,VC
1379.0,和,Caa
1379.0,搶攻,VCL
1379.0,電動車,Na
1379.0,市場,Nc
1379.0,///,FW
1379.0,所以,Cbb
1379.0,也許,D
1379.0,只,Da
1379.0,能,D
1379.0,說,VE
1379.0,真的,D
1379.0,太,Dfa
1379.0,強,VH
1379.0,或者,Caa
1379.0,說,VE
1379.0,自家,Nc
1379.0,的,DE
1379.0,真的,D
1379.0,太,Dfa
1379.0,強大,VH
1379.0,假如,Cbb
1379.0,用,P
1379.0,類似,VG
1379.0,配票,VA
1379.0,的,DE
1379.0,策略,Na
1379.0,把,P
1379.0,或,Caa
1379.0,其他,Neqa
1379.0,車型,Na
1379.0,的,DE
1379.0,銷量,Na
1379.0,分,VC
1379.0,個,Di
1379.0,萬,Neu
1379.0,台,Nf
1379.0,給,VD
1379.0,自家,Nc
1379.0,的,DE
1379.0,就,D
1379.0,能,D
1379.0,阻擋,VC
1379.0,創造,VC
1379.0,歷史,Na
1379.0,但,Cbb
1379.0,這樣,VH
1379.0,講,VE
1379.0,也,D
1379.0,只,Da
1379.0,是,SHI
1379.0,事,Na
1379.0,後,Ng
1379.0,諸葛,Nb
1379.0,了,T
1379.0,全,Neqa
1379.0,歐洲第,Nb
1379.0,熱賣,VA
1379.0,車型,Na
1379.0,被,P
1379.0,奪走,VC
1379.0,已經,D
1379.0,是,SHI
1379.0,事實,Na
1379.0,電動車,Na
1379.0,賣,VD
1379.0,不,D
1379.0,贏,VD
1379.0,的,DE
1379.0,狀況,Na
1379.0,應該,D
1379.0,三五,Neu
1379.0,年,Nf
1379.0,內,Ng
1379.0,也,D
1379.0,不可能,D
1379.0,扭轉,VC
1379.0,電動車,Na
1379.0,的,DE
1379.0,研發,VC
1379.0,與其,Cbb
1379.0,看,VC
1379.0,著,Di
1379.0,前面,Ncd
1379.0,已經,D
1379.0,追,VC
1379.0,不,D
1379.0,到,VC
1379.0,的,DE
1379.0,可能,D
1379.0,更,Dfa
1379.0,要,D
1379.0,擔心,VK
1379.0,的,DE
1379.0,是,SHI
1379.0,緊追,VC
1379.0,在,P
1379.0,後,Ncd
1379.0,的,DE
1379.0,電動車,Na
1379.0,另外,Cbb
1379.0,集團,Na
1379.0,內,Ncd
1379.0,的,DE
1379.0,電動車,Na
1379.0,和,Caa
1379.0,義大利,Nc
1379.0,電動車,Na
1379.0,其實,D
1379.0,距離,Na
1379.0,的,DE
1379.0,距離,Na
1379.0,也,D
1379.0,沒有,VJ
1379.0,很,Dfa
1379.0,遠,VH
1379.0,///,FW
1379.0,回到,VCL
1379.0,歐洲,Nc
1379.0,銷量,Na
1379.0,品牌,Na
1379.0,排名,Na
1379.0,來,D
1379.0,看,VC
1379.0,在,P
1379.0,歐洲,Nc
1379.0,整體,Na
1379.0,銷量,Na
1379.0,成長,VH
1379.0,的,DE
1379.0,情況,Na
1379.0,下,Ng
1379.0,基本,Na
1379.0,上,Ng
1379.0,相對,VH
1379.0,年,Nf
1379.0,成長,VH
1379.0,的,DE
1379.0,品牌,Na
1379.0,很多,Neqa
1379.0,反而,Cbb
1379.0,銷量,Na
1379.0,衰退,VH
1379.0,的,DE
1379.0,品牌,Na
1379.0,就,D
1379.0,顯得,VK
1379.0,很,Dfa
1379.0,突兀,VH
1379.0,以,P
1379.0,歐洲,Nc
1379.0,年銷量,Na
1379.0,萬,Neu
1379.0,以上,Ng
1379.0,的,DE
1379.0,主流,Na
1379.0,品牌,Na
1379.0,來,D
1379.0,說,VE
1379.0,只有,D
1379.0,和,P
1379.0,衰退,VH
1379.0,假如,Cbb
1379.0,放寬,VC
1379.0,點,Na
1379.0,看,VC
1379.0,前名,Na
1379.0,的,DE
1379.0,品牌,Na
1379.0,那,Nep
1379.0,衰退,VH
1379.0,最多,VH
1379.0,的,DE
1379.0,就,D
1379.0,是,SHI
1379.0,銷量,Na
1379.0,衰退,VH
1379.0,到,P
1379.0,還,D
1379.0,賣輸,VD
1379.0,保時捷,Na
1379.0,和,Caa
1379.0,奇怪,VK
1379.0,的,DE
1379.0,是,SHI
1379.0,，,COMMACATEGORY
1379.0,稍微,D
1379.0,看,VC
1379.0,了,Di
1379.0,下,Nes
1379.0,歐洲,Nc
1379.0,產品線,Na
1379.0,發現,VE
1379.0,比,P
1379.0,台灣,Nc
1379.0,還,Dfa
1379.0,齊全,VH
1379.0,很多,Neqa
1379.0,比,P
1379.0,台灣,Nc
1379.0,多,VH
1379.0,了,Di
1379.0,油電,Na
1379.0,，,COMMACATEGORY
1379.0,純,VH
1379.0,電,Na
1379.0,休,VC
1379.0,旅,Na
1379.0,油電,Na
1379.0,和,Caa
1379.0,插電,Na
1379.0,不,D
1379.0,懂,VK
1379.0,歐洲人,Na
1379.0,怎麼,D
1379.0,會,D
1379.0,這麼,D
1379.0,不,D
1379.0,愛,VL
1379.0,至於,P
1379.0,銷量,Na
1379.0,成長,VH
1379.0,的,DE
1379.0,品牌,Na
1379.0,實在,D
1379.0,太多,VH
1379.0,所以,Cbb
1379.0,縮小,VHC
1379.0,下,Ng
1379.0,範圍,Na
1379.0,滿足,VHC
1379.0,以下,Ncd
1379.0,條件,Na
1379.0,的,DE
1379.0,才,Da
1379.0,特別,VH
1379.0,提下,VC
1379.0,和,Caa
1379.0,都,D
1379.0,是,SHI
1379.0,全,Neqa
1379.0,歐洲,Nc
1379.0,銷量,Na
1379.0,萬,Neu
1379.0,台,Nf
1379.0,以上,Neqb
1379.0,的,DE
1379.0,主流,Na
1379.0,品牌,Na
1379.0,年,Na
1379.0,成長,VH
1379.0,且,Caa
1379.0,銷量,Na
1379.0,成長,Nv
1379.0,超過,VJ
1379.0,平均值,Na
1379.0,的,DE
1379.0,品牌,Na
1379.0,年,Na
1379.0,全,Neqa
1379.0,歐洲,Nc
1379.0,銷量,Na
1379.0,排名,VG
1379.0,我,Nh
1379.0,找,VC
1379.0,不,D
1379.0,到,VC
1379.0,前,Ncd
1379.0,的,DE
1379.0,只,Da
1379.0,找到,VC
1379.0,前,Nes
1379.0,名,Na
1379.0,的,DE
1379.0,，,COMMACATEGORY
1379.0,大家,Nh
1379.0,對照,VJ
1379.0,參考,VC
1379.0,///,FW
1379.0,符合,VJ
1379.0,以上,Ncd
1379.0,兩,Neu
1379.0,個,Nf
1379.0,標準,Na
1379.0,的,DE
1379.0,有,V_2
1379.0,以下,Ncd
1379.0,品牌,Na
1379.0,按,P
1379.0,銷量,Na
1379.0,排名,VG
1379.0,在,P
1379.0,歐洲,Nc
1379.0,真的,D
1379.0,厲害,VH
1379.0,年,Na
1379.0,還,D
1379.0,輸給,VD
1379.0,和,Caa
1379.0,兩,Neu
1379.0,大,VH
1379.0,豪華,VH
1379.0,品牌,Na
1379.0,但,Cbb
1379.0,年,Na
1379.0,不但,Cbb
1379.0,逆轉,VA
1379.0,勝,VH
1379.0,成為,VG
1379.0,歐洲,Nc
1379.0,銷售第,Na
1379.0,的,DE
1379.0,豪華,VH
1379.0,品牌,Na
1379.0,也,D
1379.0,是,SHI
1379.0,全,Neqa
1379.0,歐洲,Nc
1379.0,銷售,VC
1379.0,第三,Neu
1379.0,的,DE
1379.0,品牌,Na
1379.0,這,Nep
1379.0,個,Nf
1379.0,品牌,Na
1379.0,我,Nh
1379.0,不,D
1379.0,熟,VH
1379.0,看,VC
1379.0,了,Di
1379.0,官網,Na
1379.0,覺得,VK
1379.0,外型,Na
1379.0,設計,Na
1379.0,很,Dfa
1379.0,法系,Na
1379.0,查下,VE
1379.0,果然,D
1379.0,被,P
1379.0,雷諾,Nb
1379.0,收購,VC
1379.0,連續,VH
1379.0,兩,Neu
1379.0,年,Nf
1379.0,都,D
1379.0,有,V_2
1379.0,超過,VJ
1379.0,的,DE
1379.0,成長,Nv
1379.0,已經,D
1379.0,超車,VA
1379.0,應該,D
1379.0,有,V_2
1379.0,機會,Na
1379.0,擠進,VCL
1379.0,歐洲,Nc
1379.0,前,Ng
1379.0,連續,VH
1379.0,兩,Neu
1379.0,年,Nf
1379.0,都,D
1379.0,爆量,VH
1379.0,成長,VH
1379.0,超過,VJ
1379.0,的,DE
1379.0,品牌,Na
1379.0,的,DE
1379.0,目標,Na
1379.0,應該,D
1379.0,是,SHI
1379.0,連霸,VH
1379.0,全,Neqa
1379.0,歐洲,Nc
1379.0,銷售,VC
1379.0,第,Neu
1379.0,車型,Na
1379.0,另外,Cbb
1379.0,假如,Cbb
1379.0,能,D
1379.0,維持,VJ
1379.0,年,Nf
1379.0,的,DE
1379.0,銷量,Na
1379.0,成長率,Na
1379.0,也,D
1379.0,很,Dfa
1379.0,有,V_2
1379.0,機會,Na
1379.0,搶進,VA
1379.0,歐洲,Nc
1379.0,銷量,Na
1379.0,前,Nes
1379.0,十,Neu
1379.0,品牌,Na
1379.0,的,DE
1379.0,位置,Na
1379.0,另外,Cbb
1379.0,個,Nf
1379.0,連續,VH
1379.0,兩,Neu
1379.0,年,Nf
1379.0,都,D
1379.0,爆量,VH
1379.0,成長,VH
1379.0,的,DE
1379.0,品牌,Na
1379.0,成長,VH
1379.0,，,COMMACATEGORY
1379.0,成長,VH
1379.0,不過,Cbb
1379.0,個人,Nh
1379.0,主觀,VH
1379.0,覺得,VK
1379.0,的,DE
1379.0,成長率,Na
1379.0,是,SHI
1379.0,比較,Dfa
1379.0,穩健,VH
1379.0,的,DE
1379.0,這,Nep
1379.0,種,Nf
1379.0,非,A
1379.0,正常,VH
1379.0,銷量,Na
1379.0,成長率,Na
1379.0,不可能,D
1379.0,維持,VJ
1379.0,銷量,Na
1379.0,成長,Nv
1379.0,勢必,D
1379.0,會,D
1379.0,趨緩,VH
1379.0,對比,Na
1379.0,有,V_2
1379.0,著,Di
1379.0,衝擊,VC
1379.0,歐洲,Nc
1379.0,前,Ncd
1379.0,的,DE
1379.0,潛力,Na
1379.0,年,Na
1379.0,頂多,Da
1379.0,可能,D
1379.0,衝擊,VC
1379.0,歐洲,Nc
1379.0,前,Nes
1379.0,很,Dfa
1379.0,新,VH
1379.0,的,DE
1379.0,品牌,Na
1379.0,，年,D
1379.0,才,Da
1379.0,創立,VC
1379.0,源自,VJ
1379.0,西班牙,Nc
1379.0,汽車,Na
1379.0,品牌,Na
1379.0,但,Cbb
1379.0,我,Nh
1379.0,覺得,VK
1379.0,外型,Na
1379.0,設計,Na
1379.0,比,P
1379.0,帥,VH
1379.0,很多,Neqa
1379.0,而且,Cbb
1379.0,經過,VCL
1379.0,和,VH
1379.0,的,DE
1379.0,爆量,VH
1379.0,成長,Nv
1379.0,其實,D
1379.0,年,Na
1379.0,只,Da
1379.0,落後,VJ
1379.0,不到,VJ
1379.0,萬,Neu
1379.0,台,Nf
1379.0,銷量,Na
1379.0,假如,Cbb
1379.0,維持,VJ
1379.0,差不多,VH
1379.0,的,DE
1379.0,成長,Nv
1379.0,有,V_2
1379.0,機會,Na
1379.0,超越,VC
1379.0,重演,VC
1379.0,現在,Nd
1379.0,歐洲,Nc
1379.0,壓,VC
1379.0,著,Di
1379.0,的,DE
1379.0,狀況,Na
1379.0,也,D
1379.0,是,SHI
1379.0,贏,VD
1379.0,在,P
1379.0,外型,Na
1379.0,設計,Na
1379.0,帥,VH
1379.0,很多,Neqa
1379.0,附帶,D
1379.0,提,VE
1379.0,最近,Nd
1379.0,很,Dfa
1379.0,常,D
1379.0,被,P
1379.0,提到,VE
1379.0,的,DE
1379.0,在,P
1379.0,年,Na
1379.0,的,DE
1379.0,排名,Na
1379.0,是,SHI
1379.0,名,VG
1379.0,雖然,Cbb
1379.0,成長率,Na
1379.0,非常,Dfa
1379.0,高,VH
1379.0,但,Cbb
1379.0,因為,Cbb
1379.0,基數,Na
1379.0,很,Dfa
1379.0,低,VH
1379.0,，,COMMACATEGORY
1379.0,後勢,Na
1379.0,有待,VK
1379.0,觀察,VE
1407.0,趙小蘭,Nb
1407.0,妹妹,Na
1407.0,生前,Nd
1407.0,最後,Nd
1407.0,刻,VC
1407.0,情況,Na
1407.0,曝駕,VC
1407.0,特斯拉,Nb
1407.0,墜池塘,Nc
1407.0,狂,VH
1407.0,求救,VB
1407.0,編輯,Na
1407.0,劉哲琪,Nb
1407.0,報導,VE
1407.0,//,FW
1407.0,美國,Nc
1407.0,前任,A
1407.0,運輸部長,Na
1407.0,趙小蘭,Nb
1407.0,的,DE
1407.0,妹妹,Na
1407.0,趙安吉,Nb
1407.0,月,Na
1407.0,過世,VH
1407.0,圖達志,Nb
1407.0,影像,Na
1407.0,美聯社,Nc
1407.0,美國,Nc
1407.0,前任,A
1407.0,運輸部長,Na
1407.0,趙小蘭,Nb
1407.0,的,DE
1407.0,妹妹,Na
1407.0,福茂,Nb
1407.0,集團,Na
1407.0,董事長,Na
1407.0,兼,VG
1407.0,執行長,Na
1407.0,趙安吉,Nb
1407.0,月,Na
1407.0,過世,VH
1407.0,，,COMMACATEGORY
1407.0,享年歲,Na
1407.0,警方,Na
1407.0,與,Caa
1407.0,消息,Na
1407.0,人士,Na
1407.0,透露,VE
1407.0,，,COMMACATEGORY
1407.0,趙安吉,Nb
1407.0,當時,Nd
1407.0,疑,VK
1407.0,似,D
1407.0,開,VC
1407.0,著,Di
1407.0,輛特斯拉,Nb
1407.0,，,COMMACATEGORY
1407.0,連,Cbb
1407.0,人,Na
1407.0,帶,VC
1407.0,車,Na
1407.0,墜入,VCL
1407.0,德州,Nc
1407.0,間,Ncd
1407.0,私人,Nh
1407.0,牧場,Nc
1407.0,的,DE
1407.0,池塘,Nc
1407.0,後,Ng
1407.0,喪命,VH
1407.0,外媒,Na
1407.0,最,Dfa
1407.0,新,VH
1407.0,報導,Na
1407.0,還原,VHC
1407.0,她,Nh
1407.0,墜,VA
1407.0,入,VCL
1407.0,池塘,Nc
1407.0,的,DE
1407.0,原因,Na
1407.0,，,COMMACATEGORY
1407.0,稱,VE
1407.0,她,Nh
1407.0,在,P
1407.0,生前,Nd
1407.0,最後,Nd
1407.0,刻,D
1407.0,曾,D
1407.0,瘋狂,VH
1407.0,致電,VC
1407.0,友人,Na
1407.0,求助,VC
1407.0,綜合,VC
1407.0,華爾街日報,Nb
1407.0,與,Caa
1407.0,紐約,Nc
1407.0,郵報,Na
1407.0,報導,VE
1407.0,，,COMMACATEGORY
1407.0,趙氏,Nb
1407.0,家族,Na
1407.0,月日,Nd
1407.0,發出,VC
1407.0,訃告,Na
1407.0,，,COMMACATEGORY
1407.0,證實,VE
1407.0,趙安吉,Nb
1407.0,意外,VK
1407.0,過,VCL
1407.0,世,Na
1407.0,的,DE
1407.0,消息,Na
1407.0,，,COMMACATEGORY
1407.0,但,Cbb
1407.0,沒有,D
1407.0,透露,VE
1407.0,這,Nep
1407.0,場,Nf
1407.0,致命,VH
1407.0,意外,Na
1407.0,的,DE
1407.0,細節,Na
1407.0,根據,P
1407.0,德州,Nc
1407.0,奧斯汀,Nc
1407.0,當地,Nc
1407.0,媒體,Na
1407.0,，,COMMACATEGORY
1407.0,德州,Nc
1407.0,布蘭科縣,Nc
1407.0,警,Na
1407.0,長,VH
1407.0,辦公室,Nc
1407.0,指出,VE
1407.0,，,COMMACATEGORY
1407.0,趙安吉,Nb
1407.0,月,Na
1407.0,日,Na
1407.0,連,Cbb
1407.0,人,Na
1407.0,帶,VC
1407.0,車,Na
1407.0,墜入,VCL
1407.0,座,Nf
1407.0,詹森城,Nc
1407.0,私人,Nh
1407.0,牧場,Nc
1407.0,的,DE
1407.0,池塘,Nc
1407.0,，,COMMACATEGORY
1407.0,死因,Na
1407.0,應該,D
1407.0,是,SHI
1407.0,溺死,VH
1407.0,，,COMMACATEGORY
1407.0,初步,D
1407.0,判斷,VE
1407.0,是,SHI
1407.0,起,VC
1407.0,不幸,VH
1407.0,意外,Na
1407.0,華爾街日報,Nb
1407.0,近日,Nd
1407.0,公布,VE
1407.0,這,Nep
1407.0,起,Nf
1407.0,意外,Na
1407.0,的,DE
1407.0,細節,Na
1407.0,據,P
1407.0,了,Di
1407.0,解,VC
1407.0,，,COMMACATEGORY
1407.0,趙安吉,Nb
1407.0,月,Na
1407.0,日,Nd
1407.0,邀請,VC
1407.0,多,Neqa
1407.0,名,Nf
1407.0,哈佛,Nb
1407.0,商學院,Nc
1407.0,的,DE
1407.0,好,VH
1407.0,友,Na
1407.0,，,COMMACATEGORY
1407.0,在,P
1407.0,她,Nh
1407.0,位於,VCL
1407.0,德州,Nc
1407.0,丘陵,Na
1407.0,地區,Nc
1407.0,的,DE
1407.0,座私人,Na
1407.0,莊園,Na
1407.0,度過,VCL
1407.0,周,Nd
1407.0,末,Ng
1407.0,她,Nh
1407.0,於,P
1407.0,日,Nd
1407.0,晚間,Nd
1407.0,與,P
1407.0,友人,Na
1407.0,在,P
1407.0,莊園,Na
1407.0,別館,Nc
1407.0,用,VC
1407.0,餐,Na
1407.0,並,Cbb
1407.0,慶祝,VE
1407.0,春節,Nd
1407.0,後,Ng
1407.0,，,COMMACATEGORY
1407.0,點分,Na
1407.0,左右,Ng
1407.0,返回,VCL
1407.0,她,Nh
1407.0,家人,Na
1407.0,所在,Na
1407.0,的,DE
1407.0,主館,Nc
1407.0,儘管,Cbb
1407.0,兩,Neu
1407.0,地,Na
1407.0,距離,Na
1407.0,不遠,VH
1407.0,，,COMMACATEGORY
1407.0,但,Cbb
1407.0,室,Nc
1407.0,外,Ncd
1407.0,嚴寒,VH
1407.0,，,COMMACATEGORY
1407.0,因,Cbb
1407.0,此,Nep
1407.0,她,Nh
1407.0,決定,VE
1407.0,駕駛,VC
1407.0,特斯拉,Nb
1407.0,移動,VAC
1407.0,，,COMMACATEGORY
1407.0,車程,Na
1407.0,約,Da
1407.0,分鐘,Nf
1407.0,沒,D
1407.0,過,VCL
1407.0,幾,Neu
1407.0,分鐘,Nf
1407.0,，,COMMACATEGORY
1407.0,趙安吉,Nb
1407.0,就,D
1407.0,驚慌失措,VH
1407.0,地,DE
1407.0,打電話,VB
1407.0,給,P
1407.0,友人,Na
1407.0,，,COMMACATEGORY
1407.0,表示,VE
1407.0,她,Nh
1407.0,在,P
1407.0,開車,VA
1407.0,掉頭,VA
1407.0,時,Ng
1407.0,，,COMMACATEGORY
1407.0,把,P
1407.0,前進檔,Na
1407.0,打成,VG
1407.0,倒,D
1407.0,車,Na
1407.0,檔,Na
1407.0,，,COMMACATEGORY
1407.0,導致,VL
1407.0,車子,Na
1407.0,迅速,VH
1407.0,後退,VA
1407.0,並,Cbb
1407.0,翻過,VC
1407.0,個,Nf
1407.0,堤防,Na
1407.0,，,COMMACATEGORY
1407.0,衝進,VCL
1407.0,池塘,Nc
1407.0,並,Cbb
1407.0,快速,VH
1407.0,下沉,VA
1407.0,她,Nh
1407.0,的,DE
1407.0,朋友,Na
1407.0,得知,VK
1407.0,消息,Na
1407.0,立刻,D
1407.0,衝,VJ
1407.0,出,VJ
1407.0,去,D
1407.0,幫忙,VC
1407.0,，,COMMACATEGORY
1407.0,其中,Nep
1407.0,名,A
1407.0,女子,Na
1407.0,還,D
1407.0,跳入,VCL
1407.0,池塘,Nc
1407.0,內,Ncd
1407.0,牧場,Nc
1407.0,主人,Na
1407.0,與,Caa
1407.0,妻子,Na
1407.0,聽到,VE
1407.0,騷動,VA
1407.0,也,D
1407.0,跑出,VCL
1407.0,室,Nc
1407.0,外,Ncd
1407.0,，,COMMACATEGORY
1407.0,有,V_2
1407.0,人,Na
1407.0,協助,VC
1407.0,撥,VC
1407.0,打,VC
1407.0,報導,VE
1407.0,指出,VE
1407.0,，,COMMACATEGORY
1407.0,由於,Cbb
1407.0,地形,Na
1407.0,崎嶇,VH
1407.0,，,COMMACATEGORY
1407.0,救援隊,Na
1407.0,在,P
1407.0,接獲,VC
1407.0,通報,VE
1407.0,約,Da
1407.0,分鐘,Nf
1407.0,後,Ng
1407.0,才,Da
1407.0,抵達,VCL
1407.0,現場,Nc
1407.0,名,Na
1407.0,救難,VA
1407.0,人員,Na
1407.0,透露,VE
1407.0,，,COMMACATEGORY
1407.0,到場,VA
1407.0,時,Ng
1407.0,發現,VE
1407.0,整,Neqa
1407.0,輛,Nf
1407.0,特斯拉,Nb
1407.0,徹底,VH
1407.0,淹沒,VC
1407.0,，,COMMACATEGORY
1407.0,警方,Na
1407.0,為了,P
1407.0,砸開,VC
1407.0,車窗,Na
1407.0,，,COMMACATEGORY
1407.0,還度,D
1407.0,站,VA
1407.0,在,P
1407.0,車,Na
1407.0,頂,Dfa
1407.0,上,Ncd
1407.0,最後,Nd
1407.0,出動,VAC
1407.0,輛,Nf
1407.0,拖車,Na
1407.0,到,VCL
1407.0,現場,Nc
1407.0,，,COMMACATEGORY
1407.0,試圖,VF
1407.0,將,P
1407.0,特斯拉,Nb
1407.0,從,P
1407.0,水,Na
1407.0,中,Ncd
1407.0,拉起,VC
1407.0,，,COMMACATEGORY
1407.0,但度,D
1407.0,發現,VE
1407.0,纜線,Na
1407.0,不,D
1407.0,夠,Dfa
1407.0,長,VH
1407.0,等,Cab
1407.0,兩,Neu
1407.0,名,VG
1407.0,救難,VA
1407.0,人員,Na
1407.0,將,P
1407.0,趙安吉,Nb
1407.0,拖出,VCL
1407.0,車,Na
1407.0,中,Ncd
1407.0,時,Ng
1407.0,，,COMMACATEGORY
1407.0,已經,D
1407.0,是,SHI
1407.0,凌晨點分,Nd
1407.0,車門,Na
1407.0,打開,VC
1407.0,時,Ng
1407.0,，,COMMACATEGORY
1407.0,大量,Neqa
1407.0,的,DE
1407.0,水,Na
1407.0,從,P
1407.0,車,Na
1407.0,內,Ncd
1407.0,湧出,VA
1407.0,趙安吉,Nb
1407.0,被,P
1407.0,救出,VC
1407.0,時,Ng
1407.0,已,D
1407.0,沒有,VJ
1407.0,反應,Na
1407.0,，,COMMACATEGORY
1407.0,救難,VA
1407.0,人員,Na
1407.0,搶救,VC
1407.0,約,Da
1407.0,分鐘,Nf
1407.0,後,Ng
1407.0,宣告,VE
1407.0,不治,VH
1407.0,報導,VE
1407.0,指出,VE
1407.0,，,COMMACATEGORY
1407.0,警方,Na
1407.0,並,D
1407.0,未,D
1407.0,對,P
1407.0,外,Ncd
1407.0,透露,VE
1407.0,太多,Neqa
1407.0,關於,P
1407.0,趙安吉,Nb
1407.0,身亡,VH
1407.0,的,DE
1407.0,細節,Na
1407.0,最,Dfa
1407.0,新,VH
1407.0,報導,Na
1407.0,指出,VE
1407.0,，,COMMACATEGORY
1407.0,布蘭,Nb
1407.0,科,Nc
1407.0,縣警長,Na
1407.0,辦公室,Nc
1407.0,月,Na
1407.0,日,Nd
1407.0,寫給,VD
1407.0,德州,Nc
1407.0,檢察長,Na
1407.0,帕克斯頓,Nb
1407.0,的,DE
1407.0,信,Na
1407.0,中,Ng
1407.0,記載,VC
1407.0,，,COMMACATEGORY
1407.0,儘管,Cbb
1407.0,初步,D
1407.0,調,VCL
1407.0,查,VE
1407.0,顯示,VK
1407.0,這,Nep
1407.0,是,SHI
1407.0,起,VC
1407.0,意外,Na
1407.0,，,COMMACATEGORY
1407.0,但,Cbb
1407.0,卻,D
1407.0,是,SHI
1407.0,起,VC
1407.0,非,A
1407.0,典型,VH
1407.0,意外,Na
1407.0,，,COMMACATEGORY
1407.0,警長,Na
1407.0,辦公室,Nc
1407.0,正在,D
1407.0,朝,P
1407.0,刑事,Na
1407.0,方向,Na
1407.0,偵辦,VC
1407.0,，,COMMACATEGORY
1407.0,直到,P
1407.0,有,V_2
1407.0,足夠,VH
1407.0,證據,Na
1407.0,能,D
1407.0,排除,VC
1407.0,犯罪,VA
1407.0,活動,Na
1407.0,/////,FW
1407.0,///,FW
1407.0,///,FW
1407.0,最,Dfa
1407.0,右,Ncd
1407.0,與,P
1407.0,她,Nh
1407.0,的,DE
1407.0,妹妹,Na
1407.0,前,Nes
1407.0,交通部長,Na
1407.0,左,Ncd
1407.0,她,Nh
1407.0,的,DE
1407.0,姐夫,Na
1407.0,左,Ncd
1407.0,二,Neu
1407.0,現任,A
1407.0,總統,Na
1407.0,中,Ng
1407.0,和,P
1407.0,她,Nh
1407.0,的,DE
1407.0,父親,Na
1407.0,右,Ncd
1407.0,二合影,Na
1485.0,理,Na
1485.0,單,Da
1485.0,中國,Nc
1485.0,市場,Nc
1485.0,真的,D
1485.0,很,Dfa
1485.0,大,VH
1485.0,很,Dfa
1485.0,可惜,VH
1485.0,當年,Nd
1485.0,納智捷,Nb
1485.0,沒,D
1485.0,成功,VH
1485.0,在,P
1485.0,中國,Nc
1485.0,拿下,VC
1485.0,席之地,Na
1485.0,，,COMMACATEGORY
1485.0,失敗,VH
1485.0,收場,VH
1485.0,以前,Nd
1485.0,嚴凱泰,Nb
1485.0,超有,VJ
1485.0,野心,Na
1485.0,，,COMMACATEGORY
1485.0,車,Na
1485.0,都,D
1485.0,賣到,VCL
1485.0,伊朗,Nc
1485.0,去,VCL
1485.0,了,Di
1485.0,但,Cbb
1485.0,這,Nep
1485.0,也,D
1485.0,說明,VE
1485.0,車業,Na
1485.0,沒,D
1485.0,那麼,D
1485.0,好,VH
1485.0,做,VC
1485.0,，,COMMACATEGORY
1485.0,成,VH
1485.0,也,D
1485.0,賣,VD
1485.0,車,Na
1485.0,敗,VH
1485.0,也,D
1485.0,賣,VD
1485.0,車,Na
1485.0,車友,Na
1485.0,有,V_2
1485.0,比較,VC
1485.0,過,Di
1485.0,和,P
1485.0,整體,Na
1485.0,還是,D
1485.0,比較,Dfa
1485.0,成熟,VH
1485.0,，,COMMACATEGORY
1485.0,感覺,VK
1485.0,這,Nep
1485.0,家,Nf
1485.0,公司,Nc
1485.0,有,D
1485.0,學到,VC
1485.0,教訓,Na
1485.0,也,D
1485.0,有,V_2
1485.0,改善,VC
1485.0,輔助,VC
1485.0,系統,Na
1485.0,連,Cbb
1485.0,都,D
1485.0,比不上,VJ
1485.0,，,COMMACATEGORY
1485.0,何,Nes
1485.0,來,D
1485.0,對,P
1485.0,比特斯拉,Nb
1485.0,////__,FW
1485.0,這,Nep
1485.0,股價,Na
1485.0,拉抬,VC
1485.0,，,COMMACATEGORY
1485.0,我們,Nh
1485.0,看看,VE
1485.0,就,D
1485.0,好,VH
1511.0,現在,Nd
1511.0,車,Na
1511.0,幾乎,Da
1511.0,都,D
1511.0,有,V_2
1511.0,智慧,Na
1511.0,巡航,VA
1511.0,功能,Na
1511.0,其中,Nep
1511.0,公認,VE
1511.0,最,Dfa
1511.0,強,VH
1511.0,的,DE
1511.0,應該,D
1511.0,就,D
1511.0,屬,VG
1511.0,的,DE
1511.0,和,P
1511.0,特斯拉,Nb
1511.0,的,DE
1511.0,自駕,VA
1511.0,系統,Na
1511.0,各位,Nh
1511.0,大,VH
1511.0,神車,Na
1511.0,主,Na
1511.0,輪,VL
1511.0,功能,Na
1511.0,比較,Dfa
1511.0,強,VH
1511.0,還是,Caa
1511.0,特斯拉,Nb
1511.0,呢,T
1511.0,或是,Caa
1511.0,其實,D
1511.0,有,V_2
1511.0,其他,Neqa
1511.0,更,D
1511.0,強,VH
1511.0,的,DE
1511.0,牌子,Na
1511.0,呢,T
1539.0,///,FW
1539.0,內文,Na
1539.0,大意,VH
1539.0,雖然,Cbb
1539.0,馬誼郎,Nb
1539.0,嘴,Na
1539.0,硬說,VE
1539.0,路透社,Nc
1539.0,說謊,VA
1539.0,但,Cbb
1539.0,特斯拉,Nb
1539.0,在,P
1539.0,這,Nep
1539.0,波,Nf
1539.0,裁員,VC
1539.0,裡,Ng
1539.0,把,P
1539.0,許多,Neqa
1539.0,參與,VC
1539.0,開發,VC
1539.0,的,DE
1539.0,人,Na
1539.0,都,D
1539.0,裁掉,VC
1539.0,了,Di
1539.0,資金,Na
1539.0,也,D
1539.0,全,Neqa
1539.0,都,D
1539.0,拉去,VC
1539.0,項目,Na
1539.0,心得,Na
1539.0,也,D
1539.0,是,SHI
1539.0,啦,T
1539.0,來,D
1539.0,做,VC
1539.0,不,D
1539.0,贏,VD
1539.0,中國,Nc
1539.0,車海,Na
1539.0,窮鬼,Na
1539.0,們,Na
1539.0,買,VC
1539.0,了,Di
1539.0,也,D
1539.0,不會,D
1539.0,加購,VC
1539.0,/,FW
1539.0,等於,VG
1539.0,陷入,VCL
1539.0,硬體,Na
1539.0,按,VC
1539.0,成本,Na
1539.0,賣,VD
1539.0,軟體,Na
1539.0,也,D
1539.0,抽,VC
1539.0,不,D
1539.0,到,VC
1539.0,營收,Na
1539.0,的,DE
1539.0,窘境,Na
1539.0,徒佔,VC
1539.0,產能,Na
1539.0,而已,T
1539.0,但,Cbb
1539.0,把,P
1539.0,資源,Na
1539.0,都,D
1539.0,搬去,VCL
1539.0,就,D
1539.0,無法,D
1539.0,理解,VK
1539.0,了,T
1539.0,有待,VK
1539.0,特粉,Na
1539.0,解答,VC
