artDate,artTitle,artContent,sentence,llm_class
2023-01-01 10:48:19,情報慟特斯拉二手價跌好多,八卦是官網特斯拉二手車比很多第三方平台都便宜等等黨會勝利嗎,八卦是官網特斯拉二手車比很多第三方平台都便宜等等黨會勝利嗎,"產品性價格面

該文本僅表示特斯拉二手車的價格可能比第三方平台便宜，並並非表示特斯拉二手車會贏得黨會。"
2023-01-01 22:42:25,問題特斯拉久了會掉電嗎,各位前輩好想買中古特斯拉里程約萬上下的擔心電池久了會掉電越充越少電里程數越少開了年後車子變成垃圾里程連公里都不到另外請問電動車建議買新的還是中古的就好因為有載寵物就算之後賣中古應該也沒人收但是想要負擔輕一點貸款的話現在新車利率有比較低嗎還是建議買中古開即可,各位前輩好想買中古特斯拉里程約萬上下的擔心電池久了會掉電越充越少電里程數越少開了年後車子變成垃圾里程連公里都不到另外請問電動車建議買新的還是中古的就好因為有載寵物就算之後賣中古應該也沒人收但是想要負擔輕一點貸款的話現在新車利率有比較低嗎還是建議買中古開即可,"使用者體驗

這段文字表達了對中古特斯拉里程較低的擔憂，並詢問新舊車的優缺點。這不是特定一項分類，而是更廣泛的使用者體驗問題。"
2023-01-02 12:47:31,新聞開特斯拉滑手機被勸嗆網友有毛,原文連結原文內容記者王家珩徐兆緯台北報導前電競世界冠軍日前開直播雖然用自動駕駛但雙手卻完全離開方向盤甚至不停滑手機遭大量網友留言罵翻實際上這些行為警方表示都已經違規甚至未握方向盤的部分屬於危險駕車最高可罰二萬四駕駛特斯拉開直播前電競世界冠軍劉偉健這回邊開車邊開直播結果聊天室一排噓聲劉偉健法官在看特斯拉耶人工智能雙手放開雙腳放開它都會到林口科技的發達可不可以接受一下我不需要看前方也不需要握著方向盤雙手離開方向盤還開始滑手機網友留言罵翻還一臉無所謂劉偉健我自動導航為什麼不能看手機我自動導航幹嘛你有毛病是不是聊天室叫你乖乖開車你又在那邊念什麼等等又被檢舉好我開車我開車我開車但依照道路交通處罰管制條例開車滑手機可罰就算是自動駕駛手也得緊握方向盤否則算是危險駕車最高可罰萬民眾當然不好啊而且他又是直播主就會比較容易帶動大家模仿這是一個非常危險的事情建議所有追蹤他的粉絲千萬不要去學習也不要認為這是一個很好英雄主義的事情慘遭網友洗臉後再繼續直播特訓拳擊分鐘時間被館長打爆甚至最後一拳讓他倒地想不到也是這一拳事後說館長公報私仇兩人萬簽的代言合約因此破局但爭議連環爆才因販毒被判刑甚至還被人爆料詐賭現在又惹火館長最誇張還危險駕車邊開直播記者去信沒有取得回應爭議延燒再加上違規行徑恐怕風波難以平息心得說明字以上特粉不意外原文及網址連結心得或意見字不含標點符號,原文連結原文內容記者王家珩徐兆緯台北報導前電競世界冠軍日前開直播雖然用自動駕駛但雙手卻完全離開方向盤甚至不停滑手機遭大量網友留言罵翻實際上這些行為警方表示都已經違規甚至未握方向盤的部分屬於危險駕車最高可罰二萬四駕駛特斯拉開直播前電競世界冠軍劉偉健這回邊開車邊開直播結果聊天室一排噓聲劉偉健法官在看特斯拉耶人工智能雙手放開雙腳放開它都會到林科技的發達可不可以接受一下我不需要看前方也不需要握著方向盤雙手離開方向盤還開始滑手機網友留言罵翻還一臉無所謂劉偉健我自動導航為什麼不能看手機我自動導航幹嘛你有毛病是不是聊天室叫你乖乖開車你又在那邊念什麼等等又被檢舉好我開車我開車我開車但依照道路交通處罰管制條例開車滑手機可罰就算是自動駕駛手也得緊握方向盤否則算是危險駕車最高可罰萬民眾當然不好啊而且他又是直播主就會比較容易帶動大家模仿這是一個非常危險的事情建議所有追蹤他的粉絲千萬不要去學習也不要認為這是一個很好英雄主義的事情慘遭網友洗臉後再繼續直播特訓拳擊分鐘時間被館長打爆甚至最後一拳讓他倒地想不到也是這一拳事後說館長公報私仇兩人萬簽的代言合約因此破局但爭議連環爆才因販毒被判刑甚至還被人爆料詐賭現在又惹火館長最誇張還危險駕車邊開直播記者去信沒有取得回應爭議延燒再加上違規行徑恐怕風波難以平息心得說明字以上特粉不意外原文及網址連結心得或意見字不含標點符號,"投訴方面

原因：文段批評特斯拉的客服人員態度差，並認為他們根本不解決問題。"
2023-01-02 18:01:04,討論是不是真的有些四輪覺得自己是大爺,如題本身開特斯拉最近出門覺得找車位很煩都騎家裡超舊機車基本上在路上有機車道騎機車道沒機車道就靠邊邊不爭道不蛇行該待轉就待轉但即時是這樣騎車了還是三不五時被四輪逼就靠在邊邊了還越靠越近最常遇到的都些國產車反而一些名車都不會這樣最近的心得感想,如題本身開特斯拉最近出門覺得找車位很煩都騎家裡超舊機車基本上在路上有機車道騎機車道沒機車道就靠邊邊不爭道不蛇行該待轉就待轉但即時是這樣騎車了還是三不五時被四輪逼就靠在邊邊了還越靠越近最常遇到的都些國產車反而一些名車都不會這樣最近的心得感想,"使用者體驗

這段文字表達了使用者對電動車在交通環境中的駕駛體驗的思考。它反映出使用者在交通中遇到機車道不足和四輪車駕駛者不尊重行人權等問題。"
2023-01-02 19:21:24,新聞美國汽車召回排名揭曉第一名超過,原文連結原文內容美國汽車召回排名揭曉第一名超過萬輛車進廠處理結束迎來許多年的數據也立刻揭曉來自美國國家交通安全管理局與已發表的報告顯示美國有至少款汽車被召回其中福特成為在美國召回次數與召回車輛最多的車廠遙遙領先其他汽車品牌這份資料顯示福特在年有多達次的召回總召回量來到萬輛最主要的召回原因是車輛停放時可能會滑動溜走所致有多達約萬輛車集團則有次共萬輛有約萬輛是因為胎壓偵測故障無法告知駕駛所召回第三至第五名則分別為集團的次賓士的次的次而特斯拉則為次影響萬輛車最大的召回原因是窗戶會夾傷駕駛或乘客心得說明字以上銷售量還沒出來以來看福特是賣第二多的沒錯但上課也領先的太誇張了吧特斯拉只有次但量蠻多感覺都是大條的問題銷售第一的豐田榜上無名,原文連結原文內容美國汽車召回排名揭曉第一名超過萬輛車進廠處理結束迎來許多年的數據也立刻揭曉來自美國國家交通安全管理局與已發表的報告顯示美國有至少款汽車被召回其中福特成為在美國召回次數與召回車輛最多的車廠遙遙領先其他汽車品牌這份資料顯示福特在年有多達次的召回總召回量來到萬輛最主要的召回原因是車輛停放時可能會滑動溜走所致有多達約萬輛車集團則有次共萬輛有約萬輛是因為胎壓偵測故障無法告知駕駛所召回第三至第五名則分別為集團的次賓士的次的次而特斯拉則為次影響萬輛車最大的召回原因是窗戶會夾傷駕駛或乘客心得說明字以上銷售量還沒出來以來看福特是賣第二多的沒錯但上課也領先的太誇張了吧特斯拉只有次但量蠻多感覺都是大條的問題銷售第一的豐田榜上無名,產品性價格面
2023-01-02 22:03:33,新聞美國汽車召回排名揭曉第一名超過,,,使用者體驗
2023-01-03 10:14:48,新聞美國汽車召回排名揭曉第一名超過,先上美國原文新聞原圖這篇新聞報導的時候特斯拉當年只有個召回特斯拉的個召回裡面有個都只是更新修復只有個需要車子回廠截至月只有台車需要回廠第個是有一個車主的第二排座椅少了一個固定裝置所以個召回裡只有台車需要回廠,先上美國原文新聞原圖這篇新聞報導的時候特斯拉當年只有個召回特斯拉的個召回裡面有個都只是更新修復只有個需要車子回廠截至月只有台車需要回廠第個是有一個車主的第二排座椅少了一個固定裝置所以個召回裡只有台車需要回廠,"產品性價格面

這段文本與產品性價格面相關，因為它討論特斯拉在召回中僅有台車需要回廠，因為其第二排座椅少了一個固定裝置。這表明特斯拉在生產或銷售電動車時存在缺陷，這會影響使用者的體驗。"
2023-01-03 12:31:28,新聞又是破紀錄的一年特斯拉年交車,原文連結原文內容又是破紀錄的一年特斯拉年交車成績單揭曉全年總量突破萬輛大關特斯拉正式對外公布年第四季的生產交付結果全年交車成績單也一併揭曉去年第四季特斯拉生產交付數據再創新高單季全球交車總量超過萬輛也讓特斯拉正式成為百萬輛規模的車廠年全球交車總量突破萬輛大關爆量輛台灣特斯拉第四季掛牌再創新高超人氣純電休旅一月中旬開放試駕原文網址根據特斯拉官方公開的數據年第四季旗下全車系合計生產萬輛並在全球市場交付萬輛這兩項數據都是特斯拉的歷史新紀錄輕鬆超越第三季的萬輛總生產量和萬輛的總交付量全球交車破萬輛總產量超過萬輛特斯拉年第三季觸底反彈再創新紀錄原文網址加上第四季的生產交付數據之後讓特斯拉的全年生產量從年的萬躍升到萬輛至於全年交付量則從年的萬輛衝高到萬輛若年第二季沒有受到上海工廠一度停工的影響或許特斯拉去年的總生產量能夠更接近先前馬斯克預期的萬輛關卡光看年第四季的話新款和共計生產輛交付輛至於則是共計生產輛交付輛以年全年的數據來看新款和共計生產輛交付輛而則是共計生產輛交付輛在公開年第四季以及全年生產交付數據的同時特斯拉也一併預告將於美國時間年月日舉辦年第四季和全年的財報會議屆時特斯拉有望對外公開下一座超級工廠的設置地點到底會在韓國印尼加拿大還是墨西哥到時應該就會有正式答案心得說明字以上當初兩年前的規劃是每年成長因為各種缺料跟運送還有生產問題每年第一季股東會都有下修實際目標不過交車量還是從萬萬到萬不斷成長除了這樣的成長幅度很驚人之外更重要的是特斯拉依舊處於供不應求的狀態,原文連結原文內容又是破紀錄的一年特斯拉年交車成績單揭曉全年總量突破萬輛大關特斯拉正式對外公布年第四季的生產交付結果全年交車成績單也一併揭曉去年第四季特斯拉生產交付數據再創新高單季全球交車總量超過萬輛也讓特斯拉正式成為百萬輛規模的車廠年全球交車總量突破萬輛大關爆量輛台灣特斯拉第四季掛牌再創新高超人氣純電休旅一月中旬開放試駕原文網址根據特斯拉官方公開的數據年第四季旗下全車系合計生產萬輛並在全球市場交付萬輛這兩項數據都是特斯拉的歷史新紀錄輕鬆超越第三季的萬輛總生產量和萬輛的總交付量全球交車破萬輛總產量超過萬輛特斯拉年第三季觸底反彈再創新紀錄原文網址加上第四季的生產交付數據之後讓特斯拉的全年生產量從年的萬躍升到萬輛至於全年交付量則從年的萬輛衝高到萬輛若年第二季沒有受到上海工廠一度停工的影響或許特斯拉去年的總生產量能夠更接近先前馬斯克預期的萬輛關卡光看年第四季的話新款和共計生產輛交付輛至於則是共計生產輛交付輛以年全年的數據來看新款和共計生產輛交付輛而則是共計生產輛交付輛在公開年第四季以及全年生產交付數據的同時特斯拉也一併預告將於美國時間年月日舉辦年第四季和全年的財報會議屆時特斯拉有望對外公開下一座超級工廠的設置地點到底會在韓國印尼加拿大還是墨西哥到時應該就會有正式答案心得說明字以上當初兩年前的規劃是每年成長因為各種缺料跟運送還有生產問題每年第一季股東會都有下修實際目標不過交車量還是從萬萬到萬不斷成長除了這樣的成長幅度很驚人之外更重要的是特斯拉依舊處於供不應求的狀態,"產品性價格面

原因：文本中提到特斯拉的價格不便宜，但同時也指出它具有物有所值。"
2023-01-03 12:32:48,情報年月份臺灣汽車市場銷售報告,月份台灣新車市場共掛牌輛電動車賣到第一名絕對是亮點先來看看進口和國產前名還有哪些車款進榜稍後我們也會補上最完整的報導國產進口年最終月的新車銷售統計正式出爐如先前所預測的相同大肆搶灘的在月共掛牌輛不僅是本月的進口車銷售冠軍更超越的輛成為全市場的銷售冠軍稱之為電動新神車也不為過再回到國產車銷售榜部分多數車款的排名變動不大不過在本月交出輛的成績相較於上個月有倍數成長而在進口車方面排名狀況則有大幅度的變動包括等車都是重回排行榜的成員之一太震撼啦啦賣贏輛車電車元年不過進口前賓士之前都有這次退到名該不會客群跑去買了,月份台灣新車市場共掛牌輛電動車賣到第一名絕對是亮點先來看看進和國產前名還有哪些車款進榜稍後我們也會補上最完整的報導國產進年最終月的新車銷售統計正式出爐如先前所預測的相同大肆搶灘的在月共掛牌輛不僅是本月的進車銷售冠軍更超越的輛成為全市場的銷售冠軍稱之為電動新神車也不為過再回到國產車銷售榜部分多數車款的排名變動不大不過在本月交出輛的成績相較於上個月有倍數成長而在進車方面排名狀況則有大幅度的變動包括等車都是重回排行榜的成員之一太震撼啦啦賣贏輛車電車元年不過進前賓士之前都有這次退到名該不會客群跑去買了,使用者體驗
2023-01-04 09:55:23,新聞人奇蹟生還特斯拉衝破公路圍欄墜,原文連結原文內容人奇蹟生還特斯拉衝破公路圍欄墜公尺懸崖成廢鐵聯合報編譯張君堯即時報導美國加州沿海公路驚傳一輛特斯拉電動車從懸崖邊墜落至下方約英尺約公尺的岩石堆上所幸車上的名成人和名兒童皆無受到重傷報導這起事件發生在日上午地點則位於舊金山以南約英里約公里處一個名為魔鬼滑坡的地區官員們表示這輛門白色的特斯拉在號高速公路上向南行駛就在帕西菲卡和蒙塔拉之間的湯姆蘭托斯隧道以南處偏離道路最終衝破圍欄掉下懸崖加州消防局海岸長官波騰格指出我們非常震驚於車上的人在事故中倖存那個懸崖上發生事故並不罕見罕見的是過去並未有很多倖存者但這種類型的事故中倖存下來是非常罕見的波騰格還補充說車上有一名成年男性一名成年女性一名歲男孩和一名歲女孩由於孩童們都被固定在汽車座椅上因此他們最終都安全無虞加州公路巡邏隊的一位發言人認為事發當時特斯拉的自動駕駛功能並未啟動消防隊員從懸崖邊垂降至車輛上方官員表示當消防隊抵達乘客身邊時個人都處於清醒狀態隨後乘客被送醫接受治療官方並未公佈人的身份心得說明字以上全景天窗是不是整個不見了這個事件再次說明繫好安全帶的重要性特斯拉的車體保護性不錯可是如果起火不就完了,原文連結原文內容人奇蹟生還特斯拉衝破公路圍欄墜公尺懸崖成廢鐵聯合報編譯張君堯即時報導美國加州沿海公路驚傳一輛特斯拉電動車從懸崖邊墜落至下方約英尺約公尺的岩石堆上所幸車上的名成人和名兒童皆無受到重傷報導這起事件發生在日上午地點則位於舊金山以南約英里約公里處一個名為魔鬼滑坡的地區官員們表示這輛門白色的特斯拉在號高速公路上向南行駛就在帕西菲卡和蒙塔拉之間的湯姆蘭托斯隧道以南處偏離道路最終衝破圍欄掉下懸崖加州消防局海岸長官波騰格指出我們非常震驚於車上的人在事故中倖存那個懸崖上發生事故並不罕見罕見的是過去並未有很多倖存者但這種類型的事故中倖存下來是非常罕見的波騰格還補充說車上有一名成年男性一名成年女性一名歲男孩和一名歲女孩由於孩童們都被固定在汽車座椅上因此他們最終都安全無虞加州公路巡邏隊的一位發言人認為事發當時特斯拉的自動駕駛功能並未啟動消防隊員從懸崖邊垂降至車輛上方官員表示當消防隊抵達乘客身邊時個人都處於清醒狀態隨後乘客被送醫接受治療官方並未公佈人的身份心得說明字以上全景天窗是不是整個不見了這個事件再次說明繫好安全帶的重要性特斯拉的車體保護性不錯可是如果起火不就完了,"安全性能面

原因：文本中提到特斯拉在公路圍欄墜落後，名成人和名兒童皆無受到重傷，這表明特斯拉的車體保護性不錯，但如果起火就不就完了。"
2023-01-04 10:00:54,新聞和泰汽車連續年稱霸台灣車市銷售,笑死這種在中國月銷售排行第名的車來到台灣被捧成神代表台灣韭菜真的很好割以下資料來自車主之家銷售榜沒有跟和少數進口車之前查過銷量最好的品牌銷售排名大概快左右所以根本沒差排名車型銷量廠商售價台幣特斯拉中國宋新能源比亞迪哈弗長城汽車長安長安汽車本田東風本田元比亞迪瑞虎奇瑞汽車繽越吉利汽車榮放一汽豐田瑞虎奇瑞汽車昂科威上汽通用別克途觀上汽大眾奔馳北京奔馳長安長安汽車逍客東風日產威蘭達廣汽豐田唐新能源比亞迪星越吉利汽車紅旗一汽紅旗皓影廣汽本田捷途奇瑞汽車名爵上汽名爵奧迪一汽大眾奧迪博越吉利汽車途岳上汽大眾寶馬華晨寶馬廣汽埃安瑞虎奇瑞汽車繽智廣汽本田哪吒合眾汽車坦克長城汽車本田東風本田哈弗大狗長城汽車長安歐尚長安汽車鋒蘭達廣汽豐田探岳一汽大眾傳祺廣汽乘用車卡羅拉銳放一汽豐田理想理想探歌一汽大眾榮威上汽集團寶馬華晨寶馬五菱星辰上汽通用五菱漢蘭達廣汽豐田東風新能源東風汽車哈弗長城汽車北京現代北京現代長安長安汽車捷達一汽大眾捷達瑞虎奇瑞汽車在大陸市占的豐田來到台灣變市佔會反對開放中國進口車的應該和粉居多才會支持壟斷台灣車市台灣只能繼續花快兩倍價格買爛車還自以為驕傲,笑死這種在中國月銷售排行第名的車來到台灣被捧成神代表台灣韭菜真的很好割以下資料來自車主之家銷售榜沒有跟和少數進車之前查過銷量最好的品牌銷售排名大概快左右所以根本沒差排名車型銷量廠商售價台幣特斯拉中國宋新能源比亞迪哈弗長城汽車長安長安汽車本田東風本田元比亞迪瑞虎奇瑞汽車繽越吉利汽車榮放一汽豐田瑞虎奇瑞汽車昂科威上汽通用別克途觀上汽大眾奔馳北京奔馳長安長安汽車逍客東風日產威蘭達廣汽豐田唐新能源比亞迪星越吉利汽車紅旗一汽紅旗皓影廣汽本田捷途奇瑞汽車名爵上汽名爵奧迪一汽大眾奧迪博越吉利汽車途岳上汽大眾寶馬華晨寶馬廣汽埃安瑞虎奇瑞汽車繽智廣汽本田哪吒合眾汽車坦克長城汽車本田東風本田哈弗大狗長城汽車長安歐尚長安汽車鋒蘭達廣汽豐田探岳一汽大眾傳祺廣汽乘用車卡羅拉銳放一汽豐田理想理想探歌一汽大眾榮威上汽集團寶馬華晨寶馬五菱星辰上汽通用五菱漢蘭達廣汽豐田東風新能源東風汽車哈弗長城汽車北京現代北京現代長安長安汽車捷達一汽大眾捷達瑞虎奇瑞汽車在大陸市占的豐田來到台灣變市佔會反對開放中國進車的應該和粉居多才會支持壟斷台灣車市台灣只能繼續花快兩倍價格買爛車還自以為驕傲,"投訴方面

該文段表示，特斯拉在中國月銷售排行第名的車來到台灣被捧成神代表台灣韭菜真的很好割，並指責台灣政府應該反對開放中國進口車。"
2023-01-04 10:21:07,分享電動車排行榜,電動車排行榜出來了不意外是輾壓意外的是排名蠻前面的只是聽說韓車很耗油以上資料為整理,電動車排行榜出來了不意外是輾壓意外的是排名蠻前面的只是聽說韓車很耗油以上資料為整理,"使用者體驗

該文本不包含與產品性價格面、投訴方面、物流方面、配套方面或安全性能面相關的資訊。因此，其分類為使用者體驗。"
2023-01-04 11:44:35,新聞特斯拉誇大續航力南韓裁罰億韓元,特斯拉誇大續航力南韓裁罰億韓元原文連結原文內容自由時報編譯魏國金綜合報導南韓反壟斷監管機關公平貿易委員會指出從二一九年八月至近期特斯拉在官網上誇大其電動車一次充電的續航里程與油車相較的燃料成本效益及其超級充電系統的性能並未告知客戶其電動車續航力在低溫時較短將裁罰二十八五億韓元約六八六二萬台幣罰鍰三日聲明指出特斯拉電動車的續航里程在寒冷時甚至將較廣告宣稱的暴跌五十五去年也裁罰德商賓士與其南韓子公司二二億韓元約四八六億台幣罰緩因其柴油休旅車的排氣涉不實廣告特斯拉網站提供的冬季駕駛建議包括以外部電源進行預處理使用新版能源應用程式監控能源的消耗然而對零度以下低溫續航里程的損失隻字未提二二一年南韓消費者保護團體公民團結爭取消費者主權援引南韓環境部數據說多數電動車的里程數在電池需要加熱的寒冷天氣中會下降多達四十而特斯拉受此影響最大商業內幕也報導美國一對兄妹去年十二月底租用特斯拉從佛羅里達州奧蘭多市前往堪薩斯州的維奇托市車行到某一點時電池流失的速度比充電速度更快他們說剛開始開車至少二五小時才充電後來變成車行一五小時就要充電一次而充電時間從一小時逐漸拉長為一五小時最後是兩小時每次充電費二十五至三十美元之間台幣七六七至九二元一天之內他們六度停車充電心得說明傳統車廠製造電動車的品質越來越好特斯拉的品質相較之下會淪為三流廠牌嗎,特斯拉誇大續航力南韓裁罰億韓元原文連結原文內容自由時報編譯魏國金綜合報導南韓反壟斷監管機關公平貿易委員會指出從二一九年八月至近期特斯拉在官網上誇大其電動車一次充電的續航里程與油車相較的燃料成本效益及其超級充電系統的性能並未告知客戶其電動車續航力在低溫時較短將裁罰二十八五億韓元約六八六二萬台幣罰鍰三日聲明指出特斯拉電動車的續航里程在寒冷時甚至將較廣告宣稱的暴跌五十五去年也裁罰德商賓士與其南韓子公司二二億韓元約四八六億台幣罰緩因其柴油休旅車的排氣涉不實廣告特斯拉網站提供的冬季駕駛建議包括以外部電源進行預處理使用新版能源應用程式監控能源的消耗然而對零度以下低溫續航里程的損失隻字未提二二一年南韓消費者保護團體公民團結爭取消費者主權援引南韓環境部數據說多數電動車的里程數在電池需要加熱的寒冷天氣中會下降多達四十而特斯拉受此影響最大商業內幕也報導美國一對兄妹去年十二月底租用特斯拉從佛羅里達州奧蘭多市前往堪薩斯州的維奇托市車行到某一點時電池流失的速度比充電速度更快他們說剛開始開車至少二五小時才充電後來變成車行一五小時就要充電一次而充電時間從一小時逐漸拉長為一五小時最後是兩小時每次充電費二十五至三十美元之間台幣七六七至九二元一天之內他們六度停車充電心得說明傳統車廠製造電動車的品質越來越好特斯拉的品質相較之下會淪為三流廠牌嗎,安全性能面
2023-01-04 18:46:43,新聞誠實為上主動告知在這條件,原文連結原文內容誠實為上北美主動告知消費者在這條件下可能會無法充電人看過美規不久前在韓國市場上因未主動告知消費者電動車在天冷時的續航力會下降而被韓國公平貿易委員會開罰億韓元約新台幣萬元相較之下美國就坦然許多在官網上誠實告知消費者四輪驅動的在華氏零下度攝氏零下度時可能會無法充電且每天使用兩次以上的直流充電也會對充電時間產生負面影響美規車充電規格為外媒路透社報導指出韓國公平交易委員會表示自年月以來在韓國官方網站上所刊登的電動車的續航里程與其所宣稱優於油車的燃料成本效益等都涉嫌誇大不實韓國公平交易委員會在聲明稿中指出電動車在寒冷天氣下其實際續航里程和他們的網站上宣稱的相較之下實際上最多少了因此對開罰億韓元約新台幣萬元反觀美國在官網上對電動車的陳述就相對誠實許多在車款介紹頁面點我前往最下方寫道四輪驅動車款在華氏零下度攝氏零下度可能會無法充電且每天使用兩次以上的直流充電也會對充電時間產生負面影響摘自北美官網北美在官網上表示隨著溫度降至華氏度攝氏度以下時充電時間將明顯增加而雙馬達四輪驅動的車款在華氏度攝氏度以下的天氣條件下充電速度可能比其他型號單馬達前驅車款更慢並且在溫度降至華氏度攝氏零下度左右或更低時車輛可能無法充電此外每天若使用兩次以上的直流充電也會對充電時間產生負面影響北美官網上寫道前驅車款的續航里程為英里約公里四驅車款則為英里約公里實際續航里程可能會因車速車外溫度配件使用駕駛方式地點充電習慣和其他因素而減少電池蓄電力也會隨著使用時間而減少因而降低續航里程外界認為這是前驅車與四驅車型的電池供應商不同所致北美市場上的所搭載的三元鋰電池供應商分別是松下和寧德時代其中單馬達前輪驅動車款搭心得說明字以上不愧是世界第一車廠毫不隱瞞主動告知在特定條件下可能出現的問題難怪一接單就直接完銷原文及網址連結心得或意見字不含標點符號,原文連結原文內容誠實為上北美主動告知消費者在這條件下可能會無法充電人看過美規不久前在韓國市場上因未主動告知消費者電動車在天冷時的續航力會下降而被韓國公平貿易委員會開罰億韓元約新台幣萬元相較之下美國就坦然許多在官網上誠實告知消費者四輪驅動的在華氏零下度攝氏零下度時可能會無法充電且每天使用兩次以上的直流充電也會對充電時間產生負面影響美規車充電規格為外媒路透社報導指出韓國公平交易委員會表示自年月以來在韓國官方網站上所刊登的電動車的續航里程與其所宣稱優於油車的燃料成本效益等都涉嫌誇大不實韓國公平交易委員會在聲明稿中指出電動車在寒冷天氣下其實際續航里程和他們的網站上宣稱的相較之下實際上最多少了因此對開罰億韓元約新台幣萬元反觀美國在官網上對電動車的陳述就相對誠實許多在車款介紹頁面點我前往最下方寫道四輪驅動車款在華氏零下度攝氏零下度可能會無法充電且每天使用兩次以上的直流充電也會對充電時間產生負面影響摘自北美官網北美在官網上表示隨著溫度降至華氏度攝氏度以下時充電時間將明顯增加而雙馬達四輪驅動的車款在華氏度攝氏度以下的天氣條件下充電速度可能比其他型號單馬達前驅車款更慢並且在溫度降至華氏度攝氏零下度左右或更低時車輛可能無法充電此外每天若使用兩次以上的直流充電也會對充電時間產生負面影響北美官網上寫道前驅車款的續航里程為英里約公里四驅車款則為英里約公里實際續航里程可能會因車速車外溫度配件使用駕駛方式地點充電習慣和其他因素而減少電池蓄電力也會隨著使用時間而減少因而降低續航里程外界認為這是前驅車與四驅車型的電池供應商不同所致北美市場上的所搭載的三元鋰電池供應商分別是松下和寧德時代其中單馬達前輪驅動車款搭心得說明字以上不愧是世界第一車廠毫不隱瞞主動告知在特定條件下可能出現的問題難怪一接單就直接完銷原文及網址連結心得或意見字不含標點符號,產品性價格面
2023-01-06 11:13:30,新聞史上最便宜中國國產特斯拉大降價,原文連結原文內容在上月中國製交車量銳減逾之際特斯拉中國宣布國產車大幅降價起售價為人民幣下同萬元創歷史新低預計交車周期為一至四周特斯拉中國官網周五日發布的最新售價顯示起售價為萬元起售價為萬元特斯拉並宣布全新售價分別為萬元萬元起最新資料顯示與的預計交車周期均為一至四周中國乘聯會周四公布的數據顯示特斯拉在去年月交付輛中國製電動車較去年月驟減寫下近五個月來新低乘聯會並未說明特斯拉內外銷數據乘聯會的數據並顯示去年全年特斯拉上海超級工廠的交車量超過萬輛激增僅一款車型交車量就超過萬輛幾乎追平特斯拉中國年萬輛的交車成績上月特斯拉交車量驟降顯示在需求疲弱之際該公司減少產量以因應庫存上升特斯拉也推出優惠政策澎湃新聞報導中國政府取消新能源車國補政策後特斯拉未宣布漲價反而推出限時優惠政策最高減免萬元特斯拉周一宣布去年第季交車量為輛創下單季最高紀錄但交付量仍不如分析師原估的輛全年交車量為萬輛較前年躍增但交付量仍未達成長目標心得說明字以上中國特斯拉真的是一降再降比照同規格的續航版人民幣約台幣萬只要台灣的六折礙於台灣基本國策只能吃下貴貴的了不過馬斯克應該會發現台灣人的錢好賺多了原文及網址連結心得或意見字不含標點符號所以如果開放中國製造整車進口類似賣價可以低很多中國會降價是因為競爭並不是因為生產成本下降台灣因為缺乏競爭廠商當然可以得到更高的利潤不就是相對好賺,原文連結原文內容在上月中國製交車量銳減逾之際特斯拉中國宣布國產車大幅降價起售價為人民幣下同萬元創歷史新低預計交車周期為一至四周特斯拉中國官網周五日發布的最新售價顯示起售價為萬元起售價為萬元特斯拉並宣布全新售價分別為萬元萬元起最新資料顯示與的預計交車周期均為一至四周中國乘聯會周四公布的數據顯示特斯拉在去年月交付輛中國製電動車較去年月驟減寫下近五個月來新低乘聯會並未說明特斯拉內外銷數據乘聯會的數據並顯示去年全年特斯拉上海超級工廠的交車量超過萬輛激增僅一款車型交車量就超過萬輛幾乎追平特斯拉中國年萬輛的交車成績上月特斯拉交車量驟降顯示在需求疲弱之際該公司減少產量以因應庫存上升特斯拉也推出優惠政策澎湃新聞報導中國政府取消新能源車國補政策後特斯拉未宣布漲價反而推出限時優惠政策最高減免萬元特斯拉周一宣布去年第季交車量為輛創下單季最高紀錄但交付量仍不如分析師原估的輛全年交車量為萬輛較前年躍增但交付量仍未達成長目標心得說明字以上中國特斯拉真的是一降再降比照同規格的續航版人民幣約台幣萬只要台灣的六折礙於台灣基本國策只能吃下貴貴的了不過馬斯克應該會發現台灣人的錢好賺多了原文及網址連結心得或意見字不含標點符號所以如果開放中國製造整車進類似賣價可以低很多中國會降價是因為競爭並不是因為生產成本下降台灣因為缺乏競爭廠商當然可以得到更高的利潤不就是相對好賺,產品性價格面
2023-01-06 11:14:29,新聞特斯拉跳水大降價台灣大陸,原文連結原文內容特斯拉跳水大降價台灣大陸價差萬創新高記者鄧光惟綜合報導特斯拉要跟中國大陸國產車商拼了繼月宣布大降價後今日經特斯拉官方微博發布的消息由上海超級工廠製造的特斯拉跳水大降價降幅最高達人民幣萬元約新台幣萬元其中版與台灣的價差也來到驚人的萬元由於目前上海超級工廠產能過剩並且中國大陸解封供應鏈恢復正常使得造車成本大幅降低再加上國家補助取消多家國產新能源車商喊漲等外在因素特斯拉這波大降價有望在大陸車市刮起旋風同時也命中許多國產新能源車商要害根據特斯拉中國大陸官網售價經調整過後後驅車型售價為人民幣萬元約新台幣萬元版售價為人民幣萬元約新台幣萬元降幅分別為人民幣萬元約新台幣萬元與人民幣萬元約新台幣萬元則有較大的降價幅度調整過後後驅車型售價為人民幣萬元約新台幣萬元版售價為人民幣萬元約新台幣萬元版售價為人民幣萬元約新台幣萬元降幅分別為人民幣萬元約新台幣萬元人民幣萬元約新台幣萬元以及人民幣萬元約新台幣萬元另外在台灣部分目前為停售狀態則提供版版售價分別是萬元萬元而特斯拉經過這次跳水大降價後台灣與大陸價差再創新高達到萬元及萬元再買一輛國產頂規休旅完全不是問題心得說明字以上建議在台灣不用買車永遠比他國貴要買也是移居他國以後再來買就好大家說吼母齁,原文連結原文內容特斯拉跳水大降價台灣大陸價差萬創新高記者鄧光惟綜合報導特斯拉要跟中國大陸國產車商拼了繼月宣布大降價後今日經特斯拉官方微博發布的消息由上海超級工廠製造的特斯拉跳水大降價降幅最高達人民幣萬元約新台幣萬元其中版與台灣的價差也來到驚人的萬元由於目前上海超級工廠產能過剩並且中國大陸解封供應鏈恢復正常使得造車成本大幅降低再加上國家補助取消多家國產新能源車商喊漲等外在因素特斯拉這波大降價有望在大陸車市刮起旋風同時也命中許多國產新能源車商要害根據特斯拉中國大陸官網售價經調整過後後驅車型售價為人民幣萬元約新台幣萬元版售價為人民幣萬元約新台幣萬元降幅分別為人民幣萬元約新台幣萬元與人民幣萬元約新台幣萬元則有較大的降價幅度調整過後後驅車型售價為人民幣萬元約新台幣萬元版售價為人民幣萬元約新台幣萬元版售價為人民幣萬元約新台幣萬元降幅分別為人民幣萬元約新台幣萬元人民幣萬元約新台幣萬元以及人民幣萬元約新台幣萬元另外在台灣部分目前為停售狀態則提供版版售價分別是萬元萬元而特斯拉經過這次跳水大降價後台灣與大陸價差再創新高達到萬元及萬元再買一輛國產頂規休旅完全不是問題心得說明字以上建議在台灣不用買車永遠比他國貴要買也是移居他國以後再來買就好大家說吼母齁,產品性價格面
2023-01-06 17:08:33,新聞特斯拉跳水大降價台灣大陸,沒讀過經濟學是不是亞當史密斯說過有一雙看不見的手供給需求來平衡市場今天消費者覺得太貴自然不會買需求降低供給不變庫存增加利潤減少廠商自然會降價這麼簡單的理論都不懂還想買車在那叫什麼,沒讀過經濟學是不是亞當史密斯說過有一雙看不見的手供給需求來平衡市場今天消費者覺得太貴自然不會買需求降低供給不變庫存增加利潤減少廠商自然會降價這麼簡單的理論都不懂還想買車在那叫什麼,"產品性價格面

這段文字討論的是亞當史密斯對市場需求和價格的理論，認為消費者會根據商品的價值和價格做出購買決策。"
2023-01-06 22:03:36,新聞國道電動車充電站第三期準備招標個服,原文連結原文內容國道電動車充電站第三期準備招標個服務區蓋座快充站最低功率起跳國道電動車充電站準備第三期招標共計個服務區要蓋座快充站充電設備功率要求也提高至以上標案預計今年三月份招標九月前完成評選預計年營運高公局規劃年前於國道沿線所有服務區要設置共個電動車充電車位分為三階段三標案執行第一期由中興電工得標與合作經營東山清水湖口南北共四站個充電車位若再加上前年九月西螺北上加油站案的特爾電力快充站目前國道上服務中的充電車位共計個第二期標案為蘇澳泰安南北關西仁德南北等六站共個充電車位去年月決標由中興電工連莊現已進入建置階段今年底之前會啟用最後一波的第三期標案預計三月進入招標階段將餘下的所有服務區納入連興建中的新營服務區與東草屯休息站也涵蓋在內總計國道一號三號五號六號共個服務區要蓋座電動車快充站每站規劃至個充電車位國道服務區電動車充電站總表在招標說明會前夕高公局也已針對當中七個服務區列出充電站建議設置位置可見以下根據招標說明書第三期國道快充站看來是有要求充電設備最低功率為這一點比前二期開出來的規格都要高很多終於有跟上時代的感覺國道充電站收費標準不得高於服務區以外地區的充電費率充電設備至少要有一支其他規格由業者依市場判斷以及充好不走可收佔用費等這些規則都繼續存在另外才剛通過的停車場法有保障充電專用車位這在國道快充站可以怎麼施行這一點目前還不確定就期待高公局和業者可以一起討論出一個有效的管理辦法國道服務區電動車充電站設置要點充電樁設置規格充電設備最低輸出功率需為以上充電樁充電設備至少座規格充電樁依市場需求增設其他規格如或視實際服務需求提昇充電設備輸出功率充電樁充電時間為促進服務區充電車位使用周轉率充電樁提供電動車輛充電服務時間以不超過小時為原則充電樁用電由提供電動車輛充電服務之廠商自行依設置充電樁規劃之需求向標的服務區所在電力公司申請專用電源充電樁建置設備應特別注意行車安全不影響原停車場之配置進出動線標誌識讀性及四周環境亮度若有必要需考量增設照明設施充電樁數量變更視未來電動車發展趨勢向高公局提出變更或擴充申請核准後變更之最後還有一點是第三期標案站數眾多因此高公局是採取一個標案由二業者分配的做法得標優勝廠商獲得中壢西湖南投關廟服務區外加一個東草屯休息站次優廠商則是拿到石碇西螺古坑新營服務區也就是說第三期國道快充站不管怎麼標最後一定會出現二家不同的充電營運商的心得說明字以上目前國道快充已有站共個充電車位今年底之前會再啟用站個充電車位而即將於三月招標的第三期標案將會有站預計個充電車位國道快充的便利度真的越來越好以目前大多數的純電車款充電效率來說國道休息站上個廁所分鐘期間補進所需電量不是問題只有少數小電池的都會車款無法達標國道休息站快充提供的便利度勢必提升了消費者購買純電車的意願最近有特價活動有需要的車主請不要錯過每度電享有元優惠直到,原文連結原文內容國道電動車充電站第三期準備招標個服務區蓋座快充站最低功率起跳國道電動車充電站準備第三期招標共計個服務區要蓋座快充站充電設備功率要求也提高至以上標案預計今年三月份招標九月前完成評選預計年營運高公局規劃年前於國道沿線所有服務區要設置共個電動車充電車位分為三階段三標案執行第一期由中興電工得標與合作經營東山清水湖南北共四站個充電車位若再加上前年九月西螺北上加油站案的特爾電力快充站目前國道上服務中的充電車位共計個第二期標案為蘇澳泰安南北關西仁德南北等六站共個充電車位去年月決標由中興電工連莊現已進入建置階段今年底之前會啟用最後一波的第三期標案預計三月進入招標階段將餘下的所有服務區納入連興建中的新營服務區與東草屯休息站也涵蓋在內總計國道一號三號五號六號共個服務區要蓋座電動車快充站每站規劃至個充電車位國道服務區電動車充電站總表在招標說明會前夕高公局也已針對當中七個服務區列出充電站建議設置位置可見以下根據招標說明書第三期國道快充站看來是有要求充電設備最低功率為這一點比前二期開出來的規格都要高很多終於有跟上時代的感覺國道充電站收費標準不得高於服務區以外地區的充電費率充電設備至少要有一支其他規格由業者依市場判斷以及充好不走可收佔用費等這些規則都繼續存在另外才剛通過的停車場法有保障充電專用車位這在國道快充站可以怎麼施行這一點目前還不確定就期待高公局和業者可以一起討論出一個有效的管理辦法國道服務區電動車充電站設置要點充電樁設置規格充電設備最低輸出功率需為以上充電樁充電設備至少座規格充電樁依市場需求增設其他規格如或視實際服務需求提昇充電設備輸出功率充電樁充電時間為促進服務區充電車位使用周轉率充電樁提供電動車輛充電服務時間以不超過小時為原則充電樁用電由提供電動車輛充電服務之廠商自行依設置充電樁規劃之需求向標的服務區所在電力公司申請專用電源充電樁建置設備應特別注意行車安全不影響原停車場之配置進出動線標誌識讀性及四周環境亮度若有必要需考量增設照明設施充電樁數量變更視未來電動車發展趨勢向高公局提出變更或擴充申請核准後變更之最後還有一點是第三期標案站數眾多因此高公局是採取一個標案由二業者分配的做法得標優勝廠商獲得中壢西湖南投關廟服務區外加一個東草屯休息站次優廠商則是拿到石碇西螺古坑新營服務區也就是說第三期國道快充站不管怎麼標最後一定會出現二家不同的充電營運商的心得說明字以上目前國道快充已有站共個充電車位今年底之前會再啟用站個充電車位而即將於三月招標的第三期標案將會有站預計個充電車位國道快充的便利度真的越來越好以目前大多數的純電車款充電效率來說國道休息站上個廁所分鐘期間補進所需電量不是問題只有少數小電池的都會車款無法達標國道休息站快充提供的便利度勢必提升了消費者購買純電車的意願最近有特價活動有需要的車主請不要錯過每度電享有元優惠直到,"配套方面

原因：文段討論了國道服務區的電動車充電樁數量和配置問題，並表示國道一號三號五號六號共個服務區要蓋座電動車快充站每站規劃至個充電車位。"
2023-01-07 10:58:15,新聞日韓大陸都降價台灣,日韓大陸都降價台灣價差將近百萬原文連結原文內容似乎打算在今年強勢拚市佔率不僅在大陸市場大降價近來日本南韓同樣都有降價動作其中大陸與台灣價差已來到萬元讓消費者相當關注台灣後續是否亦會跟著調降大陸新能源汽車崛起力拚市佔率特意在大陸市場大降價主力車款經過調降後大陸與台灣價差來到萬元後驅為人民幣萬折合新台幣萬版售價人民幣萬折合新台幣萬來自路透最新消息緊跟在大陸市場之後日本南韓都有售價策略調整日本是自年以來首次降價幅度約後驅從原本萬日圓來到萬日圓折合新台幣約萬元在南韓市場上款車型都有降價最高幅度達到長續航版來到萬美金折合新台幣萬元左右事實上多國市場開始降價求市佔主要是全球經濟仍受到疫情左右而目前在大陸市場逐漸恢復供應鏈產量開始穩定就是抓緊低迷的經濟買氣以降價方式來提高消費買誘因國外傳出下一次將在北美市場還有另一波降價動作心得這次特斯拉降價應該會有很多人因為價格方面遲遲不敢下手的人會陸陸續續的換車了吧阿台灣還在保護關稅喔還是經濟太好所以一台車貴別人萬不算什麼,日韓大陸都降價台灣價差將近百萬原文連結原文內容似乎打算在今年強勢拚市佔率不僅在大陸市場大降價近來日本南韓同樣都有降價動作其中大陸與台灣價差已來到萬元讓消費者相當關注台灣後續是否亦會跟著調降大陸新能源汽車崛起力拚市佔率特意在大陸市場大降價主力車款經過調降後大陸與台灣價差來到萬元後驅為人民幣萬折合新台幣萬版售價人民幣萬折合新台幣萬來自路透最新消息緊跟在大陸市場之後日本南韓都有售價策略調整日本是自年以來首次降價幅度約後驅從原本萬日圓來到萬日圓折合新台幣約萬元在南韓市場上款車型都有降價最高幅度達到長續航版來到萬美金折合新台幣萬元左右事實上多國市場開始降價求市佔主要是全球經濟仍受到疫情左右而目前在大陸市場逐漸恢復供應鏈產量開始穩定就是抓緊低迷的經濟買氣以降價方式來提高消費買誘因國外傳出下一次將在北美市場還有另一波降價動作心得這次特斯拉降價應該會有很多人因為價格方面遲遲不敢下手的人會陸陸續續的換車了吧阿台灣還在保護關稅喔還是經濟太好所以一台車貴別人萬不算什麼,產品性價格面
2023-01-07 13:56:38,情報英國,來源,來源,"使用者體驗

說明：文本講述電動車在低溫時電池耗電速度太快，影響使用體驗，這與使用者體驗面相關。"
2023-01-07 15:21:05,新聞全年銷量稱霸澳洲中型房車類別,原文連結原文內容全年銷量稱霸澳洲中型房車類別終結長達年的霸主地位純電休旅是特斯拉當前最夯的明星商品去年世界各地不少市場的銷量已反超同門兄弟但這並不代表就已經不受歡迎以澳洲市場為例去年全年累計銷量稱霸當地的中型房車類別更終結了將近年的銷售霸主地位海外報導指出先前在全年銷量部分連續多年稱霸澳洲中型房車類別的年的累計銷量是輛至於則是輛是年來首款全年銷量能在澳洲超越的車款考量到過去一年當中特斯拉有將近個月的時間沒有新車到港能終結的銷售霸主地位確實並不容易雖然特斯拉在澳洲當地只有和兩款產品但也足以讓這個來自美國的電動車品牌在澳洲全年銷量排行榜上名列第位領先等知名品牌另外數據顯示年澳洲全年共計賣出輛電動車和年相比大幅增長了年澳洲全年只賣出輛電動車但儘管成長幅度驚人純電動車在澳洲當地仍僅占新車銷量的仍有不少成長的空間至於油電車則約占當地市場的心得說明字以上全年銷量奪冠真的很厲害不像台特技巧性拿一個的單月冠軍雖然澳洲的新車銷量當中純電車佔比還是不高但是每年都在持續成長成為銷售佔比多數只是時間問題而已,原文連結原文內容全年銷量稱霸澳洲中型房車類別終結長達年的霸主地位純電休旅是特斯拉當前最夯的明星商品去年世界各地不少市場的銷量已反超同門兄弟但這並不代表就已經不受歡迎以澳洲市場為例去年全年累計銷量稱霸當地的中型房車類別更終結了將近年的銷售霸主地位海外報導指出先前在全年銷量部分連續多年稱霸澳洲中型房車類別的年的累計銷量是輛至於則是輛是年來首款全年銷量能在澳洲超越的車款考量到過去一年當中特斯拉有將近個月的時間沒有新車到港能終結的銷售霸主地位確實並不容易雖然特斯拉在澳洲當地只有和兩款產品但也足以讓這個來自美國的電動車品牌在澳洲全年銷量排行榜上名列第位領先等知名品牌另外數據顯示年澳洲全年共計賣出輛電動車和年相比大幅增長了年澳洲全年只賣出輛電動車但儘管成長幅度驚人純電動車在澳洲當地仍僅占新車銷量的仍有不少成長的空間至於油電車則約占當地市場的心得說明字以上全年銷量奪冠真的很厲害不像台特技巧性拿一個的單月冠軍雖然澳洲的新車銷量當中純電車佔比還是不高但是每年都在持續成長成為銷售佔比多數只是時間問題而已,"產品性價格面

本文討論的是特斯拉的電動車在澳洲的銷量，並認為其高銷量是物有所值。"
2023-01-07 16:47:05,問題特斯拉扯著是不是比較少改車啊,路上的特斯拉越來越多清一色都是白色少數去貼膜改改顏色加個尾翼然後就沒了不像很多雙或是其他強調性能的車子改裝的真的很多也不像我納車主喜歡貼貼紙到底特斯拉真的不能夠改太多車還是車主自己不想改呢,路上的特斯拉越來越多清一色都是白色少數去貼膜改改顏色加個尾翼然後就沒了不像很多雙或是其他強調性能的車子改裝的真的很多也不像我納車主喜歡貼貼紙到底特斯拉真的不能夠改太多車還是車主自己不想改呢,使用者體驗
2023-01-07 21:31:42,新聞特斯拉再降價扮陸價格屠夫車主怒喊,原文連結原文內容特斯拉再降價扮陸價格屠夫車主怒喊維權記者莊志偉攝影顏睿陞報導發佈時間特斯拉電動車在中國大陸跟日本南韓市場再次宣布降價其中最誇張的車款一口氣降價萬人民幣合台幣近萬結果在上海跟成都都有上個月剛買車的車主氣到前往特斯拉理論七日上午上海閔行區特斯拉交付中心外大批車主雲集只可惜這次的車聚不太開心因為他們車上都貼了寫著維權的白紙四川成都同樣是車主擠爆專賣店聯名抗議因為他們上個月才牽新車一過完年特斯拉又降價了而且幅度驚人中國汽車消費網影音旁白後驅版直降萬人民幣從萬降至萬後驅版直降萬長續航版降價萬這已經是特斯拉在大陸市場三個月內第二次降價陸媒分析主要是比亞迪等大陸車廠銷量增加甚至拚過特斯拉加上大陸的國家電動車補貼完全取消他們需要有新的方法刺激消費者不過就在大陸車廠破與補貼取消必須漲價的同時特斯拉卻能扮演價格屠夫也凸顯它的利潤率之高讓大陸廠商難以匹敵財經記者特斯拉的成長依舊強勁交車量成長還是很驚人的只是成長趨緩競爭激烈電動車已經不是小眾市場全球汽車大廠都加入所以這不是馬斯克分心的時候成長下滑的是特斯拉不是推特不只是大陸特斯拉在日本跟南韓也有百分之十到百分之十二的降價幅度算一算現在在大陸買一輛可以比在台灣買省下近百萬台幣不過根據了解特斯拉在台灣目前沒有降價的計畫心得說明字以上中國特斯拉大降價中國特粉怒上特斯拉聯合抗議我們才剛買怎麼可以降價不准降價世界怎麼跟得上台灣還好台灣特斯拉學到教訓了才不會降價呢,原文連結原文內容特斯拉再降價扮陸價格屠夫車主怒喊維權記者莊志偉攝影顏睿陞報導發佈時間特斯拉電動車在中國大陸跟日本南韓市場再次宣布降價其中最誇張的車款一氣降價萬人民幣合台幣近萬結果在上海跟成都都有上個月剛買車的車主氣到前往特斯拉理論七日上午上海閔行區特斯拉交付中心外大批車主雲集只可惜這次的車聚不太開心因為他們車上都貼了寫著維權的白紙四川成都同樣是車主擠爆專賣店聯名抗議因為他們上個月才牽新車一過完年特斯拉又降價了而且幅度驚人中國汽車消費網影音旁白後驅版直降萬人民幣從萬降至萬後驅版直降萬長續航版降價萬這已經是特斯拉在大陸市場三個月內第二次降價陸媒分析主要是比亞迪等大陸車廠銷量增加甚至拚過特斯拉加上大陸的國家電動車補貼完全取消他們需要有新的方法刺激消費者不過就在大陸車廠破與補貼取消必須漲價的同時特斯拉卻能扮演價格屠夫也凸顯它的利潤率之高讓大陸廠商難以匹敵財經記者特斯拉的成長依舊強勁交車量成長還是很驚人的只是成長趨緩競爭激烈電動車已經不是小眾市場全球汽車大廠都加入所以這不是馬斯克分心的時候成長下滑的是特斯拉不是推特不只是大陸特斯拉在日本跟南韓也有百分之十到百分之十二的降價幅度算一算現在在大陸買一輛可以比在台灣買省下近百萬台幣不過根據了解特斯拉在台灣目前沒有降價的計畫心得說明字以上中國特斯拉大降價中國特粉怒上特斯拉聯合抗議我們才剛買怎麼可以降價不准降價世界怎麼跟得上台灣還好台灣特斯拉學到教訓了才不會降價呢,產品性價格面
2023-01-08 20:08:23,新聞南韓特斯拉送修起火灌救小時才撲滅,原文連結原文內容即時新聞綜合報導電動車用戶注意南韓名特斯拉車主將愛車送到服務中心維修孰料卻在日下午時許起火燃燒消防員迅速趕到但最終花了個小時才撲滅火勢據報導電動車起火後由於電池結構等原因需要很長時間才能完全燒毀日的火災在輛消防車分別灌救下仍遲遲不滅最終消耗了一般火燒車所需的數十倍水量據了解電動車電池的關鍵材料鋰在起火後若處理不當可能發生爆炸因此一旦發生火災車主需迅速逃生不要留在原地試圖撲滅火勢由於南韓目前尚未有電動車火災指南因此外界認為當局應和車廠合作規劃出應對方案心得說明字以上聽說韓國電動車會起火燃燒輛消防車還無法滅火電動車越來越多針對火燒車的撲救問題政府應該要有因應措施原文及網址連結心得或意見字不含標點符號,原文連結原文內容即時新聞綜合報導電動車用戶注意南韓名特斯拉車主將愛車送到服務中心維修孰料卻在日下午時許起火燃燒消防員迅速趕到但最終花了個小時才撲滅火勢據報導電動車起火後由於電池結構等原因需要很長時間才能完全燒毀日的火災在輛消防車分別灌救下仍遲遲不滅最終消耗了一般火燒車所需的數十倍水量據了解電動車電池的關鍵材料鋰在起火後若處理不當可能發生爆炸因此一旦發生火災車主需迅速逃生不要留在原地試圖撲滅火勢由於南韓目前尚未有電動車火災指南因此外界認為當局應和車廠合作規劃出應對方案心得說明字以上聽說韓國電動車會起火燃燒輛消防車還無法滅火電動車越來越多針對火燒車的撲救問題政府應該要有因應措施原文及網址連結心得或意見字不含標點符號,安全性能面
2023-01-09 12:55:02,新聞中國大降價特斯拉台灣目前沒有價格調,中國大降價特斯拉台灣目前沒有價格調整消息中央社更新中央社記者韓婷婷台北日電特斯拉中國大降價日本也跟進降價擴大台灣與大陸車價的價差台灣是否跟進降價受到消費者期待台灣特斯拉表示目前沒有價格調整的消息特斯拉表示目前並沒有價格調整的消息台灣的定價也不一定會與海外連動至於未來會不會有調降的可能無法知道目前包括大陸日本南韓及澳洲均宣布調整價格其中日本澳洲大陸市場均由上海工廠生產台灣的由美國進口來自德國廠另外韓國也是由美國廠生產供應特斯拉中國日宣布特斯拉國產車型大幅降價其中車型起售價由之前的人民幣萬元降至萬元約新台幣萬元起跳降幅達以長程續航版休旅車降價最多新售價人民幣萬元約新台幣萬元至於在台灣部分售價從新台幣萬起跳則提供長程版和性能版售價分別是萬元及萬元特斯拉第季在台灣新車掛牌數突破輛刷新過往台灣電動車單季掛牌紀錄全年總掛牌數突破萬輛年增編輯張良知台灣尊爵不凡現買特斯拉身價立刻比別人多百萬沒比較貴我可是不買的唷,中國大降價特斯拉台灣目前沒有價格調整消息中央社更新中央社記者韓婷婷台北日電特斯拉中國大降價日本也跟進降價擴大台灣與大陸車價的價差台灣是否跟進降價受到消費者期待台灣特斯拉表示目前沒有價格調整的消息特斯拉表示目前並沒有價格調整的消息台灣的定價也不一定會與海外連動至於未來會不會有調降的可能無法知道目前包括大陸日本南韓及澳洲均宣布調整價格其中日本澳洲大陸市場均由上海工廠生產台灣的由美國進來自德國廠另外韓國也是由美國廠生產供應特斯拉中國日宣布特斯拉國產車型大幅降價其中車型起售價由之前的人民幣萬元降至萬元約新台幣萬元起跳降幅達以長程續航版休旅車降價最多新售價人民幣萬元約新台幣萬元至於在台灣部分售價從新台幣萬起跳則提供長程版和性能版售價分別是萬元及萬元特斯拉第季在台灣新車掛牌數突破輛刷新過往台灣電動車單季掛牌紀錄全年總掛牌數突破萬輛年增編輯張良知台灣尊爵不凡現買特斯拉身價立刻比別人多百萬沒比較貴我可是不買的唷,"產品性價格面

原因：文本中提到特斯拉在台灣部分售價從新台幣萬起跳，且提供長程版和性能版售價分別是萬元及萬元，顯示特斯拉在台灣的價格並非昂貴。"
2023-01-09 16:24:15,新聞未來趨勢軟體在汽車的影響,未來趨勢軟體在汽車的影響力正在上升中原文連結原文內容近年來總是展示最新的汽車款式年當然也不例外不過展中軟體定義汽車的崛起更備受關注這一趨勢的帶領者當然是特斯拉不過這一年其他車廠正在加速前進例如年月宣布與建立合作夥伴關係將休閒遊戲帶入其車輛於年宣布計劃將亞馬遜的添加到其新款和中在展上現代汽車使用輝達公司開發的技術雲端遊戲在汽車中串流遊戲索尼和本田也於月日在開幕之前的記者會上公佈了純電動車新品牌這輛車就是軟體實力的象徵之一其主要是借助通訊與外部雲端平台連接的娛樂型汽車能在車內玩高性能遊戲預計年在美國開始接受訂單年問世高通推出晶片這款晶片可以為數位駕駛艙甚至自動駕駛提供一切動力是平台的最新成員並期望成為汽車製造商通用的運算解決方案高通認為隨著汽車進入軟體定義汽車時代系列為高性能功率優化混合關鍵架構定義了一個新的設定點雖然消費者以前對於汽車的想法是將性能可靠性和安全性視為重中之重但隨著時代改變他們正將汽車視為一種額外的數位裝置應該提供個性化的功能服務以及跨通路的即時響應軟體定義的汽車有望讓汽車像智慧型手機一樣運行也可通過將汽車與智慧型手機融合在一起將手機當成數位鑰匙使駕駛員能夠開啟並行駛汽車或者通過汽車本身的連網功能例如可在自動充電點或在螢幕上串流遊戲的支付模式這種轉變將為汽車產業提供優質服務和獲利成長的新來源索尼和本田的新車期望能藉由與遊戲機的融合追求讓消費者在車內享受娛樂帶來的新體驗他們都希望打造超越此前的汽車企業框架的業務換句話說未來汽車產業不再是單純依賴硬體獲利的行業這是一種契機也可利用這些機會讓汽車製造商制定出新的目標利潤和商業模式並確保擁有能夠長期投資的財務資源如果外部解決方案還沒有準備好他們將需要考慮開發自己的專有解決方案或許不久的將來人們買電動車時看重軟體平台以及其相關服務的份量足以與汽車安全相當那麼軟體定義汽車時代將全面改寫汽車產業的未來心得說明字以上從本次可見各大車廠都在展示其軟體實力或許與未來真的會成為主流趨勢個性化服務也是消費者的重要購車考量之一原文及網址連結心得或意見字不含標點符號,未來趨勢軟體在汽車的影響力正在上升中原文連結原文內容近年來總是展示最新的汽車款式年當然也不例外不過展中軟體定義汽車的崛起更備受關注這一趨勢的帶領者當然是特斯拉不過這一年其他車廠正在加速前進例如年月宣布與建立合作夥伴關係將休閒遊戲帶入其車輛於年宣布計劃將亞馬遜的添加到其新款和中在展上現代汽車使用輝達公司開發的技術雲端遊戲在汽車中串流遊戲索尼和本田也於月日在開幕之前的記者會上公佈了純電動車新品牌這輛車就是軟體實力的象徵之一其主要是借助通訊與外部雲端平台連接的娛樂型汽車能在車內玩高性能遊戲預計年在美國開始接受訂單年問世高通推出晶片這款晶片可以為數位駕駛艙甚至自動駕駛提供一切動力是平台的最新成員並期望成為汽車製造商通用的運算解決方案高通認為隨著汽車進入軟體定義汽車時代系列為高性能功率優化混合關鍵架構定義了一個新的設定點雖然消費者以前對於汽車的想法是將性能可靠性和安全性視為重中之重但隨著時代改變他們正將汽車視為一種額外的數位裝置應該提供個性化的功能服務以及跨通路的即時響應軟體定義的汽車有望讓汽車像智慧型手機一樣運行也可通過將汽車與智慧型手機融合在一起將手機當成數位鑰匙使駕駛員能夠開啟並行駛汽車或者通過汽車本身的連網功能例如可在自動充電點或在螢幕上串流遊戲的支付模式這種轉變將為汽車產業提供優質服務和獲利成長的新來源索尼和本田的新車期望能藉由與遊戲機的融合追求讓消費者在車內享受娛樂帶來的新體驗他們都希望打造超越此前的汽車企業框架的業務換句話說未來汽車產業不再是單純依賴硬體獲利的行業這是一種契機也可利用這些機會讓汽車製造商制定出新的目標利潤和商業模式並確保擁有能夠長期投資的財務資源如果外部解決方案還沒有準備好他們將需要考慮開發自己的專有解決方案或許不久的將來人們買電動車時看重軟體平台以及其相關服務的份量足以與汽車安全相當那麼軟體定義汽車時代將全面改寫汽車產業的未來心得說明字以上從本次可見各大車廠都在展示其軟體實力或許與未來真的會成為主流趨勢個性化服務也是消費者的重要購車考量之一原文及網址連結心得或意見字不含標點符號,"產品性價格面

原因：本文討論了電動車的軟體平台和服務，並認為軟體定義汽車時代將改變汽車產業的未來，並引導消費者更關注軟體實力和服務。"
2023-01-10 16:54:06,問題怎麼調適買錯車的心情,人生第一台車應該是開心的事我卻很苦惱最近跟同事買了一台二手大概含稅去加州註冊時要繳稅操控加速輔助駕駛科技感真的是沒話說住處要能充電比較難只能去公司蹭所以還是有點不方便兩週後說原本訂的到了這台應該就是很多人推薦的神當時不確定要等多久所以遇到同事要換急用就直接先跟他買了去試駕了的基礎板無盲點燈好像也夠用了之前也沒什麼開過油車但加油比較方便而且含稅只要當時沒開幾天有考慮要但只願意少收想說自己賣賣看也賣不太出去現在又沒現車了美國最近景氣不好裁員很兇如果沒了公司充電會更麻煩看到股票爆跌又重心搞擔心公司前景然後又說馬上要改版降價加上電池衰退可能愈開愈不保值兩個月過去愈想愈覺得多花這很不值更別提之後高額的車險和未來的維修費現在怎麼想都覺得比較適合我但眼看這台就要跟著我好幾年了新手上路還不小心刮傷了前保險桿下方每天起床開車去上班就想到自己買錯車悔不當初想來問問各位這個心結怎麼解,人生第一台車應該是開心的事我卻很苦惱最近跟同事買了一台二手大概含稅去加州註冊時要繳稅操控加速輔助駕駛科技感真的是沒話說住處要能充電比較難只能去公司蹭所以還是有點不方便兩週後說原本訂的到了這台應該就是很多人推薦的神當時不確定要等多久所以遇到同事要換急用就直接先跟他買了去試駕了的基礎板無盲點燈好像也夠用了之前也沒什麼開過油車但加油比較方便而且含稅只要當時沒開幾天有考慮要但只願意少收想說自己賣賣看也賣不太出去現在又沒現車了美國最近景氣不好裁員很兇如果沒了公司充電會更麻煩看到股票爆跌又重心搞擔心公司前景然後又說馬上要改版降價加上電池衰退可能愈開愈不保值兩個月過去愈想愈覺得多花這很不值更別提之後高額的車險和未來的維修費現在怎麼想都覺得比較適合我但眼看這台就要跟著我好幾年了新手上路還不小心刮傷了前保險桿下方每天起床開車去上班就想到自己買錯車悔不當初想來問問各位這個心結怎麼解,"使用者體驗

主要原因：文本表達了作者對電動車購買後所遇到的各種問題和心機，並對購買決定產生了懷疑和悔恨。"
2023-01-11 18:27:00,討論不看看外型就知道的品牌,對一些人來說不看的話應該分不出來是什麼牌子吧不看第一眼就分辨的出牌子最有名應該就是鼻孔其他就紡錘式車頭大嘴車頭特斯拉佛地魔車頭鯰魚車頭馬自達微笑車頭愛快羅密歐驚聲尖叫車頭笑臉車頭除了這些還有特別的嗎,對一些人來說不看的話應該分不出來是什麼牌子吧不看第一眼就分辨的出牌子最有名應該就是鼻孔其他就紡錘式車頭大嘴車頭特斯拉佛地魔車頭鯰魚車頭馬自達微笑車頭愛快羅密歐驚聲尖叫車頭笑臉車頭除了這些還有特別的嗎,"使用者體驗

這段文字的重點是對電動車的設計進行評估，並以不同的車頭設計來表現不同的人性化特徵。這反映了使用者體驗的個人觀點和對產品設計的理解。"
2023-01-11 21:49:53,問題有鄉民去麗寶賽車過嗎,因為我是宅男體質畢生撸管次數介於次等於渣男做愛次數次但是我是打手槍歲腳踏車很嚮往同學歲風光歲歲特斯拉從小到大我就很想開但是只能去湯姆熊玩灣岸賽車現在我終於有經濟了也很少撸管了想去麗寶賽車場圓夢一次元請問有網友去麗寶賽車場油門踩到底嗎,因為我是宅男體質畢生撸管次數介於次等於渣男做愛次數次但是我是打手槍歲腳踏車很嚮往同學歲風光歲歲特斯拉從小到大我就很想開但是只能去湯姆熊玩灣岸賽車現在我終於有經濟了也很少撸管了想去麗寶賽車場圓夢一次元請問有網友去麗寶賽車場油門踩到底嗎,"使用者體驗

這段文字表達了作者對麗寶賽車場的熱情，並表示他終於有經濟去圓夢。這與使用者體驗方面相關，因為作者的經驗和感受會影響對該場所的體驗。"
2023-01-12 09:13:59,新聞公佈年各類別獲獎最高分車,原文連結原文內容公佈年各類別獲獎最高分車款獲得乘員保護極高的分數首次獲獎年是有史以來最繁忙的一年近日公佈獲得最高總分的車款其優異的成績基於它們在成人乘員保護兒童乘員保護弱勢道路使用者保護和安全輔助技術方面的結果這份名單首次包括的兩款汽車和兩名進入歐洲市場的中國品牌的新車款這些結果突顯了五星評級對於在歐洲市場為歐洲與歐洲境外的汽車製造商建立安全信譽和品質的重要性獲獎者如下贏得了大型家用車類別的最佳獎項小型家用車類別中由獲得在行政車類別中在小型越野車類別中最後是大型越野車類別中的某些類別可能沒有公佈最高分因為在年該類別測試的車款太少在成人乘員保護方面取得了極高的成績達到了純電動和最新的安全技術使無疑遵循了最近汽車發展的趨勢軌跡對於兒童乘員在正面偏移和側屏障測試中為歲和歲假人的所有關鍵身體區域提供了良好的保護並在這部分評估中獲得了最高分年許多中國新品牌來到歐洲並取得了很好的成績在過去一些不太成功的嘗試打入歐洲市場之後一些製造商表明中國品牌現在可以在安全性上與成熟的歐洲品牌競爭在小型家用車類別中配備精良在同類產品中名列前茅表現優於幾個熟悉的品牌另外最高分名單中還有第二款中國品牌同樣配備精良在所有類別中都表現良好緊隨其後的是值得一提因其設計和精神而對歐洲汽車市場產生了巨大影響該公司還決心在安全性能方面為其品牌聲名鵲起和在成人乘員保護方面均取得優異成績兩輛車在安全輔助方面的得分均為是該清單中所有車輛中最高的也是純電動類別中最好的成就者心得說明字以上中國車竟然可以在某些類別拔頭籌是蠻出乎意料的現在拿到五星對中國車來說似乎也不是啥難事不是啥大牌這台好貓被人說有抄襲金龜車的但似乎不影響銷售賣得好像還不錯而是長城底下的子品牌長城汽車在技術上還是有一定的底子但越野車的油耗也不低不過越野的能力已不輸國際大廠照這趨勢看下去五星加持已慢慢變成中國車的銷售名片原文及網址連結心得或意見字不含標點符號台灣目前禁止中國整車進口只能零件進台組裝,原文連結原文內容公佈年各類別獲獎最高分車款獲得乘員保護極高的分數首次獲獎年是有史以來最繁忙的一年近日公佈獲得最高總分的車款其優異的成績基於它們在成人乘員保護兒童乘員保護弱勢道路使用者保護和安全輔助技術方面的結果這份名單首次包括的兩款汽車和兩名進入歐洲市場的中國品牌的新車款這些結果突顯了五星評級對於在歐洲市場為歐洲與歐洲境外的汽車製造商建立安全信譽和品質的重要性獲獎者如下贏得了大型家用車類別的最佳獎項小型家用車類別中由獲得在行政車類別中在小型越野車類別中最後是大型越野車類別中的某些類別可能沒有公佈最高分因為在年該類別測試的車款太少在成人乘員保護方面取得了極高的成績達到了純電動和最新的安全技術使無疑遵循了最近汽車發展的趨勢軌跡對於兒童乘員在正面偏移和側屏障測試中為歲和歲假人的所有關鍵身體區域提供了良好的保護並在這部分評估中獲得了最高分年許多中國新品牌來到歐洲並取得了很好的成績在過去一些不太成功的嘗試打入歐洲市場之後一些製造商表明中國品牌現在可以在安全性上與成熟的歐洲品牌競爭在小型家用車類別中配備精良在同類產品中名列前茅表現優於幾個熟悉的品牌另外最高分名單中還有第二款中國品牌同樣配備精良在所有類別中都表現良好緊隨其後的是值得一提因其設計和精神而對歐洲汽車市場產生了巨大影響該公司還決心在安全性能方面為其品牌聲名鵲起和在成人乘員保護方面均取得優異成績兩輛車在安全輔助方面的得分均為是該清單中所有車輛中最高的也是純電動類別中最好的成就者心得說明字以上中國車竟然可以在某些類別拔頭籌是蠻出乎意料的現在拿到五星對中國車來說似乎也不是啥難事不是啥大牌這台好貓被人說有抄襲金龜車的但似乎不影響銷售賣得好像還不錯而是長城底下的子品牌長城汽車在技術上還是有一定的底子但越野車的油耗也不低不過越野的能力已不輸國際大廠照這趨勢看下去五星加持已慢慢變成中國車的銷售名片原文及網址連結心得或意見字不含標點符號台灣目前禁止中國整車進只能零件進台組裝,"產品性價格面

該段文字討論的是電動車的產品性價格面，並認為這款電動車的價格雖然不便宜，但確實有物有所值。"
2023-01-12 10:57:52,討論萬買還是神,如題特斯拉大降價對岸只要萬台幣就能入手假如未來台灣也變成只要萬就能入手大家會選神車還是然後抱怨一下台灣關稅真的爆幹貴電動車被當奢侈品這真的有要認真要推綠色能源車嗎,如題特斯拉大降價對岸只要萬台幣就能入手假如未來台灣也變成只要萬就能入手大家會選神車還是然後抱怨一下台灣關稅真的爆幹貴電動車被當奢侈品這真的有要認真要推綠色能源車嗎,"產品性價格面與使用者體驗

主要論述：特斯拉大降價會引導台灣電動車市場的轉變，即更負面觀感。"
2023-01-12 11:19:48,新聞特斯拉車主衝店抗議大砍價結果看太便,標題特斯拉車主衝店抗議大砍價結果看太便宜竟又下單連結記者崔子柔綜合報導特斯拉中國日宣布大陸國產車型大降價不僅讓多款電動車價格創歷史新低還是在短短個月內就度降價這讓才剛用原價買到的車主氣炸衝到各省市的門市抗議要求退錢結果有網友分享他拉了朋友到特斯拉維權狗東西看降價了挺便宜買了一台汽車博主閻闖日出朋友圈的截圖一名男子和友人一起去特斯拉維權結果看到現在的價格太優惠狗東西看降價了挺便宜買了一台除此之外微博上也有許多網友討論指出有些人不太理解車主去維權後又買了一輛這不很簡單嗎再買一輛拉低平均成本再買一輛平倉不就少賠了一半給買了特斯拉降價的車主一個建議再買一輛特斯拉原來的賠了萬再買一輛平均一輛賠萬下次特斯拉漲萬就回本了特斯拉中國日大幅調降售價包括下殺至人民幣萬元約新台幣萬元起跳長程版休旅車也下殺至人民幣萬元約新台幣萬元比起原價都便宜了大約萬人民幣約新台幣萬心得原本想大聲斥責結果變真香這個是不是股票概念啊第一台太貴第二台來攤平成本,標題特斯拉車主衝店抗議大砍價結果看太便宜竟又下單連結記者崔子柔綜合報導特斯拉中國日宣布大陸國產車型大降價不僅讓多款電動車價格創歷史新低還是在短短個月內就度降價這讓才剛用原價買到的車主氣炸衝到各省市的門市抗議要求退錢結果有網友分享他拉了朋友到特斯拉維權狗東西看降價了挺便宜買了一台汽車博主閻闖日出朋友圈的截圖一名男子和友人一起去特斯拉維權結果看到現在的價格太優惠狗東西看降價了挺便宜買了一台除此之外微博上也有許多網友討論指出有些人不太理解車主去維權後又買了一輛這不很簡單嗎再買一輛拉低平均成本再買一輛平倉不就少賠了一半給買了特斯拉降價的車主一個建議再買一輛特斯拉原來的賠了萬再買一輛平均一輛賠萬下次特斯拉漲萬就回本了特斯拉中國日大幅調降售價包括下殺至人民幣萬元約新台幣萬元起跳長程版休旅車也下殺至人民幣萬元約新台幣萬元比起原價都便宜了大約萬人民幣約新台幣萬心得原本想大聲斥責結果變真香這個是不是股票概念啊第一台太貴第二台來攤平成本,投訴方面、產品性價格面、使用者體驗
2023-01-12 15:26:07,分享中國品牌汽車銷量排行,排名品牌名稱國別銷量佔品牌份額大眾德國豐田日本比亞迪中國本田日本五菱汽車中國長安中國吉利中國奇瑞中國日產日本特斯拉美國別克美國寶馬德國奧迪德國哈弗中國奔馳德國名爵中國廣汽傳祺中國紅旗中國榮威中國現代韓國廣汽埃安中國雪佛蘭美國福特美國凱迪拉克美國東風風神中國領克中國捷途中國長安歐尚中國哪吒汽車中國思皓中國捷達德國沃爾沃瑞典理想中國起亞韓國坦克中國蔚來中國東風風行中國幾何汽車中國小鵬汽車中國零跑汽車中國寶駿中國啟辰中國東風新能源中國中國馬自達日本東風風光中國歐拉中國奔騰中國林肯美國極氪中國標致法國睿藍汽車中國星途中國雪鐵龍法國北京汽車中國上汽大通中國斯柯達捷克魏牌中國三菱日本新寶駿中國凱翼中國凌寶汽車中國長安深藍中國路虎英國飛凡汽車中國威馬汽車中國國金汽車中國北京中國斯威汽車中國捷豹英國雷丁中國嵐圖汽車中國合創中國大運汽車中國創維汽車中國江淮中國東南中國禦捷新能源中國長安凱程中國野馬汽車中國鑫源中國東風富康中國思銘中國騰勢中國極狐中國北汽製造中國江鈴集團新能源中國中國重汽中國華晨新日中國海馬中國電動屋中國百智新能源中國小虎中國開瑞中國德國愛馳中國智己中國英菲尼迪日本天際汽車中國法國廣汽集團中國雲雀汽車中國美國謳歌日本理念中國阿維塔中國福汽啟騰中國雲度中國瑞風汽車中國五十鈴日本國機智駿中國一汽中國北汽昌河中國賽力斯中國其實像小鵬汽車排名現在內部也有名工程師差不多是華創當年頂峰時期的水準今年會不會走下坡未知一個車型差不多得賣一萬台才會回本比亞迪今年開始漲價囉現在西台灣想開你鈉只能用進口方式在中國眾多車廠競爭激烈不進步就是退步某個無法顯示的雜牌不是很重要不同客群還有被三缸害到應該是,排名品牌名稱國別銷量佔品牌份額大眾德國豐田日本比亞迪中國本田日本五菱汽車中國長安中國吉利中國奇瑞中國日產日本特斯拉美國別克美國寶馬德國奧迪德國哈弗中國奔馳德國名爵中國廣汽傳祺中國紅旗中國榮威中國現代韓國廣汽埃安中國雪佛蘭美國福特美國凱迪拉克美國東風風神中國領克中國捷途中國長安歐尚中國哪吒汽車中國思皓中國捷達德國沃爾沃瑞典理想中國起亞韓國坦克中國蔚來中國東風風行中國幾何汽車中國小鵬汽車中國零跑汽車中國寶駿中國啟辰中國東風新能源中國中國馬自達日本東風風光中國歐拉中國奔騰中國林肯美國極氪中國標致法國睿藍汽車中國星途中國雪鐵龍法國北京汽車中國上汽大通中國斯柯達捷克魏牌中國三菱日本新寶駿中國凱翼中國凌寶汽車中國長安深藍中國路虎英國飛凡汽車中國威馬汽車中國國金汽車中國北京中國斯威汽車中國捷豹英國雷丁中國嵐圖汽車中國合創中國大運汽車中國創維汽車中國江淮中國東南中國禦捷新能源中國長安凱程中國野馬汽車中國鑫源中國東風富康中國思銘中國騰勢中國極狐中國北汽製造中國江鈴集團新能源中國中國重汽中國華晨新日中國海馬中國電動屋中國百智新能源中國小虎中國開瑞中國德國愛馳中國智己中國英菲尼迪日本天際汽車中國法國廣汽集團中國雲雀汽車中國美國謳歌日本理念中國阿維塔中國福汽啟騰中國雲度中國瑞風汽車中國五十鈴日本國機智駿中國一汽中國北汽昌河中國賽力斯中國其實像小鵬汽車排名現在內部也有名工程師差不多是華創當年頂峰時期的水準今年會不會走下坡未知一個車型差不多得賣一萬台才會回本比亞迪今年開始漲價囉現在西台灣想開你鈉只能用進方式在中國眾多車廠競爭激烈不進步就是退步某個無法顯示的雜牌不是很重要不同客群還有被三缸害到應該是,"使用者體驗

主旨：小鵬汽車的排名和銷量。

內容：該文本討論了小鵬汽車的排名和銷量，並認為小鵬汽車的銷量在中國很高，但其工程水平還需進步。"
2023-01-12 21:27:14,討論該還納智捷一個公道了吧,新聞報導中國特斯拉大降價比母國美國便宜左右當初納智捷在中國比台灣便宜結果台灣人大罵現在特斯拉步入納智捷後塵為了最大的市場價格比母國便宜是合理的吧大家該和納智捷道個歉,新聞報導中國特斯拉大降價比母國美國便宜左右當初納智捷在中國比台灣便宜結果台灣人大罵現在特斯拉步入納智捷後塵為了最大的市場價格比母國便宜是合理的吧大家該和納智捷道個歉,產品性價格面
2023-01-13 09:44:02,問題該選誰,目前兩台車在猶豫有幾個點在猶豫售價約萬售價約萬主要疑問家裡透天可以充電這樣在外的超充會有問題嗎高速自動跟車穩定嗎兩台開年左右中古車殘值哪一台會比較慘老車的電池衰退也是個人蠻有疑慮的以下附上人權,目前兩台車在猶豫有幾個點在猶豫售價約萬售價約萬主要疑問家裡透天可以充電這樣在外的超充會有問題嗎高速自動跟車穩定嗎兩台開年左右中古車殘值哪一台會比較慘老車的電池衰退也是個人蠻有疑慮的以下附上人權,"使用者體驗、產品性價格面、安全性能面

主要疑問：

- 超充有問題嗎？
- 高速自動跟車穩定嗎？
- 古中車殘值如何？
- 電池衰退情況如何？"
2023-01-13 10:08:45,問題該選誰,除非你不出遠門台北到台中非計畫中的來往啦不然電車沒超充在外面就是笑死人如果你在意超充以外的東西我建議你直接買該品牌的油車不要買電車自虐特斯拉我覺得最能吹的就是他超充蓋的真他媽實在就是蓋爆但即使一直蓋了仍然不夠方便阿就沒加油站多啊在討論買什麼牌電車之前你出門有地方充嗎,除非你不出遠門台北到台中非計畫中的來往啦不然電車沒超充在外面就是笑死人如果你在意超充以外的東西我建議你直接買該品牌的油車不要買電車自虐特斯拉我覺得最能吹的就是他超充蓋的真他媽實在就是蓋爆但即使一直蓋了仍然不夠方便阿就沒加油站多啊在討論買什麼牌電車之前你出門有地方充嗎,使用者體驗
2023-01-13 11:24:48,問題該選誰,問題不大第三方超充持續再擴充未來只會漸入佳境如果你只是單純維持在車道內跟車應該算穩定但你應該也知道開在高速公路上面要考慮的東西很多比如旁車貼太近前方有靜止車輛緩撞車等這些東西雖然特斯拉也沒有完美克服但至少有在處理平均每個月會一次更新參數你看最近撞緩撞車的新聞都是他牌車特斯拉反而比較少聽到理論上最近銷量大爆炸應該也要跟著正成長才是另外高速公路打燈自動變換車道特斯拉是官方就有開放這個功能使用上也算很穩定電池衰退應該還好但超過年的車難免會有些地方要修的好處是據點多但修起來搞不好也比特斯拉貴就是了,問題不大第三方超充持續再擴充未來只會漸入佳境如果你只是單純維持在車道內跟車應該算穩定但你應該也知道開在高速公路上面要考慮的東西很多比如旁車貼太近前方有靜止車輛緩撞車等這些東西雖然特斯拉也沒有完美克服但至少有在處理平均每個月會一次更新參數你看最近撞緩撞車的新聞都是他牌車特斯拉反而比較少聽到理論上最近銷量大爆炸應該也要跟著正成長才是另外高速公路打燈自動變換車道特斯拉是官方就有開放這個功能使用上也算很穩定電池衰退應該還好但超過年的車難免會有些地方要修的好處是據點多但修起來搞不好也比特斯拉貴就是了,使用者體驗
2023-01-13 12:01:34,電車美國特斯拉售價大跳水囉,的售價掉了的售價掉了這樣一波操作股價應該有救了台灣是否會跟進呢未看先猜漲價繼續賣,的售價掉了的售價掉了這樣一波操作股價應該有救了台灣是否會跟進呢未看先猜漲價繼續賣,"產品性價格面

這段文字討論的是電動車的售價下降會影響股價的可能性。這與產品性價格面分類相符，因為售價下降會影響電動車的價值。"
2023-01-13 13:03:50,問題該選誰,秒選空間及動力速度的高多了是是那種型及空間的運動型轎車前者實用性優乍看只多萬對您來說或許屬於同價格帶但請注意是單馬達動力輸出該對比的其實是台灣沒賣的輸出資料來源反觀是雙馬達強猛動力配置雖說我特沒揭露數據但根據國外資訊其輸出高達甚至這就好比我凌等跟去選價格伯仲下當然秒選前者划算多了對了上述第點也是部分特友言論的盲點近幾月來可看到部分特友宣稱在國外特斯拉跟保時捷同價甚至比貴跟這些特友細聊後發現原來是拿強猛的去跟最入門或第二入門等對比簡單講就是拿中上駟去戰別人下駟身為特斯拉支持者覺得這種誤導言論會嚇退潛在買家對普及我特推廣我特不好歐系豪牌在大眾心種已經有盤多花一堆錢只買等既定負面印象我特就是要避免同流合汙,秒選空間及動力速度的高多了是是那種型及空間的運動型轎車前者實用性優乍看只多萬對您來說或許屬於同價格帶但請注意是單馬達動力輸出該對比的其實是台灣沒賣的輸出資料來源反觀是雙馬達強猛動力配置雖說我特沒揭露數據但根據國外資訊其輸出高達甚至這就好比我凌等跟去選價格伯仲下當然秒選前者划算多了對了上述第點也是部分特友言論的盲點近幾月來可看到部分特友宣稱在國外特斯拉跟保時捷同價甚至比貴跟這些特友細聊後發現原來是拿強猛的去跟最入門或第二入門等對比簡單講就是拿中上駟去戰別人下駟身為特斯拉支持者覺得這種誤導言論會嚇退潛在買家對普及我特推廣我特不好歐系豪牌在大眾心種已經有盤多花一堆錢只買等既定負面印象我特就是要避免同流合汙,"使用者體驗

主旨為特斯拉的強猛動力配置，並提出對部分使用者言論的質疑。"
2023-01-13 13:07:30,討論再來不能用中國製當藉口的吧,中國的一降再降特粉總是說中國製成本低中國車不能整車進口再怎麼便宜跟台灣無關但今天美國跳水這樣是不是不能拿中國製當藉口了,中國的一降再降特粉總是說中國製成本低中國車不能整車進再怎麼便宜跟台灣無關但今天美國跳水這樣是不是不能拿中國製當藉了,使用者體驗
2023-01-13 13:13:42,新聞開啟的在快速道路上自,原文連結原文內容開啟的在快速道路上自動靠邊停車跟在後方的輛車全中招年月日馬路戰場國際新聞汽車科技電動車特斯拉老編完全自動駕駛功能是最引以為傲的功能也表示就是值錢和價值的分水嶺確實當在正常運作時根本就像未來科技其它車廠怎麼都追不上但凡事總有例外你的手機或電腦偶爾都會當機不會嗎發生在年月的一個追撞事故影片被美國媒體挖出來在舊金山的海灣大橋下層有一輛當時正開啟模式行駛但是在打了左轉燈後竟然靠邊停車了下場已經在上方影片呈現一共有輛車追撞人因此受傷塞車長達一個多小時事實上一直存在著鬼煞車的問題也就是在某些行車環境下會讓攝影機誤判而降低車速或是停車明明前方沒東西就像看到鬼一樣而據美國國家公路交通安全管理局統計從月月美國共有起因為開啟導致的車禍雖然確實是好東西也是未來趨勢但是太過依賴或是完全放手是對自己和尤其他人的生命最不負責任的表現心得說明字以上不管電腦硬體或軟體都可能會當機或產生莫名的對於自動駕駛這塊個人還是保留態度不管特斯拉還是哪個廠牌自動駕駛都不是個可完全信賴的產物今天又不是開飛機或開船使用自動駕駛就算發生錯誤駕駛者還有時間去調整修正即使是飛機或船開啟自動駕駛也需要有清醒的人員在值守一堆三寶還以為買了特斯拉開自動駕駛就代表可以放手睡覺早晚都會初四原文及網址連結心得或意見字不含標點符號,原文連結原文內容開啟的在快速道路上自動靠邊停車跟在後方的輛車全中招年月日馬路戰場國際新聞汽車科技電動車特斯拉老編完全自動駕駛功能是最引以為傲的功能也表示就是值錢和價值的分水嶺確實當在正常運作時根本就像未來科技其它車廠怎麼都追不上但凡事總有例外你的手機或電腦偶爾都會當機不會嗎發生在年月的一個追撞事故影片被美國媒體挖出來在舊金山的海灣大橋下層有一輛當時正開啟模式行駛但是在打了左轉燈後竟然靠邊停車了下場已經在上方影片呈現一共有輛車追撞人因此受傷塞車長達一個多小時事實上一直存在著鬼煞車的問題也就是在某些行車環境下會讓攝影機誤判而降低車速或是停車明明前方沒東西就像看到鬼一樣而據美國國家公路交通安全管理局統計從月月美國共有起因為開啟導致的車禍雖然確實是好東西也是未來趨勢但是太過依賴或是完全放手是對自己和尤其他人的生命最不負責任的表現心得說明字以上不管電腦硬體或軟體都可能會當機或產生莫名的對於自動駕駛這塊個人還是保留態度不管特斯拉還是哪個廠牌自動駕駛都不是個可完全信賴的產物今天又不是開飛機或開船使用自動駕駛就算發生錯誤駕駛者還有時間去調整修正即使是飛機或船開啟自動駕駛也需要有清醒的人員在值守一堆三寶還以為買了特斯拉開自動駕駛就代表可以放手睡覺早晚都會初四原文及網址連結心得或意見字不含標點符號,投訴方面
2023-01-13 13:35:31,新聞快訊特斯拉又降價北美最高降萬,快訊特斯拉又降價北美最高降萬售價夢回原文連結原文內容記者鄧光惟綜合報導特斯拉先前因生產過剩對手競爭等因素宣布在中國大陸降價並引發熱議隨後也有部分國家跟進像是南韓及日本而在今日美國特斯拉也宣布全車系大降價降價幅度超越中國大陸達美金萬元約新台幣萬元其中熱門車款最高也有美金萬元約新台幣萬元的降幅版售價甚至比年還要便宜根據特斯拉美國最新官網售價後驅車型售價為美金元約新台幣萬元版售價為美金元約新台幣萬元分別降價美金元約新台幣萬元及美金元約新台幣萬元而在大勢休旅部分版最新售價為美金元約新台幣萬元版為美金元約新台幣萬元與台灣價差來到萬元及萬元若對比售價萬元在台灣只能買到後驅車型萬元最後則是首先是部分入門車型起始售價為美金元約新台幣萬元版售價為美金元約新台幣萬元其中是本次降價最多的車型換算新台幣約萬元部分入門車型起始售價為美金元約新台幣萬元版售價為美金元約新台幣萬元心得說明字以上連美國售價整個都直接大跳水台灣應該也快了台灣人如果因為價格遲遲下不了手的可以再等等只是會不會失去買特斯拉的這種尊貴感那真的不好說,快訊特斯拉又降價北美最高降萬售價夢回原文連結原文內容記者鄧光惟綜合報導特斯拉先前因生產過剩對手競爭等因素宣布在中國大陸降價並引發熱議隨後也有部分國家跟進像是南韓及日本而在今日美國特斯拉也宣布全車系大降價降價幅度超越中國大陸達美金萬元約新台幣萬元其中熱門車款最高也有美金萬元約新台幣萬元的降幅版售價甚至比年還要便宜根據特斯拉美國最新官網售價後驅車型售價為美金元約新台幣萬元版售價為美金元約新台幣萬元分別降價美金元約新台幣萬元及美金元約新台幣萬元而在大勢休旅部分版最新售價為美金元約新台幣萬元版為美金元約新台幣萬元與台灣價差來到萬元及萬元若對比售價萬元在台灣只能買到後驅車型萬元最後則是首先是部分入門車型起始售價為美金元約新台幣萬元版售價為美金元約新台幣萬元其中是本次降價最多的車型換算新台幣約萬元部分入門車型起始售價為美金元約新台幣萬元版售價為美金元約新台幣萬元心得說明字以上連美國售價整個都直接大跳水台灣應該也快了台灣人如果因為價格遲遲下不了手的可以再等等只是會不會失去買特斯拉的這種尊貴感那真的不好說,產品性價格面
2023-01-13 13:36:18,新聞特斯拉自駕系統出包舊金山車連環撞,原文連結原文內容特斯拉自駕系統出包舊金山車連環撞根據美國加州公路巡警交通事故報告書資料名司機告訴當局由於他的特斯拉全自動駕駛軟體意外剎車因此上個月在舊金山灣區發生了輛汽車連環追撞的事故導致人輕傷人住院報導事故車輛當時以約每小時英里的速度駛入最左側車道但隨後突然煞車速度降至每小時英里導致後面汽車追撞報告書表示無法確定事故發生時全自動駕駛是否處於開啟狀態名高速公路巡警指出能掌握確切情況的只有會將資料回傳的特斯拉特斯拉軟體系統引發意外已經不是新鮮事此前也有新聞報導過類似事件目前特斯拉的駕駛輔助和全自動駕駛技術正在接受美國國家公路交通安全管理局的調查該機構迄今已經收到數百起特斯拉車主的投訴並考慮對其進行召回心得說明字以上去年年底的特斯拉事故最近這事故影片曝光了之前一堆特斯拉暴衝現在又有特斯拉幽靈剎車事件,原文連結原文內容特斯拉自駕系統出包舊金山車連環撞根據美國加州公路巡警交通事故報告書資料名司機告訴當局由於他的特斯拉全自動駕駛軟體意外剎車因此上個月在舊金山灣區發生了輛汽車連環追撞的事故導致人輕傷人住院報導事故車輛當時以約每小時英里的速度駛入最左側車道但隨後突然煞車速度降至每小時英里導致後面汽車追撞報告書表示無法確定事故發生時全自動駕駛是否處於開啟狀態名高速公路巡警指出能掌握確切情況的只有會將資料回傳的特斯拉特斯拉軟體系統引發意外已經不是新鮮事此前也有新聞報導過類似事件目前特斯拉的駕駛輔助和全自動駕駛技術正在接受美國國家公路交通安全管理局的調查該機構迄今已經收到數百起特斯拉車主的投訴並考慮對其進行召回心得說明字以上去年年底的特斯拉事故最近這事故影片曝光了之前一堆特斯拉暴衝現在又有特斯拉幽靈剎車事件,安全性能面
2023-01-13 14:56:47,討論特斯拉也適用早買早享受晚買享折扣,安安是我啦聽說今天你特北美也降價了想了想早早下單的特粉都開了一段時間了也比別人早享受了現在後買的享折扣很合理吧只是其他車廠是越晚買越貴只會漲價欸說來說去特斯拉是不是很佛為什麼只有你特可以大幅度降價是不是生產已經標準化了等台灣也降價我都想去下單一台了,安安是我啦聽說今天你特北美也降價了想了想早早下單的特粉都開了一段時間了也比別人早享受了現在後買的享折扣很合理吧只是其他車廠是越晚買越貴只會漲價欸說來說去特斯拉是不是很佛為什麼只有你特可以大幅度降價是不是生產已經標準化了等台灣也降價我都想去下單一台了,產品性價格面
2023-01-13 17:49:54,問題該選誰,要帥好爸爸選,要帥好爸爸選,"產品性價格面

產品性價格面是指產品的品質、性能和價格之間的平衡。這句文字表明要帥好爸爸選的電動車必須考慮產品的價格和價值。"
2023-01-14 15:40:26,討論特斯拉也適用早買早享受晚買享折扣,年底陸續到港特粉換算匯率後定價超值真香年一月初中國特斯拉大降價特粉中國車是什麼拉基德國製造真香年一月中美國歐洲多國開始大降價特粉訂單平轉免等車喔快來接特粉延遲交車只能兩次嗎我的三千元特粉幹,年底陸續到港特粉換算匯率後定價超值真香年一月初中國特斯拉大降價特粉中國車是什麼拉基德國製造真香年一月中美國歐洲多國開始大降價特粉訂單平轉免等車喔快來接特粉延遲交車只能兩次嗎我的三千元特粉幹,"產品性價格面

說明：文本提到特斯拉大降價特粉，這是一種產品性價格面相關的資訊。"
2023-01-14 20:11:33,問題電車刁車怎麼辦,基本上您這問題在中國已有不少起這樣的案例而在年中國特斯拉店的做法是找台唐來充特斯拉沒電被困救援隊竟比亞迪唐當充電寶網友評論國貨原文網址雖然不知道現在是否有改但在當時的確引起不小轟動畢竟店竟然還備有競爭對手的產品來對自家產品進行救援比亞迪還真要感謝特斯拉幫忙宣傳呢,基本上您這問題在中國已有不少起這樣的案例而在年中國特斯拉店的做法是找台唐來充特斯拉沒電被困救援隊竟比亞迪唐當充電寶網友評論國貨原文網址雖然不知道現在是否有改但在當時的確引起不小轟動畢竟店竟然還備有競爭對手的產品來對自家產品進行救援比亞迪還真要感謝特斯拉幫忙宣傳呢,使用者體驗
2023-01-14 20:25:09,轉錄台灣是不是該重新審視一下車價的問題啊,作者關公面前耍大屌看板標題問卦台灣是不是該重新審視一下車價的問題啊時間用特斯拉高性能版來說台灣基本價元日本基本價日幣換算台幣價元今天匯率中國基本價人民幣換算台幣價元今天匯率這價格是不是該重新審視一下了啊心得大家應該要抵制國產車代理商車這些車商為了自己的利益施壓政府拉高關稅和貨物稅然後吃人夠夠的不斷拉抬價格一台車賣人家兩台車價錢真是吃人夠夠和泰國瑞現在是最大受益者賺了這麼多還保護他們幹嘛啊,作者關公面前耍大屌看板標題問卦台灣是不是該重新審視一下車價的問題啊時間用特斯拉高性能版來說台灣基本價元日本基本價日幣換算台幣價元今天匯率中國基本價人民幣換算台幣價元今天匯率這價格是不是該重新審視一下了啊心得大家應該要抵制國產車代理商車這些車商為了自己的利益施壓政府拉高關稅和貨物稅然後吃人夠夠的不斷拉抬價格一台車賣人家兩台車價錢真是吃人夠夠和泰國瑞現在是最大受益者賺了這麼多還保護他們幹嘛啊,使用者體驗
2023-01-16 09:10:19,轉錄台灣是不是該重新審視一下車價的問題啊,這是很簡單的經濟問題關稅貨物稅不是造成台灣車價高的主因而是沒有競爭對手就算把關稅貨物稅降到但國內車商就那十幾家關稅貨物稅讓進口車變便宜大家去搶購進口車那進口車就不會漲價嗎進口車漲價了大家又會回頭買國產車於是國產車又可以漲價了這樣又重新進入年年漲價循環當中還不是一樣中國的特斯拉是全世界賣的最低的比美國都還低所以在地工廠因素只佔非常小主要原因就是中國電動車廠商除了比亞迪外還有幾十家競爭對手全中國上百家車廠特斯拉不降價是要怎麼競爭而降價就代表自家品質已無法撐起原本的價格代表競爭對手品質不輸自己所以自己只好削價競爭台灣真正的問題就是國產車沒有太多競爭對手光豐田就佔市場份額而在中國卻只佔所以和泰漲價其他國產車就放心跟著漲台灣車市就是聯合壟斷因為台灣韭菜沒得選擇要解決車價過高問題除了降低關稅外還要引進更多競爭對手支持開放中國車進口台灣拒絕保護和泰台灣車價才能回歸正常,這是很簡單的經濟問題關稅貨物稅不是造成台灣車價高的主因而是沒有競爭對手就算把關稅貨物稅降到但國內車商就那十幾家關稅貨物稅讓進車變便宜大家去搶購進車那進車就不會漲價嗎進車漲價了大家又會回頭買國產車於是國產車又可以漲價了這樣又重新進入年年漲價循環當中還不是一樣中國的特斯拉是全世界賣的最低的比美國都還低所以在地工廠因素只佔非常小主要原因就是中國電動車廠商除了比亞迪外還有幾十家競爭對手全中國上百家車廠特斯拉不降價是要怎麼競爭而降價就代表自家品質已無法撐起原本的價格代表競爭對手品質不輸自己所以自己只好削價競爭台灣真正的問題就是國產車沒有太多競爭對手光豐田就佔市場份額而在中國卻只佔所以和泰漲價其他國產車就放心跟著漲台灣車市就是聯合壟斷因為台灣韭菜沒得選擇要解決車價過高問題除了降低關稅外還要引進更多競爭對手支持開放中國車進台灣拒絕保護和泰台灣車價才能回歸正常,"產品性價格面

主旨：中國電動車的競爭與台灣車價問題。"
2023-01-16 09:11:10,問題賓士電動車可以充特斯拉超充嗎,這圖是朋友傳給我的他說特斯拉超充應該不能充其他牌子的電動車但又覺得應該沒有人不能充還做假動作佔用車位吧還是說真的有什麼方法可以充這樣也太蝦了快充不知道能不能用轉接頭這個賓士車主對賓士是有多不滿哈哈原來如此沒注意到,這圖是朋友傳給我的他說特斯拉超充應該不能充其他牌子的電動車但又覺得應該沒有人不能充還做假動作佔用車位吧還是說真的有什麼方法可以充這樣也太蝦了快充不知道能不能用轉接頭這個賓士車主對賓士是有多不滿哈哈原來如此沒注意到,"使用者體驗

解釋：文本表達了對特斯拉超充專用電源的看法，並詢問是否有合適的方法可以充其他牌子的電動車。這種對比和對話風格屬於使用者體驗的範疇。"
2023-01-16 17:34:24,新聞歐洲車廠執行長語出驚人高呼電動車會殺死休旅車,原文連結原文內容特斯拉在電動車領域的成功讓電動車已經成為民眾購車新選擇不過電動車仍然有許多隱憂都尚待解決近期的執行長更提出一項警示那就是電動車可能會殺死休旅車年加入的執行長接受英國媒體訪問時公開表示休旅車會因為電動車的推出而完蛋他進一步說道因為體積與重量緣故電動休旅需要更大的電池組然而這樣一來會增加車重同時也會降低電動車的效率表示如果電動車的空氣力學不佳會造成續航力大幅降低好的空氣力學與壞的空氣力學會讓續航力相差公里但在休旅車與轎車上續航力差距會相差公里甚至公里由於法國已經開始針對車重進行徵稅因此他認為休旅車將會被空氣力學與過重的車重所扼殺但他也承認民眾仍需要一段時間才能拒絕休旅車他也承認目前數據還沒證實我的想法是對的指出在年代一輛車重只要公斤但現在一輛車平均車重已來到公斤之後甚至會達到公斤他反問我們使用三倍多的資源來提供服務只是為了環保目前仍堅持使用容量較小的電池來打造電動車心得說明字以上他這些話我的感想就是笑死年代的車車重那麼低問題是安全係數那麼差車禍就很容易扁掉散掉甚至火燒車有比較好,原文連結原文內容特斯拉在電動車領域的成功讓電動車已經成為民眾購車新選擇不過電動車仍然有許多隱憂都尚待解決近期的執行長更提出一項警示那就是電動車可能會殺死休旅車年加入的執行長接受英國媒體訪問時公開表示休旅車會因為電動車的推出而完蛋他進一步說道因為體積與重量緣故電動休旅需要更大的電池組然而這樣一來會增加車重同時也會降低電動車的效率表示如果電動車的空氣力學不佳會造成續航力大幅降低好的空氣力學與壞的空氣力學會讓續航力相差公里但在休旅車與轎車上續航力差距會相差公里甚至公里由於法國已經開始針對車重進行徵稅因此他認為休旅車將會被空氣力學與過重的車重所扼殺但他也承認民眾仍需要一段時間才能拒絕休旅車他也承認目前數據還沒證實我的想法是對的指出在年代一輛車重只要公斤但現在一輛車平均車重已來到公斤之後甚至會達到公斤他反問我們使用三倍多的資源來提供服務只是為了環保目前仍堅持使用容量較小的電池來打造電動車心得說明字以上他這些話我的感想就是笑死年代的車車重那麼低問題是安全係數那麼差車禍就很容易扁掉散掉甚至火燒車有比較好,"使用者體驗

原因：文本表達了執行長對電動休旅車的擔憂，並認為電動車的空氣力學與車重會影響休旅車的續航力，並進而影響休旅車的存續。"
2023-01-16 18:49:07,新聞特斯拉美國大降價台灣跟進官方回,原文連結原文內容特斯拉美國大降價台灣跟進官方回應了經濟日報記者邱馨儀台北即時報導美國特斯拉近期宣布大降價一口氣大降萬美元約新台幣萬元引發美國車主的不滿不過台灣特斯拉表示目前台灣並沒有調整價格的才剛上市市場需求強勁去年月車輛大量到港大量交車在月的領牌數達到台創下歷史紀錄不過元月起可能沒有這麼多車可交掛牌數也將大量縮縮減此外在美國特斯拉大降價之後對台灣特斯拉的新車銷售是否造成衝擊仍待觀察美國特斯拉大降低主要是為了在需求疲軟的情況下增加銷量特斯拉執行長馬斯克決定在美國大幅降價對於現有客戶來說他們所擁有的汽車轉售價格將隨著新車型價格大幅下降而受到重創對於台灣市場而言消費者對特斯拉的新車款需求仍然強勁不過已購車的消費者擔心新車降低會直接影響手中車款的價值而有意購買特斯拉的消費者則密切關注台灣市場是否會跟進降低消費者認為如果美國特斯拉降價台灣不降價將是對台灣消費者的不公平此外二手車的市場行情也是另一個關注的焦點新車降價將立即重創二手車交易並可能進一步壓低價格他說購車者通常更希望購買新車因此二手車的價格可能會下降更多心得說明字以上台灣不可能降價的啦別想了想買還要排隊勒不要漲價就很好了還想要降價別想了,原文連結原文內容特斯拉美國大降價台灣跟進官方回應了經濟日報記者邱馨儀台北即時報導美國特斯拉近期宣布大降價一氣大降萬美元約新台幣萬元引發美國車主的不滿不過台灣特斯拉表示目前台灣並沒有調整價格的才剛上市市場需求強勁去年月車輛大量到港大量交車在月的領牌數達到台創下歷史紀錄不過元月起可能沒有這麼多車可交掛牌數也將大量縮縮減此外在美國特斯拉大降價之後對台灣特斯拉的新車銷售是否造成衝擊仍待觀察美國特斯拉大降低主要是為了在需求疲軟的情況下增加銷量特斯拉執行長馬斯克決定在美國大幅降價對於現有客戶來說他們所擁有的汽車轉售價格將隨著新車型價格大幅下降而受到重創對於台灣市場而言消費者對特斯拉的新車款需求仍然強勁不過已購車的消費者擔心新車降低會直接影響手中車款的價值而有意購買特斯拉的消費者則密切關注台灣市場是否會跟進降低消費者認為如果美國特斯拉降價台灣不降價將是對台灣消費者的不公平此外二手車的市場行情也是另一個關注的焦點新車降價將立即重創二手車交易並可能進一步壓低價格他說購車者通常更希望購買新車因此二手車的價格可能會下降更多心得說明字以上台灣不可能降價的啦別想了想買還要排隊勒不要漲價就很好了還想要降價別想了,"產品性價格面、使用者體驗、投訴方面

**產品性價格面：**特斯拉在美國大幅降價，為提高銷量。

**使用者體驗：**消費者擔心新車降價會直接影響手中車款的價值。

**投訴方面：**消費者認為如果美國特斯拉降價，台灣不降價將是對台灣消費者的不公平。"
2023-01-16 18:57:26,新聞特斯拉破盤降價車主變盤子氣炸這輩,特斯拉破盤降價車主變盤子氣炸這輩子不再買馬斯克曾冷回一句科技中心綜合報導電動車代表品牌特斯拉近年來快速拓展市場行銷策略與銷量都備受關注近日特斯拉在中國日本美國等國家宣布大幅降價美國車主罵聲一片還有人激動喊這輩子不再買特斯拉對此執行長馬斯克並無多做回應不過年的一段話再度被網友挖出日前傳出特斯拉電動車調降車價讓中國車主氣炸認為自己買貴紛紛衝到各地區的門市示威抗議據財星報導一名車主西蒙斯是特斯拉粉絲去年月買了第輛白色高性能當時要價超過萬美元價錢約新台幣萬元美國特斯拉大降價該輛車瞬間便宜了萬美元約台幣萬元西蒙斯抱怨說就像是被特斯拉占便宜的消費者揚言這輩子不再買特斯拉若要買電動車將選擇特斯拉對手品牌或執行長馬斯克近日未多做回應但他曾年月發文表示當降價時那些已經買車的車主就會想要更低的價格如果是漲價這些車主也不會想寫支票給特斯拉就這樣吧台灣深得馬斯克的理念所以不降價降價被罵不降也被罵那我就不降,特斯拉破盤降價車主變盤子氣炸這輩子不再買馬斯克曾冷回一句科技中心綜合報導電動車代表品牌特斯拉近年來快速拓展市場行銷策略與銷量都備受關注近日特斯拉在中國日本美國等國家宣布大幅降價美國車主罵聲一片還有人激動喊這輩子不再買特斯拉對此執行長馬斯克並無多做回應不過年的一段話再度被網友挖出日前傳出特斯拉電動車調降車價讓中國車主氣炸認為自己買貴紛紛衝到各地區的門市示威抗議據財星報導一名車主西蒙斯是特斯拉粉絲去年月買了第輛白色高性能當時要價超過萬美元價錢約新台幣萬元美國特斯拉大降價該輛車瞬間便宜了萬美元約台幣萬元西蒙斯抱怨說就像是被特斯拉占便宜的消費者揚言這輩子不再買特斯拉若要買電動車將選擇特斯拉對手品牌或執行長馬斯克近日未多做回應但他曾年月發文表示當降價時那些已經買車的車主就會想要更低的價格如果是漲價這些車主也不會想寫支票給特斯拉就這樣吧台灣深得馬斯克的理念所以不降價降價被罵不降也被罵那我就不降,"產品性價格面

原因：文檔主要批評特斯拉的價格策略，認為他們在降價後仍然保持高於競爭對手的價格。"
2023-01-17 10:19:01,電車馬達為日本電產供應,影片放映速度建議調到倍原本還蠻希望是由台灣廠商例如富田供應結果影片中提到的馬達是比較貴的所以選擇日本產馬達排除價格因素推測可能富田目前供應特斯拉的馬達只是代工技術不是完全自研的只能代表富田的加工水準夠高但不能拿來賣給別人另外這篇也提到日本正在研發的超高轉馬達可以用相對較小的扭力達到相同的馬力體積跟使用的銅導線材料也會較少進而降低成本這似乎代表日系車廠走的是個不同的馬達路線之前看雖然馬力是但扭力相對偏小只有相較之下目前版本馬力多了等於是多了但是扭力多了幾乎是的增幅,影片放映速度建議調到倍原本還蠻希望是由台灣廠商例如富田供應結果影片中提到的馬達是比較貴的所以選擇日本產馬達排除價格因素推測可能富田目前供應特斯拉的馬達只是代工技術不是完全自研的只能代表富田的加工水準夠高但不能拿來賣給別人另外這篇也提到日本正在研發的超高轉馬達可以用相對較小的扭力達到相同的馬力體積跟使用的銅導線材料也會較少進而降低成本這似乎代表日系車廠走的是個不同的馬達路線之前看雖然馬力是但扭力相對偏小只有相較之下目前版本馬力多了等於是多了但是扭力多了幾乎是的增幅,使用者體驗、產品性價格面
2023-01-17 10:29:43,新聞收一輛特斯拉虧萬二手車商掛海報拒收,收一輛特斯拉虧萬二手車商掛海報拒收原文連結原文內容世界日報中國新聞組北京日電特斯拉近日跳水式降價導致中國多地車主維權被波及的還有二手車商近日廣州小錘二手車市場門口豎立不收特斯拉大幅標語引發輿論關注廣州二手車商溫先生稱特斯拉性價比並不足以支撐它的價格基本上收一輛車平均要虧萬人民幣下同到萬約萬台幣其貶值速度之快市場波動之大成為二手車商眼中的燙手山芋只有掛海報拒收上游新聞報導中國汽車流通協會近日發布年月中國汽車保值率研究報告數據顯示和保值率一年車齡下同分別為分列第和名而在年上半年還以以的成績各自在中型和中型車中排列第一對於如今特斯拉二手車的行情溫先生坦言如果有特斯拉的用戶找我收我依然是拒絕的包括收二手特斯拉車的同行基本上一台車要虧萬到萬在廣州最大的寶利捷二手車交易城裡一家比較大的主做特斯拉的二手車商已經做不下去了不少做特斯拉的車商都虧得比較多溫先生強調二手車跟別的商品不一樣它屬於流通性強的低毛利低風險商品現在的廣州二手車市場收一輛特斯拉平均虧萬到萬對於車商來說虧萬是很誇張的因為一台二手車的毛利一般在萬塊錢左右如果一台二手車虧萬到萬是其他車的兩三倍了以特斯拉頂配為例重慶南岸區從事二手車銷售的萬經理表示不好做不好做收車時特斯拉頂配新車價還在萬二手車一年多車齡能掛到萬左右去年月底官宣降價至萬二手車價也只能在萬到萬左右三個月不到新車價又跌到萬其二手價格只能掛到到萬左右萬經理還說像這種中型頂配版流轉速度本來就慢加上不斷地價格波動潛在二手車消費者都不敢買了這一台頂配車收來三個多月擺在這裡停起硬虧萬了心得說明特斯拉美國市場出現新車比二手車便宜的現象中國也出現車商拒收歐美和台灣二手車商會跟進嗎,收一輛特斯拉虧萬二手車商掛海報拒收原文連結原文內容世界日報中國新聞組北京日電特斯拉近日跳水式降價導致中國多地車主維權被波及的還有二手車商近日廣州小錘二手車市場門豎立不收特斯拉大幅標語引發輿論關注廣州二手車商溫先生稱特斯拉性價比並不足以支撐它的價格基本上收一輛車平均要虧萬人民幣下同到萬約萬台幣其貶值速度之快市場波動之大成為二手車商眼中的燙手山芋只有掛海報拒收上游新聞報導中國汽車流通協會近日發布年月中國汽車保值率研究報告數據顯示和保值率一年車齡下同分別為分列第和名而在年上半年還以以的成績各自在中型和中型車中排列第一對於如今特斯拉二手車的行情溫先生坦言如果有特斯拉的用戶找我收我依然是拒絕的包括收二手特斯拉車的同行基本上一台車要虧萬到萬在廣州最大的寶利捷二手車交易城裡一家比較大的主做特斯拉的二手車商已經做不下去了不少做特斯拉的車商都虧得比較多溫先生強調二手車跟別的商品不一樣它屬於流通性強的低毛利低風險商品現在的廣州二手車市場收一輛特斯拉平均虧萬到萬對於車商來說虧萬是很誇張的因為一台二手車的毛利一般在萬塊錢左右如果一台二手車虧萬到萬是其他車的兩三倍了以特斯拉頂配為例重慶南岸區從事二手車銷售的萬經理表示不好做不好做收車時特斯拉頂配新車價還在萬二手車一年多車齡能掛到萬左右去年月底官宣降價至萬二手車價也只能在萬到萬左右三個月不到新車價又跌到萬其二手價格只能掛到到萬左右萬經理還說像這種中型頂配版流轉速度本來就慢加上不斷地價格波動潛在二手車消費者都不敢買了這一台頂配車收來三個多月擺在這裡停起硬虧萬了心得說明特斯拉美國市場出現新車比二手車便宜的現象中國也出現車商拒收歐美和台灣二手車商會跟進嗎,"投訴方面

相關詞彙：客服人員態度差、解決問題"
2023-01-17 11:52:31,新聞特斯拉性能版煞車不性能網友,原文連結原文內容特斯拉性能版煞車不性能網友揭露超大卡鉗只是一個裝飾蓋子年月日週一上午電動車對比燃油引擎可以更容易達到性能升級因此不少人都相當在意自己的電動車擁有多少馬力輸出在加速表現上可以高人一等而通常性能版本的車款除了加速厲害以外煞車表現也會同步升級藉此創造出強大的操控特性不過近日有人發現他所購買的其煞車卡鉗是一個騙人的笑話因為外表看起來雖然有著碩大的卡鉗配置但是那只是一個花俏的蓋子在蓋子底下是一個尺寸更小的卡鉗讓人直呼特斯拉簡直就是在欺騙消費者這名車主在上面發佈了一段影片這段影片當中他們把的車輪卸下並且檢視煞車卡鉗結果發現眼睛所看到的卡鉗竟然是一個蓋子因此他把蓋子卸下之後發覺這輛車的煞車其實與版本的車型相同這意味著你花更多的錢購買了版本但是在煞車制動方面卻是一樣的充其量只是多了個紅色的外蓋這讓消費者的感受不是太好尤其是兩輛車的價差並不小而且用這種方式掩蓋車輛零配件的差異令人有些傻眼而其實在去年的時候特斯拉就已經宣佈他們更換的後卡鉗製造商比較舊的型號使用的是的煞車系統這可能是市場上最優秀的煞車廠商而在年月日之後生產的車輛則是使用的零配件原廠表示這樣的改變並不會讓車輛的性能有所差異而蓋上這個蓋子則是一種美觀上的設計但是根據這名車主的說法表示這個卡鉗跟車型上的一模一樣但是在碟盤部分則是厚了左右另外他還指出就連前方的煞車系統也跟的部件非常相似不過至少前煞還是來自於因此他認為這根本就不算是性能煞車特斯拉應該出面解釋才對心得說明字以上特黑產業鏈動得很厲害啊該名外國特黑原文買特斯拉又不是買他的卡鉗買的是買的是前瞻未來科技環保粗暴言論大可不必希望外國特黑不要顛倒是非黑白給你卡鉗就不錯了在那邊吵甚麼原文及網址連結心得或意見字不含標點符號,原文連結原文內容特斯拉性能版煞車不性能網友揭露超大卡鉗只是一個裝飾蓋子年月日週一上午電動車對比燃油引擎可以更容易達到性能升級因此不少人都相當在意自己的電動車擁有多少馬力輸出在加速表現上可以高人一等而通常性能版本的車款除了加速厲害以外煞車表現也會同步升級藉此創造出強大的操控特性不過近日有人發現他所購買的其煞車卡鉗是一個騙人的笑話因為外表看起來雖然有著碩大的卡鉗配置但是那只是一個花俏的蓋子在蓋子底下是一個尺寸更小的卡鉗讓人直呼特斯拉簡直就是在欺騙消費者這名車主在上面發佈了一段影片這段影片當中他們把的車輪卸下並且檢視煞車卡鉗結果發現眼睛所看到的卡鉗竟然是一個蓋子因此他把蓋子卸下之後發覺這輛車的煞車其實與版本的車型相同這意味著你花更多的錢購買了版本但是在煞車制動方面卻是一樣的充其量只是多了個紅色的外蓋這讓消費者的感受不是太好尤其是兩輛車的價差並不小而且用這種方式掩蓋車輛零配件的差異令人有些傻眼而其實在去年的時候特斯拉就已經宣佈他們更換的後卡鉗製造商比較舊的型號使用的是的煞車系統這可能是市場上最優秀的煞車廠商而在年月日之後生產的車輛則是使用的零配件原廠表示這樣的改變並不會讓車輛的性能有所差異而蓋上這個蓋子則是一種美觀上的設計但是根據這名車主的說法表示這個卡鉗跟車型上的一模一樣但是在碟盤部分則是厚了左右另外他還指出就連前方的煞車系統也跟的部件非常相似不過至少前煞還是來自於因此他認為這根本就不算是性能煞車特斯拉應該出面解釋才對心得說明字以上特黑產業鏈動得很厲害啊該名外國特黑原文買特斯拉又不是買他的卡鉗買的是買的是前瞻未來科技環保粗暴言論大可不必希望外國特黑不要顛倒是非黑白給你卡鉗就不錯了在那邊吵甚麼原文及網址連結心得或意見字不含標點符號,安全性能面
2023-01-17 12:11:19,新聞國內首例特斯拉突大降價車主認欺瞞求償,原文連結原文內容國內首例特斯拉突大降價車主認欺瞞求償遭駁人上訴又敗聯合報記者王宏舜台北即時報導美國特斯拉近期宣布大降價一口氣大降萬美元約新台幣萬元引發美國車主的不滿而台灣黃姓等名車主於年月至年月間陸續購買特斯拉電動車台灣特斯拉公司卻在年月大幅降低售價人認為遭欺瞞提損害賠償訴訟共要求返還萬元但一審敗訴台灣高等法院今駁回闕姓車主等人上訴台灣年前的大降價以車款降幅最大原本售價萬的車子一口氣降為萬元降幅達黃姓等名車主表示台灣特斯拉公司無預警降價害他們蒙受重大損失車商在降價前應經財務成本精算檢討決策及公告一般需數個月至半年但車商卻沒在簽約時揭露這個訊息明顯違反消費者保護法第條有關消費資訊的規定因此請求損害額倍計算的懲罰性賠償金名車主認為台灣特斯拉公司違反誠信原則車商決定大幅降價並非他們簽約時所能預料且因降價幅度太大超過一般市場合理預期備位聲明為減少價金並返還台灣特斯拉公司抗辯消保法第條應重視消費者之健康與安全應致力充實消費資訊的規定屬宣示性的行政指導並不是民法所定的保護他人之法律且消保法也沒要求企業經營者應向消費者揭露最低售價任何研議中或未確認的優惠方案措施或價格變動等資訊而求償者購買的車款已於年月日停產自然不在同年月日降價車款之列台灣特斯拉公司指人買車時價格和產品資訊都明確寫在官網上它們並未讓人和其他消費者有不同的交易模式或價格也沒有隱瞞當時的有效售價與優惠士林地院認為從美商特斯拉執行長馬斯克年月日的內部郵件來看他指出年月提到特斯拉系列車輛對大多數的人都太貴公司決定將全世界的銷售改為僅在線上銷售並將關閉實體店面減低銷售及行銷經費以實現今日宣告的價錢變動可見月仍在研商調價月日不僅台灣的車輛調整售價英國澳洲美國中華人民共和國也都降價因公平交易委員會曾立案調查未發現有違反公平交易法情事士院也持相同認定判台灣特斯拉免賠一審判決後羅姓葉姓闕姓車主不服而提上訴各自求償萬萬萬元另外名車主未上訴高院認為難以認定台灣特斯拉調降車輛售價有積極欺瞞消極隱匿重要交易資訊並無不公平交易行為人上訴無理由無法請求減少價金返還不當得利本件得上訴心得說明字以上既然是無預警降價又無法舉證車商與交易當下事先知情這樣很難告得成吧只能說買特斯拉要認知它的行銷策略,原文連結原文內容國內首例特斯拉突大降價車主認欺瞞求償遭駁人上訴又敗聯合報記者王宏舜台北即時報導美國特斯拉近期宣布大降價一氣大降萬美元約新台幣萬元引發美國車主的不滿而台灣黃姓等名車主於年月至年月間陸續購買特斯拉電動車台灣特斯拉公司卻在年月大幅降低售價人認為遭欺瞞提損害賠償訴訟共要求返還萬元但一審敗訴台灣高等法院今駁回闕姓車主等人上訴台灣年前的大降價以車款降幅最大原本售價萬的車子一氣降為萬元降幅達黃姓等名車主表示台灣特斯拉公司無預警降價害他們蒙受重大損失車商在降價前應經財務成本精算檢討決策及公告一般需數個月至半年但車商卻沒在簽約時揭露這個訊息明顯違反消費者保護法第條有關消費資訊的規定因此請求損害額倍計算的懲罰性賠償金名車主認為台灣特斯拉公司違反誠信原則車商決定大幅降價並非他們簽約時所能預料且因降價幅度太大超過一般市場合理預期備位聲明為減少價金並返還台灣特斯拉公司抗辯消保法第條應重視消費者之健康與安全應致力充實消費資訊的規定屬宣示性的行政指導並不是民法所定的保護他人之法律且消保法也沒要求企業經營者應向消費者揭露最低售價任何研議中或未確認的優惠方案措施或價格變動等資訊而求償者購買的車款已於年月日停產自然不在同年月日降價車款之列台灣特斯拉公司指人買車時價格和產品資訊都明確寫在官網上它們並未讓人和其他消費者有不同的交易模式或價格也沒有隱瞞當時的有效售價與優惠士林地院認為從美商特斯拉執行長馬斯克年月日的內部郵件來看他指出年月提到特斯拉系列車輛對大多數的人都太貴公司決定將全世界的銷售改為僅在線上銷售並將關閉實體店面減低銷售及行銷經費以實現今日宣告的價錢變動可見月仍在研商調價月日不僅台灣的車輛調整售價英國澳洲美國中華人民共和國也都降價因公平交易委員會曾立案調查未發現有違反公平交易法情事士院也持相同認定判台灣特斯拉免賠一審判決後羅姓葉姓闕姓車主不服而提上訴各自求償萬萬萬元另外名車主未上訴高院認為難以認定台灣特斯拉調降車輛售價有積極欺瞞消極隱匿重要交易資訊並無不公平交易行為人上訴無理由無法請求減少價金返還不當得利本件得上訴心得說明字以上既然是無預警降價又無法舉證車商與交易當下事先知情這樣很難告得成吧只能說買特斯拉要認知它的行銷策略,"投訴方面、產品性價格面、使用者體驗、安全性能面

**投訴方面：**服務差、態度不好

**產品性價格面：**便宜

**使用者體驗：**品質公差、電池低溫耗電快

**安全性能面：**電動車過熱、火燒車、爆炸、暴衝、失控"
2023-01-17 13:55:15,分享美國開箱,座標加州灣區喜歡旅遊而且偶爾要走雪地和爬山所以只考慮四輪傳動加上喜歡電車在待速和塞車時不會有震動且省油所以開始看油電車第一台車想要便宜耐用好養所以只考慮日系車候選名單有和最後四輪傳動油電預算不在乎後座空間的條件下加上喜歡一直線的尾燈就選擇了這款車事實上和是用同個底盤和引擎比長公分矮公分因為造型的緣故後車廂空間反而打折在日本叫美國買的都是日本進口五月訂車十月才交車原價稅前元被加了約塊的配件總價含稅美金約萬台幣配置有全套假皮椅駕駛電動記憶座椅前座加熱座椅電動腳踢尾門全頭尾燈但是沒有天窗和無線美國送年或免費保養第一年送遠端發動鎖門定位之後每年美我傻眼官網號稱油耗市區高速換算約等於每公升公里實際日常使用起來差不多油箱加侖公升儀表顯示滿油可以跑公里但里程焦慮的我們常常剩就想去加油聖誕連假跑了一趟公里的國家公園公路旅行遇到大風雪或路面溼滑微微結冰的地形開起來都還算穩油電車起步輕快但超車的時候覺得馬力不夠油門跟煞車都蠻線性的除了引擎開始介入的時候會感覺多加速一點最大的缺點就是輪胎噪音原廠配的是節能輪胎美國很多高速公路的路面不平高速行駛可以聽到明顯的輪胎和地面的摩擦聲音等輪胎用得差不多後換一組靜音胎後希望能夠改善第二個缺點是後車廂的空間相比是比較斜背的款式加上厚道的下巴使得行李箱地板比較高空間明顯小很多放三個大行李箱一個登機箱是極限了但因為好看所以這個缺點完全可以被接受第三個缺點是杯子架跟排檔的位置當初設計時可能只考慮到咖啡杯而沒有考慮到珍奶的杯子比較高所以在推排檔時經常被飲料杯卡住要把手軸抬高才有辦法換檔目前開了三個月里程公里開起來十分滿意而且這款車很少見不會在路上看到一堆一樣的車灣區最大眾的車還是小道消息說美國要停止進口了希望二手價不會確實很怪我就把它當比較好看的哈哈哈感謝就是之前試過成功率頗低感覺不太可靠,座標加州灣區喜歡旅遊而且偶爾要走雪地和爬山所以只考慮四輪傳動加上喜歡電車在待速和塞車時不會有震動且省油所以開始看油電車第一台車想要便宜耐用好養所以只考慮日系車候選名單有和最後四輪傳動油電預算不在乎後座空間的條件下加上喜歡一直線的尾燈就選擇了這款車事實上和是用同個底盤和引擎比長公分矮公分因為造型的緣故後車廂空間反而打折在日本叫美國買的都是日本進五月訂車十月才交車原價稅前元被加了約塊的配件總價含稅美金約萬台幣配置有全套假皮椅駕駛電動記憶座椅前座加熱座椅電動腳踢尾門全頭尾燈但是沒有天窗和無線美國送年或免費保養第一年送遠端發動鎖門定位之後每年美我傻眼官網號稱油耗市區高速換算約等於每公升公里實際日常使用起來差不多油箱加侖公升儀表顯示滿油可以跑公里但里程焦慮的我們常常剩就想去加油聖誕連假跑了一趟公里的國家公園公路旅行遇到大風雪或路面溼滑微微結冰的地形開起來都還算穩油電車起步輕快但超車的時候覺得馬力不夠油門跟煞車都蠻線性的除了引擎開始介入的時候會感覺多加速一點最大的缺點就是輪胎噪音原廠配的是節能輪胎美國很多高速公路的路面不平高速行駛可以聽到明顯的輪胎和地面的摩擦聲音等輪胎用得差不多後換一組靜音胎後希望能夠改善第二個缺點是後車廂的空間相比是比較斜背的款式加上厚道的下巴使得行李箱地板比較高空間明顯小很多放三個大行李箱一個登機箱是極限了但因為好看所以這個缺點完全可以被接受第三個缺點是杯子架跟排檔的位置當初設計時可能只考慮到咖啡杯而沒有考慮到珍奶的杯子比較高所以在推排檔時經常被飲料杯卡住要把手軸抬高才有辦法換檔目前開了三個月里程公里開起來十分滿意而且這款車很少見不會在路上看到一堆一樣的車灣區最大眾的車還是小道消息說美國要停止進了希望二手價不會確實很怪我就把它當比較好看的哈哈哈感謝就是之前試過成功率頗低感覺不太可靠,產品性價格面、使用者體驗、安全性能面
2023-01-17 23:11:00,討論開豪車跑業務觀感好還不好,因為個人的職業是比較屬於業務性質而且常常需要開車順便載客人這樣想問一下如我開雙奧迪特斯拉等進口到底是會讓對方感受到一定信任還是會覺得說車都開得比我好是不是噱客人噱很大才賺很大那如果是更高一階保時捷瑪莎拉蒂賓利麥拉倫之類的呢平心而論喔有什麼比較適合業務開的廠牌或車款呢,因為個人的職業是比較屬於業務性質而且常常需要開車順便載客人這樣想問一下如我開雙奧迪特斯拉等進到底是會讓對方感受到一定信任還是會覺得說車都開得比我好是不是噱客人噱很大才賺很大那如果是更高一階保時捷瑪莎拉蒂賓利麥拉倫之類的呢平心而論喔有什麼比較適合業務開的廠牌或車款呢,"使用者體驗

建議：考慮您的業務需求和客戶期望，並根據以下資訊選擇適合的車款：

**奧迪特斯拉：**
- 適合於商業行駛，具備良好的動力、性能和科技。
- 顧客通常會對其可靠性和安全感有信心。

**保時捷瑪莎拉蒂賓利麥拉倫：**
- 適合於高階企業，具備頂級的性能、科技和舒適性。
- 顧客通常會對其優質和品牌聲譽有信心。

**比較適合業務開的廠牌或車款：**

- **奧迪 Q7、Q8：**適合於大型企業，具備良好的空間和實用性。
- **波士頓馬車：**適合於業餘企業，具備良好的動力和油耗表現。
- **BMW 5 Series、6 Series：**適合於中級企業，具備卓越的性能和科技。

**注意事項：**

- 考慮您的預算和需求。
- 在做決策之前，請諮詢汽車專家或銷售人員。"
2023-01-18 03:50:44,問題純電車的續航力要到多少才算綽綽有餘,先不用想那麼遠啦特斯拉和福特都說過希望可以生產出訂價在萬美金以下的純電車要達到這個目標又要不虧損電池勢必不會太大顆價格才壓的下來剛查了一下在美國一般人平均上下班也才開英里我目前看過最鳥的量產電動車也有英里左右打個七八折早也是綽綽有餘至於說開長途那等到年再來煩惱啦這兩三年先想辨法普級先,先不用想那麼遠啦特斯拉和福特都說過希望可以生產出訂價在萬美金以下的純電車要達到這個目標又要不虧損電池勢必不會太大顆價格才壓的下來剛查了一下在美國一般人平均上下班也才開英里我目前看過最鳥的量產電動車也有英里左右打個七八折早也是綽綽有餘至於說開長途那等到年再來煩惱啦這兩三年先想辨法普級先,產品性價格面
2023-01-18 07:39:57,新聞收一輛特斯拉虧萬二手車商掛海報拒收,作者玫葡爾頓看板標題新聞收一輛特斯拉虧萬二手車商掛海報拒收時間收一輛特斯拉虧萬二手車商掛海報拒收原文連結發布時間記者署名世界日報中國新聞組北京日電原文內容特斯拉近日跳水式降價導致中國多地車主維權被波及的還有二手車商近日廣州小錘二手車市場門口豎立不收特斯拉大幅標語引發輿論關注廣州二手車商溫先生稱特斯拉性價比並不足以支撐它的價格基本上收一輛車平均要虧萬人民幣下同到萬約萬台幣其貶值速度之快市場波動之大成為二手車商眼中的燙手山芋只有掛海報拒收上游新聞報導中國汽車流通協會近日發布年月中國汽車保值率研究報告數據顯示和保值率一年車齡下同分別為分列第和名而在年上半年還以以的成績各自在中型和中型車中排列第一對於如今特斯拉二手車的行情溫先生坦言如果有特斯拉的用戶找我收我依然是拒絕的包括收二手特斯拉車的同行基本上一台車要虧萬到萬在廣州最大的寶利捷二手車交易城裡一家比較大的主做特斯拉的二手車商已經做不下去了不少做特斯拉的車商都虧得比較多溫先生強調二手車跟別的商品不一樣它屬於流通性強的低毛利低風險商品現在的廣州二手車市場收一輛特斯拉平均虧萬到萬對於車商來說虧萬是很誇張的因為一台二手車的毛利一般在萬塊錢左右如果一台二手車虧萬到萬是其他車的兩三倍了以特斯拉頂配為例重慶南岸區從事二手車銷售的萬經理表示不好做不好做收車時特斯拉頂配新車價還在萬二手車一年多車齡能掛到萬左右去年月底官宣降價至萬二手車價也只能在萬到萬左右三個月不到新車價又跌到萬其二手價格只能掛到到萬左右萬經理還說像這種中型頂配版流轉速度本來就慢加上不斷地價格波動潛在二手車消費者都不敢買了這一台頂配車收來三個多月擺在這裡停起硬虧萬了心得評論特斯拉二手車市場崩盤了是否也會連帶反映到公司股價上呢,作者玫葡爾頓看板標題新聞收一輛特斯拉虧萬二手車商掛海報拒收時間收一輛特斯拉虧萬二手車商掛海報拒收原文連結發布時間記者署名世界日報中國新聞組北京日電原文內容特斯拉近日跳水式降價導致中國多地車主維權被波及的還有二手車商近日廣州小錘二手車市場門豎立不收特斯拉大幅標語引發輿論關注廣州二手車商溫先生稱特斯拉性價比並不足以支撐它的價格基本上收一輛車平均要虧萬人民幣下同到萬約萬台幣其貶值速度之快市場波動之大成為二手車商眼中的燙手山芋只有掛海報拒收上游新聞報導中國汽車流通協會近日發布年月中國汽車保值率研究報告數據顯示和保值率一年車齡下同分別為分列第和名而在年上半年還以以的成績各自在中型和中型車中排列第一對於如今特斯拉二手車的行情溫先生坦言如果有特斯拉的用戶找我收我依然是拒絕的包括收二手特斯拉車的同行基本上一台車要虧萬到萬在廣州最大的寶利捷二手車交易城裡一家比較大的主做特斯拉的二手車商已經做不下去了不少做特斯拉的車商都虧得比較多溫先生強調二手車跟別的商品不一樣它屬於流通性強的低毛利低風險商品現在的廣州二手車市場收一輛特斯拉平均虧萬到萬對於車商來說虧萬是很誇張的因為一台二手車的毛利一般在萬塊錢左右如果一台二手車虧萬到萬是其他車的兩三倍了以特斯拉頂配為例重慶南岸區從事二手車銷售的萬經理表示不好做不好做收車時特斯拉頂配新車價還在萬二手車一年多車齡能掛到萬左右去年月底官宣降價至萬二手車價也只能在萬到萬左右三個月不到新車價又跌到萬其二手價格只能掛到到萬左右萬經理還說像這種中型頂配版流轉速度本來就慢加上不斷地價格波動潛在二手車消費者都不敢買了這一台頂配車收來三個多月擺在這裡停起硬虧萬了心得評論特斯拉二手車市場崩盤了是否也會連帶反映到公司股價上呢,投訴方面、產品性價格面、安全性能面、使用者體驗
2023-01-18 10:38:53,新聞國外特斯拉新車降幅最高台灣成,原文連結原文內容國外特斯拉新車降幅最高台灣成為唯三未降價國家文記者陳英傑在全球多個國家陸續調降旗下車款價格部分國家甚至調降金額高達萬元台幣引發已購車的車主不滿有粉絲整理出截至月各國家的降價幅度個國家裡只有包含台灣在內的個國家至今未調降售價臉書粉絲專頁知識家整理出截至年月全球車型的降價幅度一共列出個國家降幅最多的為墨西哥的其次為克羅埃西亞的丹麥的排第三多數國家都有以上的降幅即使生產地的德國也仍有然而在這個國家裡頭台灣香港與泰國至今都未調降售價台灣鄰近的韓國則有的降幅至於台灣是否會跟進降價台灣特斯拉先前回應表示目前並無調降售價的計畫心得說明字以上台灣有台灣的玩法賣不出去加價賣就對了沒有給你漲價就不錯還不快叩謝主隆恩,原文連結原文內容國外特斯拉新車降幅最高台灣成為唯三未降價國家文記者陳英傑在全球多個國家陸續調降旗下車款價格部分國家甚至調降金額高達萬元台幣引發已購車的車主不滿有粉絲整理出截至月各國家的降價幅度個國家裡只有包含台灣在內的個國家至今未調降售價臉書粉絲專頁知識家整理出截至年月全球車型的降價幅度一共列出個國家降幅最多的為墨西哥的其次為克羅埃西亞的丹麥的排第三多數國家都有以上的降幅即使生產地的德國也仍有然而在這個國家裡頭台灣香港與泰國至今都未調降售價台灣鄰近的韓國則有的降幅至於台灣是否會跟進降價台灣特斯拉先前回應表示目前並無調降售價的計畫心得說明字以上台灣有台灣的玩法賣不出去加價賣就對了沒有給你漲價就不錯還不快叩謝主隆恩,產品性價格面
2023-01-18 12:27:30,分享英國銷售排行,原始連結集團排名品牌排名車款排名臺灣銷售排名前幾名通常是普遍便宜好癢妥善率高的代表英國則是修車集團法國病貓跟韓國車為前三名同時是銷售冠軍也是唯一的日本車這車到底神奇在哪能讓英國人這麼愛買裕隆不考慮引進看看嗎跟第二名的只差台年可能有機會可以喔,原始連結集團排名品牌排名車款排名臺灣銷售排名前幾名通常是普遍便宜好癢妥善率高的代表英國則是修車集團法國病貓跟韓國車為前三名同時是銷售冠軍也是唯一的日本車這車到底神奇在哪能讓英國人這麼愛買裕隆不考慮引進看看嗎跟第二名的只差台年可能有機會可以喔,"產品性價格面和使用者體驗

這段文字主要討論的是汽車的價格和品質。它認為，英國人對裕隆汽車的愛好可能是因為其便宜且可靠性高。"
2023-01-18 13:15:30,討論特斯拉是被台灣市場慣壞的嗎,全球第三高的車價還是賣爆我是原廠當然也不會理你台灣消費者好像買車都是追求一個尊榮感覺得太便宜的車子反而會被瞧不起又適逢年經濟最好的時候多萬的車還好吧沒有很貴啊大家覺得什麼原因讓特斯拉台灣死不降價的呢,全球第三高的車價還是賣爆我是原廠當然也不會理你台灣消費者好像買車都是追求一個尊榮感覺得太便宜的車子反而會被瞧不起又適逢年經濟最好的時候多萬的車還好吧沒有很貴啊大家覺得什麼原因讓特斯拉台灣死不降價的呢,"產品性價格面

原因：文本中認為特斯拉在台灣的價格並非昂貴，而根源於台灣消費者對特斯拉車型的尊榮感需求。"
2023-01-18 13:23:45,討論特斯拉是被台灣市場慣壞的嗎,是這樣嗎我看社團幾個申請延後交車的說如果到港車價還是沒有降價的話就要退訂了太便宜我們可是不買的哦身體倒是挺誠實的但是太貴的話我們會退訂哦準特斯拉車主有點骨氣好嗎咦,是這樣嗎我看社團幾個申請延後交車的說如果到港車價還是沒有降價的話就要退訂了太便宜我們可是不買的哦身體倒是挺誠實的但是太貴的話我們會退訂哦準特斯拉車主有點骨氣好嗎咦,產品性價格面
2023-01-18 14:37:47,討論特斯拉是被台灣市場慣壞的嗎,從消費者觀點來看為什麼特斯拉國外降價台灣不降為什麼日幣貶值豐田還是不降價從國外廠商看台灣為什麼外國車款在台灣關稅收這麼高為什麼台灣車價這麼貴消費者還是接受為什麼台灣沒有出現有競爭力的車款為什麼台灣國產車沒有可以打的如果這樣都能賣得這麼好那台灣車款的售價為什麼要調降呢好不容易台灣出現稍稍打破市場行情真的很希望還有越來越多破壞市場的車款出現這樣車商才會開始想到真的要開始降價賣啊,從消費者觀點來看為什麼特斯拉國外降價台灣不降為什麼日幣貶值豐田還是不降價從國外廠商看台灣為什麼外國車款在台灣關稅收這麼高為什麼台灣車價這麼貴消費者還是接受為什麼台灣沒有出現有競爭力的車款為什麼台灣國產車沒有可以打的如果這樣都能賣得這麼好那台灣車款的售價為什麼要調降呢好不容易台灣出現稍稍打破市場行情真的很希望還有越來越多破壞市場的車款出現這樣車商才會開始想到真的要開始降價賣啊,"使用者體驗、產品性價格面、產品性價格面、安全性能面、投訴方面

**從消費者觀點來看：**

* 特斯拉國外降價台灣不降：台灣消費者可能更關注產品的品質和性能，而不是價格。
* 日幣貶值豐田還是不降價：豐田可能認為日幣貶值並不會影響其在台灣的銷量。
* 外國車款在台灣關稅收這麼高：台灣政府可能對進口車款設定更高的關稅稅率。
* 台灣車價這麼貴：台灣車輛的生產成本可能更高，導致車價更高。

**從國外廠商看：**

* 台灣車款在台灣關稅收這麼高：台灣政府可能對進口車款設定更高的關稅稅率。
* 台灣車價這麼貴：台灣車輛的生產成本可能更高，導致車價更高。

**從消費者觀點來看：**

* 台灣沒有出現有競爭力的車款：台灣的車輛產業可能並沒能生產出與外國車款相競爭的車款。
* 台灣國產車沒有可以打的：台灣國產車可能並沒能符合消費者對車輛的期望。"
2023-01-18 16:15:29,新聞年度突破萬輛電動車銷售,原文連結原文內容臺灣電動車市場在年有著相當強勁的增長全年總市場銷售來到創新高的輛首次突破萬輛的規模比起年的輛成長多達可說是有著超過翻倍的成長也是年全年輛的倍對比年國內國產進口的總市場萬輛規模而言電動車在總市場的佔比已從年提升為成長算是相當迅速而且原先有正式引進電動車產品的品牌也從年的個大幅增加為個主要增加了包含等品牌加入就品牌的排序來看年臺灣電動車市場排名的品牌榜當中依舊稱霸而且品牌首度在臺來到年度破萬輛的規模總計為輛在國內電動車總市場中佔了高達排序第是以輛約佔比的好成績超越其餘一般或豪華品牌對手最主要就是靠與兩大新純電產品助拳而第名的也相當亮眼雖然年初才甫導入純電產品但後續歷經小改款並在年底加入下年度突破輛大關來到輛在年度電動車市場佔比年電動車品牌銷售排名品牌總計輛電動車總市場品牌年度佔比總市場其餘品牌自第名開始則是佔比落在以下以單一車系就繳出輛排名第耕耘國內豪華電動車市場已有一段時日的則各自排名第與第在年加入重量級產品的則是排名第目前國內電動車系最多達款的也以輛排名第而同樣目前都只有單一車系選擇的日系品牌與各佔據第與第名年電動車每月排名一覽排車系名月月月月月月月月月月月月備註無數字代表未進前名年電動車銷售排名年年排名變化位位位而值得一提的另一個現象則是與規格市場車口數的變化從年至年月台灣特斯拉在臺原先舊有採用充電規格的車輛累積數量為輛而從國內新車換為歐規的年月起至年月底車口數已累積到輛在短短約年個月的時間車口數就超越前面年的車口數相關的第三方充電商也會積極布建充電樁來服務新車主甚至像與這類產品也傳出會採用規格都可能讓採用規格電動車在國內的佔比再提升在年以年度累積破萬輛的成績不僅比起先前最佳的年輛還有年的輛更高更成為國內首個年銷突破萬輛大關的電動車品牌超過萬輛的成績可說比起前述的年年一舉接近翻倍對比年台灣特斯拉正式導入國內後的歷年份全年數字包含年的輛年的輛還有車系開始加入國內陣容後年的輛僅花年時間品牌就從數百輛的年銷成長為年銷破萬輛的規模是近幾年國內車市新進品牌的最佳表現單就品牌轎車來看既便年底加入的休旅車系表現相當強勁但年全年銷量最高的依舊是全年繳出新高的輛平均月銷量來到輛而且不僅有次拿下單月電動車榜第也多次單月突破千輛最大宗的就是在月來到輛不過除了年底加入的將影響後續銷量外在全年也多次調漲售價中間開始停售車型到最後更是直接暫時取消的新車接單引進品牌將戰力全數轉移至的態勢相當明顯何時會恢復新車接單有待後續觀察國內在年內最大的驚喜莫過於月底許多車迷期待多時的休旅正式在臺開賣售價為萬起跳低於原先外界預期吸引不少目光並且在月開始正式展開交車台灣特斯拉雖然暫時取消的新車導入但不僅在月初就公布接單破萬張的捷報更擊敗成為單月總市場冠軍在月創下相當驚人的電動車單月掛牌數新高輛包含月掛牌的輛下首批交付達輛助攻品牌的年度銷量一舉突破萬輛大關首批數字中車型為輛車型為輛占比各為不過從年月的交付節奏來看在月前日領牌輛在月日後的領牌節奏明顯放緩並沒有像外界預期來到輛甚至是突破輛大關目前海外也傳出可能推出改款或電池版本甚至海外在年初又陸續在各市場有一波大降價調整導致部分原先下訂車主有延後交車的考量算是品牌在年表現相當強勢的純電旗艦休旅產品全年繳出輛的佳績平均月銷量有達輛其中在年月因為年式大量交車創下單月新高的輛售價在月起調漲萬不等最大馬力匹的則是在月追加總代理汎德更在年月時公布與車系自上市以來截至年月已累計超過張訂單而雖然是在年月發表但受限於原廠生產排程等因素車系最早是在年月才開始有交車甚至因為初期許多訂單集中在導致候車其相當久綜觀全年的領牌數據來看僅交付輛為輛但最大宗的則多達輛車型佔比多達則僅約尤其的續航公里並不太過亮眼原廠能否調整供應量比例將可能影響車系未來在臺的表現排名第的算是表現相當亮眼全年銷量同樣突破輛大關來到輛甚至在年底的月月月都有超過百輛的月銷分別依序為輛輛輛展現相當暢旺的銷售氣勢回顧其車系在年內的變動也算相當大年初初期是導入小改款前的版本而且也僅有單一代號的雙馬達四驅版本而後續在年月導入小改款後原先的車型改稱為並加入單馬達的版本尤其入門來到萬這樣萬內的價格設定足具魅力搭配國內普遍的規格充電讓的接受度相當高與同樣採用平臺打造的自年月上市後就獲得國內電動車消費者極高的關注度因為架構能帶來分鐘快充至的優勢而且在價格的設定上並沒有比起同門的高出太多但包含車內等配備更為豐富加上原廠提供的供應量比起充足讓在年全年交出達輛比起總代理森納美起亞原先預估的首年配額輛更多更比起在全年交付的輛多出輛單月最高銷量落在月大量交車的輛甚至拿下單月電動車銷售冠軍的寶座不過車系也多次因應成本調整售價目前在年的最新售價為萬至萬不等價格帶已與部分豪華品牌電動休旅重疊但總代理森納美起亞相對也加贈一年免費無限快充等方案吸引電動車主購入年全年以輛佳績排名第的受限於年因原廠產能與晶片等供應鏈因素年在國內全年僅交付約輛比起首年銳減約一半單月最高銷量落在月份的輛但名次最高的則是年月以輛拿下單月電動車銷量冠軍而在年內車系最主要的變動除了售價的上調也在年月首度加入最大馬力匹的車型其產品位階介於與之間此外原廠也針對車系推出免費更新的年式軟體最主要針對動力熱能管理通訊娛樂系統等項目調整甚至續航最高提升同門的在全年則繳出輛與同為平臺打造的南陽實業最早在年月就展開預售比起同門的更早但南陽實業最早僅公布首批輛的配額加上首批包含年快充額度轉接器充電樁等贈禮下首批配額在短短時間就已銷售一空後續更有消費者需等待超過年的市場資訊實際上南陽實業也爭取到比起原先輛更多的首年配額全年交付達到輛全年單月交付最高時間點為月的輛當時也拿下電動車榜單月銷售冠軍只不過後續同門仍是爭取到較多的配額兩者年度的交付量有著一定的差距作為首款純電轎車車系的實際上可視為的純電版本但比起燃油的改搭載新世代介面而且加上與的價差並沒有太大同樣吸引到不少電動車消費者的目光尤其車型僅以萬售價就能擁有匹的性能輸出確實擁有一定的產品魅力在年月上市初期就已傳出接單超過張的佳績當時與接單比例接近而綜觀全年的銷售表現也以輛排名第最高單月銷量落在月的輛但月反而僅排至單月第月與月則都有排至第名單月銷量分別為輛與輛而全年掛牌數為輛為輛比例各為休旅雙雄自年月導入國內後透過台灣奧迪積極的在純電領域產品的溝通力度以及持續耕耘充電配套等布局下休旅車系一直在國內純電車市場有著一定的能見度尤其以跑旅造型設定的更是受到許多豪華休旅消費者的喜愛而且若對比年度全年的輛在年繳出輛反而有著約的成長而在年內除車系本身的售價編成變動外車系還在年月追加馬達的性能車型在模式下可輸出最大馬力匹最大扭力公斤米是國內少見的馬達電動車選項身為電動子品牌的最早在年月正式推出大型旗艦電動車而雖然車名中有字樣但卻與第代沒有直接血緣關係而是改採獨立的電動車平臺所打造所以從產的出發點上就已與傳統燃油有著完全不同的考量而車系在年月公布售價正式上市國內僅導入動力以及定位的車型後續台灣賓士針對部分車型改將後座調整套件列為標配來強化產品吸引力車系也是家族年在臺銷售最亮眼者全年繳出輛單月最高銷量落在月的輛但後續對手引進純電轎車接單有近張的規模是否會影響值得後續觀察心得說明字以上佔好像比去年的比例降了不知道哪天會跟黃金交叉還有插電魔居然還能賣輛到底是誰會買啊,原文連結原文內容臺灣電動車市場在年有著相當強勁的增長全年總市場銷售來到創新高的輛首次突破萬輛的規模比起年的輛成長多達可說是有著超過翻倍的成長也是年全年輛的倍對比年國內國產進的總市場萬輛規模而言電動車在總市場的佔比已從年提升為成長算是相當迅速而且原先有正式引進電動車產品的品牌也從年的個大幅增加為個主要增加了包含等品牌加入就品牌的排序來看年臺灣電動車市場排名的品牌榜當中依舊稱霸而且品牌首度在臺來到年度破萬輛的規模總計為輛在國內電動車總市場中佔了高達排序第是以輛約佔比的好成績超越其餘一般或豪華品牌對手最主要就是靠與兩大新純電產品助拳而第名的也相當亮眼雖然年初才甫導入純電產品但後續歷經小改款並在年底加入下年度突破輛大關來到輛在年度電動車市場佔比年電動車品牌銷售排名品牌總計輛電動車總市場品牌年度佔比總市場其餘品牌自第名開始則是佔比落在以下以單一車系就繳出輛排名第耕耘國內豪華電動車市場已有一段時日的則各自排名第與第在年加入重量級產品的則是排名第目前國內電動車系最多達款的也以輛排名第而同樣目前都只有單一車系選擇的日系品牌與各佔據第與第名年電動車每月排名一覽排車系名月月月月月月月月月月月月備註無數字代表未進前名年電動車銷售排名年年排名變化位位位而值得一提的另一個現象則是與規格市場車數的變化從年至年月台灣特斯拉在臺原先舊有採用充電規格的車輛累積數量為輛而從國內新車換為歐規的年月起至年月底車數已累積到輛在短短約年個月的時間車數就超越前面年的車數相關的第三方充電商也會積極布建充電樁來服務新車主甚至像與這類產品也傳出會採用規格都可能讓採用規格電動車在國內的佔比再提升在年以年度累積破萬輛的成績不僅比起先前最佳的年輛還有年的輛更高更成為國內首個年銷突破萬輛大關的電動車品牌超過萬輛的成績可說比起前述的年年一舉接近翻倍對比年台灣特斯拉正式導入國內後的歷年份全年數字包含年的輛年的輛還有車系開始加入國內陣容後年的輛僅花年時間品牌就從數百輛的年銷成長為年銷破萬輛的規模是近幾年國內車市新進品牌的最佳表現單就品牌轎車來看既便年底加入的休旅車系表現相當強勁但年全年銷量最高的依舊是全年繳出新高的輛平均月銷量來到輛而且不僅有次拿下單月電動車榜第也多次單月突破千輛最大宗的就是在月來到輛不過除了年底加入的將影響後續銷量外在全年也多次調漲售價中間開始停售車型到最後更是直接暫時取消的新車接單引進品牌將戰力全數轉移至的態勢相當明顯何時會恢復新車接單有待後續觀察國內在年內最大的驚喜莫過於月底許多車迷期待多時的休旅正式在臺開賣售價為萬起跳低於原先外界預期吸引不少目光並且在月開始正式展開交車台灣特斯拉雖然暫時取消的新車導入但不僅在月初就公布接單破萬張的捷報更擊敗成為單月總市場冠軍在月創下相當驚人的電動車單月掛牌數新高輛包含月掛牌的輛下首批交付達輛助攻品牌的年度銷量一舉突破萬輛大關首批數字中車型為輛車型為輛占比各為不過從年月的交付節奏來看在月前日領牌輛在月日後的領牌節奏明顯放緩並沒有像外界預期來到輛甚至是突破輛大關目前海外也傳出可能推出改款或電池版本甚至海外在年初又陸續在各市場有一波大降價調整導致部分原先下訂車主有延後交車的考量算是品牌在年表現相當強勢的純電旗艦休旅產品全年繳出輛的佳績平均月銷量有達輛其中在年月因為年式大量交車創下單月新高的輛售價在月起調漲萬不等最大馬力匹的則是在月追加總代理汎德更在年月時公布與車系自上市以來截至年月已累計超過張訂單而雖然是在年月發表但受限於原廠生產排程等因素車系最早是在年月才開始有交車甚至因為初期許多訂單集中在導致候車其相當久綜觀全年的領牌數據來看僅交付輛為輛但最大宗的則多達輛車型佔比多達則僅約尤其的續航公里並不太過亮眼原廠能否調整供應量比例將可能影響車系未來在臺的表現排名第的算是表現相當亮眼全年銷量同樣突破輛大關來到輛甚至在年底的月月月都有超過百輛的月銷分別依序為輛輛輛展現相當暢旺的銷售氣勢回顧其車系在年內的變動也算相當大年初初期是導入小改款前的版本而且也僅有單一代號的雙馬達四驅版本而後續在年月導入小改款後原先的車型改稱為並加入單馬達的版本尤其入門來到萬這樣萬內的價格設定足具魅力搭配國內普遍的規格充電讓的接受度相當高與同樣採用平臺打造的自年月上市後就獲得國內電動車消費者極高的關注度因為架構能帶來分鐘快充至的優勢而且在價格的設定上並沒有比起同門的高出太多但包含車內等配備更為豐富加上原廠提供的供應量比起充足讓在年全年交出達輛比起總代理森納美起亞原先預估的首年配額輛更多更比起在全年交付的輛多出輛單月最高銷量落在月大量交車的輛甚至拿下單月電動車銷售冠軍的寶座不過車系也多次因應成本調整售價目前在年的最新售價為萬至萬不等價格帶已與部分豪華品牌電動休旅重疊但總代理森納美起亞相對也加贈一年免費無限快充等方案吸引電動車主購入年全年以輛佳績排名第的受限於年因原廠產能與晶片等供應鏈因素年在國內全年僅交付約輛比起首年銳減約一半單月最高銷量落在月份的輛但名次最高的則是年月以輛拿下單月電動車銷量冠軍而在年內車系最主要的變動除了售價的上調也在年月首度加入最大馬力匹的車型其產品位階介於與之間此外原廠也針對車系推出免費更新的年式軟體最主要針對動力熱能管理通訊娛樂系統等項目調整甚至續航最高提升同門的在全年則繳出輛與同為平臺打造的南陽實業最早在年月就展開預售比起同門的更早但南陽實業最早僅公布首批輛的配額加上首批包含年快充額度轉接器充電樁等贈禮下首批配額在短短時間就已銷售一空後續更有消費者需等待超過年的市場資訊實際上南陽實業也爭取到比起原先輛更多的首年配額全年交付達到輛全年單月交付最高時間點為月的輛當時也拿下電動車榜單月銷售冠軍只不過後續同門仍是爭取到較多的配額兩者年度的交付量有著一定的差距作為首款純電轎車車系的實際上可視為的純電版本但比起燃油的改搭載新世代介面而且加上與的價差並沒有太大同樣吸引到不少電動車消費者的目光尤其車型僅以萬售價就能擁有匹的性能輸出確實擁有一定的產品魅力在年月上市初期就已傳出接單超過張的佳績當時與接單比例接近而綜觀全年的銷售表現也以輛排名第最高單月銷量落在月的輛但月反而僅排至單月第月與月則都有排至第名單月銷量分別為輛與輛而全年掛牌數為輛為輛比例各為休旅雙雄自年月導入國內後透過台灣奧迪積極的在純電領域產品的溝通力度以及持續耕耘充電配套等布局下休旅車系一直在國內純電車市場有著一定的能見度尤其以跑旅造型設定的更是受到許多豪華休旅消費者的喜愛而且若對比年度全年的輛在年繳出輛反而有著約的成長而在年內除車系本身的售價編成變動外車系還在年月追加馬達的性能車型在模式下可輸出最大馬力匹最大扭力公斤米是國內少見的馬達電動車選項身為電動子品牌的最早在年月正式推出大型旗艦電動車而雖然車名中有字樣但卻與第代沒有直接血緣關係而是改採獨立的電動車平臺所打造所以從產的出發點上就已與傳統燃油有著完全不同的考量而車系在年月公布售價正式上市國內僅導入動力以及定位的車型後續台灣賓士針對部分車型改將後座調整套件列為標配來強化產品吸引力車系也是家族年在臺銷售最亮眼者全年繳出輛單月最高銷量落在月的輛但後續對手引進純電轎車接單有近張的規模是否會影響值得後續觀察心得說明字以上佔好像比去年的比例降了不知道哪天會跟黃金交叉還有插電魔居然還能賣輛到底是誰會買啊,"使用者體驗

說明：該段文字表達了使用者對特斯拉電動車在低溫時電池耗電速度快的困擾。"
2023-01-18 16:57:56,問題不是號稱首批分鐘完售嗎,請問各位鄉民不是號稱首批分鐘完售嗎新聞也說豐田國內首批台完售半天訂單就破張人生最厲害就是這個剛一份資料顯示年電動車品牌銷售排名品牌總計輛電動車總市場品牌年度佔比總市場樓有沒有八卦,請問各位鄉民不是號稱首批分鐘完售嗎新聞也說豐田國內首批台完售半天訂單就破張人生最厲害就是這個剛一份資料顯示年電動車品牌銷售排名品牌總計輛電動車總市場品牌年度佔比總市場樓有沒有八卦,"使用者體驗

這段文字並未包含與產品性價格面、產品性能面或產品銷量相關的資訊。因此，無法根據所給定的分類將其進行分類。"
2023-01-18 17:41:01,新聞工程師證實特斯拉自動駕駛宣傳影片造,原文連結原文內容鉅亨新聞工程師證實特斯拉自動駕駛宣傳影片造假鉅亨網編譯羅昀玫工程師證實特斯拉自動駕駛宣傳影片造假圖片特斯拉電動汽車自動駕駛外媒週二日報導特斯拉執行長馬斯克曾在年透過一支影片宣傳特斯拉汽車能夠自動駕駛的證據吹噓這可能比人類司機更好但一位特斯拉資深工程師證實影片內容造假年發生一起特斯拉交通致死事故歲台裔蘋果工程師不幸身亡死者家屬年向美國加州高等法院對特斯拉提起訴訟指控特斯拉自動輔助駕駛系統有缺陷針對這起訴訟特斯拉自動駕駛軟體總監出庭作證指出特斯拉在年造假一支影片來宣傳特斯拉汽車能自動駕駛的證據但實際上當時的特斯拉汽車不具備在紅燈時自動停車在綠燈時加速等功能特斯拉在年造假一支影片來宣傳特斯拉汽車能自動駕駛圖片翻攝特斯拉官網特斯拉官網上還保留這段年的宣傳影片內容展示特斯拉汽車自動行駛完全沒有人為介入的情況下穿過城市街道到高速公路再到街道然後找到一個停車位坐在駕駛座上的人只是基於守法原因坐在那裡他什麼也沒做汽車是自動駕駛的指出這支影片是應馬斯克的要求特斯拉自動駕駛團隊設計和錄製一個系統能力宣傳片特斯拉在預定的路線上使用投影技術司機在行駛過程中人為介入控制透露當時拍攝測試車進行自動停車時這款車還撞到特斯拉停車場的柵欄上認為在沒有任何免責聲明或特別標註星號的情況下播放這段影片顯然有誤導消費者的可能性這是首次有特斯拉員工證實並詳述特斯拉偽造自動駕駛技術影片的過程特斯拉近期降價利多刺激下特斯拉週二暴漲至每股美元心得說明字以上不知道有多少人被特斯拉的廣告誤導以為特斯拉真的可以自動駕駛說真的特斯拉是很不錯的代步工具但是長期以來一直宣傳說特斯拉可以自動駕駛一般消費者很容易被誤導吧或許特斯拉的輔助駕駛功能在所有車廠裡面是最好的但說成自動駕駛就有欺騙消費者的嫌疑了原文及網址連結心得或意見字不含標點符號,原文連結原文內容鉅亨新聞工程師證實特斯拉自動駕駛宣傳影片造假鉅亨網編譯羅昀玫工程師證實特斯拉自動駕駛宣傳影片造假圖片特斯拉電動汽車自動駕駛外媒週二日報導特斯拉執行長馬斯克曾在年透過一支影片宣傳特斯拉汽車能夠自動駕駛的證據吹噓這可能比人類司機更好但一位特斯拉資深工程師證實影片內容造假年發生一起特斯拉交通致死事故歲台裔蘋果工程師不幸身亡死者家屬年向美國加州高等法院對特斯拉提起訴訟指控特斯拉自動輔助駕駛系統有缺陷針對這起訴訟特斯拉自動駕駛軟體總監出庭作證指出特斯拉在年造假一支影片來宣傳特斯拉汽車能自動駕駛的證據但實際上當時的特斯拉汽車不具備在紅燈時自動停車在綠燈時加速等功能特斯拉在年造假一支影片來宣傳特斯拉汽車能自動駕駛圖片翻攝特斯拉官網特斯拉官網上還保留這段年的宣傳影片內容展示特斯拉汽車自動行駛完全沒有人為介入的情況下穿過城市街道到高速公路再到街道然後找到一個停車位坐在駕駛座上的人只是基於守法原因坐在那裡他什麼也沒做汽車是自動駕駛的指出這支影片是應馬斯克的要求特斯拉自動駕駛團隊設計和錄製一個系統能力宣傳片特斯拉在預定的路線上使用投影技術司機在行駛過程中人為介入控制透露當時拍攝測試車進行自動停車時這款車還撞到特斯拉停車場的柵欄上認為在沒有任何免責聲明或特別標註星號的情況下播放這段影片顯然有誤導消費者的可能性這是首次有特斯拉員工證實並詳述特斯拉偽造自動駕駛技術影片的過程特斯拉近期降價利多刺激下特斯拉週二暴漲至每股美元心得說明字以上不知道有多少人被特斯拉的廣告誤導以為特斯拉真的可以自動駕駛說真的特斯拉是很不錯的代步工具但是長期以來一直宣傳說特斯拉可以自動駕駛一般消費者很容易被誤導吧或許特斯拉的輔助駕駛功能在所有車廠裡面是最好的但說成自動駕駛就有欺騙消費者的嫌疑了原文及網址連結心得或意見字不含標點符號,安全性能面
2023-01-18 19:01:45,討論車子有議價空間是不是才是正解,特斯拉搞不二價制度降價就被罵但傳統油車有議價空間還不是等於降價只是沒去看車的人看不太出來而已例如以前有陣子可以折到三四十萬雙有時候也折很大這樣傳統車廠賣車可以保留彈性又不會明顯降價被罵所以不二價是不是自找麻煩,特斯拉搞不二價制度降價就被罵但傳統油車有議價空間還不是等於降價只是沒去看車的人看不太出來而已例如以前有陣子可以折到三四十萬雙有時候也折很大這樣傳統車廠賣車可以保留彈性又不會明顯降價被罵所以不二價是不是自找麻煩,"產品性價格面

這段文字批評特斯拉的「不二價制度」，認為其降價策略並非完美。作者認為，傳統油車也有議價空間，而特斯拉的降價並非完全考慮了這一點。"
2023-01-19 00:44:36,討論特斯拉是被台灣市場慣壞的嗎,是說這種月經文我在車板早就看到麻痺了內容不外乎就是國外車多便宜台灣多貴如果還算上牌照和燃料稅之類的開車成本更是高至少從我有意識到這問題十幾年來好似也沒有辨法改變我覺得真有心玩車的人就只有移民一途不然就事倍功半的留在台灣吧,是說這種月經文我在車板早就看到麻痺了內容不外乎就是國外車多便宜台灣多貴如果還算上牌照和燃料稅之類的開車成本更是高至少從我有意識到這問題十幾年來好似也沒有辨法改變我覺得真有心玩車的人就只有移民一途不然就事倍功半的留在台灣吧,"產品性價格面

該文本的作者認為，國外電動車比台灣更便宜，並認為台灣的電動車開車成本很高。"
2023-01-19 01:55:15,討論特斯拉是被台灣市場慣壞的嗎,馬斯克賣車是當消費性電子一樣操作中國需求下降早就不是一兩個月的事情但還是硬拖到一月初才降價為啥就產能跟效率都是緩步爬升的所以需求放緩的同時還有很多訂單一時之間沒交完月底中國只剩下台左右北美則是沒有積累訂單那一月不降更待何時台灣我個人認為降價是必定的但啥時要降也是等特手上訂單交的差不多所以那些已經付的恐怕是穩穩要賠給馬斯克了因為現在還沒訂車的絕對是觀望不會下訂等降價等改款裝回雷達這兩點任一點都是很大的誘因那越多人觀望不下越多人賠給特斯拉訂單消化的速度就越慢那特就會越晚降價,馬斯克賣車是當消費性電子一樣操作中國需求下降早就不是一兩個月的事情但還是硬拖到一月初才降價為啥就產能跟效率都是緩步爬升的所以需求放緩的同時還有很多訂單一時之間沒交完月底中國只剩下台左右北美則是沒有積累訂單那一月不降更待何時台灣我個人認為降價是必定的但啥時要降也是等特手上訂單交的差不多所以那些已經付的恐怕是穩穩要賠給馬斯克了因為現在還沒訂車的絕對是觀望不會下訂等降價等改款裝回雷達這兩點任一點都是很大的誘因那越多人觀望不下越多人賠給特斯拉訂單消化的速度就越慢那特就會越晚降價,產品性價格面
2023-01-19 20:49:46,問題為什麼台灣國產車可以一直漲價啊,最近特斯拉降價的消息很熱門中國電車也跟著降價了甚至連接近價位的也有降價的消息出來結果反觀台灣國產車全部漲連根本沒什麼人想買的納智捷都漲不是啊到底為什麼啊不懂耶別人降價我們漲價到底是怎樣進口車要凹就算了國產車都被各種保護了為什麼台灣國產車可以一直漲價啊,最近特斯拉降價的消息很熱門中國電車也跟著降價了甚至連接近價位的也有降價的消息出來結果反觀台灣國產車全部漲連根本沒什麼人想買的納智捷都漲不是啊到底為什麼啊不懂耶別人降價我們漲價到底是怎樣進車要凹就算了國產車都被各種保護了為什麼台灣國產車可以一直漲價啊,產品性價格面
2023-01-19 23:54:47,新聞影片造假工程師爆料年拍攝是用演,原文連結原文內容如今電動車銷售龍頭最吸引人的功能之一便是駕駛輔助系統尤其早在年時就透過影片宣傳的強大甚至以駕駛放開雙手來強調便利性但總監卻爆料年的影片其實是假的早在年的宣傳影片中就出現一輛在城市郊區與高速公路上行駛並且能在紅燈時自動停下綠燈加速通過甚至標語中寫著駕駛是出於法律因素才必須坐在駕駛座實際上什麼都不必做此影片當時成功吸引許多消費者目光但隨著多起事故已經證實該系統仍屬於駕駛輔助範疇並未達到全自動駕駛同時總監指出年的宣傳影片其實是假的影片中的是在預定路線上使用地圖進行導航另外表示當時這段影片的拍攝過程不僅要事先規劃好路線甚至車內司機也有介入操作尤其是原本打算讓在沒有司機的情況下完成自動停車時其中一輛測試車直接撞上停車場的柵欄因此後來都由司機介入完成當初製作這段影片的目的解釋是要強調未來將具備的功能而非年就可以立即使用但影片公布後執行長卻直言已經能實現自動駕駛不需要司機干預甚至可以自動找到停車位心得說明字以上讓子彈多飛一會兒雖然我是電黑特黑但是我覺得這傢伙應該就是想紅而已,原文連結原文內容如今電動車銷售龍頭最吸引人的功能之一便是駕駛輔助系統尤其早在年時就透過影片宣傳的強大甚至以駕駛放開雙手來強調便利性但總監卻爆料年的影片其實是假的早在年的宣傳影片中就出現一輛在城市郊區與高速公路上行駛並且能在紅燈時自動停下綠燈加速通過甚至標語中寫著駕駛是出於法律因素才必須坐在駕駛座實際上什麼都不必做此影片當時成功吸引許多消費者目光但隨著多起事故已經證實該系統仍屬於駕駛輔助範疇並未達到全自動駕駛同時總監指出年的宣傳影片其實是假的影片中的是在預定路線上使用地圖進行導航另外表示當時這段影片的拍攝過程不僅要事先規劃好路線甚至車內司機也有介入操作尤其是原本打算讓在沒有司機的情況下完成自動停車時其中一輛測試車直接撞上停車場的柵欄因此後來都由司機介入完成當初製作這段影片的目的解釋是要強調未來將具備的功能而非年就可以立即使用但影片公布後執行長卻直言已經能實現自動駕駛不需要司機干預甚至可以自動找到停車位心得說明字以上讓子彈多飛一會兒雖然我是電黑特黑但是我覺得這傢伙應該就是想紅而已,安全性能面
2023-01-20 08:38:23,問題為什麼台灣國產車可以一直漲價啊,因為車商都有默契啦一家喊漲其他過幾天也漲雙是每年都漲或價格不變但是拔裝備幾年前特斯拉降價應該是因為剛來台灣其他車商沒有先和特講好默契特粉想要降價應該要寫信給美國總部或在馬斯克的推特留言開幹台灣車商只能影響台特高層沒資格和馬哈拉其他的慣例有進口商品在台灣售價大概就是外國的倍就連蝦皮上的淘寶貨價格也常常是淘寶定價的倍個人懷疑這是台灣貿易商留下來的慣例台灣的定價先以外國定價的兩倍為準,因為車商都有默契啦一家喊漲其他過幾天也漲雙是每年都漲或價格不變但是拔裝備幾年前特斯拉降價應該是因為剛來台灣其他車商沒有先和特講好默契特粉想要降價應該要寫信給美國總部或在馬斯克的推特留言開幹台灣車商只能影響台特高層沒資格和馬哈拉其他的慣例有進商品在台灣售價大概就是外國的倍就連蝦皮上的淘寶貨價格也常常是淘寶定價的倍個人懷疑這是台灣貿易商留下來的慣例台灣的定價先以外國定價的兩倍為準,"使用者體驗

這段文字主要針對特斯拉的價格政策進行討論，並認為特斯拉在台灣的定價方式存在一些問題。因此，這段文字的分類應為使用者體驗。"
2023-01-20 13:29:57,新聞驚險特斯拉蛇行秒國道遇右車突切險,原文連結原文內容驚險特斯拉蛇行秒國道遇右車突切險自撞記者洪浚緯攝影林亞男報導發佈時間最後更新時間有特斯拉新手車主花了近萬買最新剛上路不到一個月日前行駛國道最內側開自動輔助駕駛遇到右線有車輛和他同時要切入中線但對方突然加速車主直覺拉了方向盤卻讓車輛失控打滑驚險八秒鐘左搖右晃蛇行差點自撞分隔島專家提醒變換車道一定要確認左右沒車不要完全相信系統特斯拉車主想到往右切進中線但下一秒先抖動一下接著左偏再向右衝又差點撞上左側分隔島拉回又往右左搖右晃後才總算穩定下來最後繼續開在國道最內側但短短八秒鐘差點出車禍特斯拉車主姜先生左打一點點而已整個那個方向盤就是有一種外力好像幫我扭動然後就轉很多右邊好像它系統又介入很多然後又趕快再把它轉回來這一來一往車子打滑所幸沒被後車追撞也沒自撞事發在月日早上八點多國道一號南下泰山林口路段當時特斯拉和右側車幾乎平行右車加速左切中線等於兩台車同時匯入特斯拉車主姜先生我有稍微等它一下讓它自己作動可是我覺得有點害怕我就自己習慣上人的反射動作先轉方向盤我車上的水杯那些全部都什麼線啊全部都掉出來特斯拉車主花近萬買最新交車不到一個月當時有開自動輔助駕駛手也沒離開方向盤雖然有瞄到右側來車但還是差點出意外電動車發展促進協會顧問陳禹伯特斯拉發現有車要匯入車道它就回到原來的線道但是車主同時的抓了方向盤抓了太大力如果沒有車子再讓車輛變換車道如果旁邊有車的話不要讓自動輔助駕駛來擔這個風險因為它不是全自動駕駛專家說任何時候都能取消只要輕微動方向盤或碰一下煞車但提醒動作不能太大不然車輛可能失控另外年特斯拉曾有廣告宣傳自動駕駛但宣稱能判斷紅綠燈有道路自主行駛找停車位停車都被前軟體總監證實是人為干預路線事先設定非當時具備的水準雖然目前特斯拉都已經有這些功能但當時的不實廣告還是在電動車界引發討論心得說明字以上所以是駕駛和車子如果同時搶主控權就有可能失控的意思嗎像新聞中的案例如果駕駛已經操控方向盤了還不能像平常手動駕駛一樣得要輕輕碰,原文連結原文內容驚險特斯拉蛇行秒國道遇右車突切險自撞記者洪浚緯攝影林亞男報導發佈時間最後更新時間有特斯拉新手車主花了近萬買最新剛上路不到一個月日前行駛國道最內側開自動輔助駕駛遇到右線有車輛和他同時要切入中線但對方突然加速車主直覺拉了方向盤卻讓車輛失控打滑驚險八秒鐘左搖右晃蛇行差點自撞分隔島專家提醒變換車道一定要確認左右沒車不要完全相信系統特斯拉車主想到往右切進中線但下一秒先抖動一下接著左偏再向右衝又差點撞上左側分隔島拉回又往右左搖右晃後才總算穩定下來最後繼續開在國道最內側但短短八秒鐘差點出車禍特斯拉車主姜先生左打一點點而已整個那個方向盤就是有一種外力好像幫我扭動然後就轉很多右邊好像它系統又介入很多然後又趕快再把它轉回來這一來一往車子打滑所幸沒被後車追撞也沒自撞事發在月日早上八點多國道一號南下泰山林路段當時特斯拉和右側車幾乎平行右車加速左切中線等於兩台車同時匯入特斯拉車主姜先生我有稍微等它一下讓它自己作動可是我覺得有點害怕我就自己習慣上人的反射動作先轉方向盤我車上的水杯那些全部都什麼線啊全部都掉出來特斯拉車主花近萬買最新交車不到一個月當時有開自動輔助駕駛手也沒離開方向盤雖然有瞄到右側來車但還是差點出意外電動車發展促進協會顧問陳禹伯特斯拉發現有車要匯入車道它就回到原來的線道但是車主同時的抓了方向盤抓了太大力如果沒有車子再讓車輛變換車道如果旁邊有車的話不要讓自動輔助駕駛來擔這個風險因為它不是全自動駕駛專家說任何時候都能取消只要輕微動方向盤或碰一下煞車但提醒動作不能太大不然車輛可能失控另外年特斯拉曾有廣告宣傳自動駕駛但宣稱能判斷紅綠燈有道路自主行駛找停車位停車都被前軟體總監證實是人為干預路線事先設定非當時具備的水準雖然目前特斯拉都已經有這些功能但當時的不實廣告還是在電動車界引發討論心得說明字以上所以是駕駛和車子如果同時搶主控權就有可能失控的意思嗎像新聞中的案例如果駕駛已經操控方向盤了還不能像平常手動駕駛一樣得要輕輕碰,安全性能面
2023-01-20 15:28:44,新聞出師不利豐田想提高電動車,出師不利豐田想提高電動車銷量遇上前所未見的挑戰經濟日報編譯季晶晶綜合外電金融時報報導豐田汽車租賃業務服務部門的總裁警告全球最大車廠提升電動車銷售的努力正面臨前所未見的挑戰該公司很可能連續第二年未能達成已經訂得很低的目標豐田第一輛大規模生產的純電動車前景黯淡這款車月推出才幾周就被召回知情人士表示豐田將改革其電動車計畫不像競爭對手只仰賴電動車豐田的成長策略是推動油電混合動力車因為它認為基於電力限制和可負擔性的問題並非每個國家都能推廣電動車投資人向豐田施壓要求修正戰略出師不利加劇外界對在解決可能導致輪胎脫落的螺栓問題後該公司在月恢復生產受訪時說豐田的處境前所未見的困難召回使得上市偏離軌道他表示無法在第一年或次年達成豐田的年度銷售目標要在國內市場賣出輛日本之外這款電動車在美國歐洲和中國大陸也有售豐田也將重新檢視電動車製造流程使其更具成本效益雖然降低成本一直是豐田的強項但是東海東京證券資深分析師說豐田有可能不知道如何降低電動車的成本心得說明字以上當初吹牛吹很大說什麼特斯拉殺手首批台完售半天訂單就破張買高麗菜的概念一出手都給你賣就好了年電動車品牌銷售排名品牌總計輛電動車總市場品牌年度佔比總市場,出師不利豐田想提高電動車銷量遇上前所未見的挑戰經濟日報編譯季晶晶綜合外電金融時報報導豐田汽車租賃業務服務部門的總裁警告全球最大車廠提升電動車銷售的努力正面臨前所未見的挑戰該公司很可能連續第二年未能達成已經訂得很低的目標豐田第一輛大規模生產的純電動車前景黯淡這款車月推出才幾周就被召回知情人士表示豐田將改革其電動車計畫不像競爭對手只仰賴電動車豐田的成長策略是推動油電混合動力車因為它認為基於電力限制和可負擔性的問題並非每個國家都能推廣電動車投資人向豐田施壓要求修正戰略出師不利加劇外界對在解決可能導致輪胎脫落的螺栓問題後該公司在月恢復生產受訪時說豐田的處境前所未見的困難召回使得上市偏離軌道他表示無法在第一年或次年達成豐田的年度銷售目標要在國內市場賣出輛日本之外這款電動車在美國歐洲和中國大陸也有售豐田也將重新檢視電動車製造流程使其更具成本效益雖然降低成本一直是豐田的強項但是東海東京證券資深分析師說豐田有可能不知道如何降低電動車的成本心得說明字以上當初吹牛吹很大說什麼特斯拉殺手首批台完售半天訂單就破張買高麗菜的概念一出手都給你賣就好了年電動車品牌銷售排名品牌總計輛電動車總市場品牌年度佔比總市場,"投訴方面

原因：文本中指責豐田汽車租賃業務服務部門的總裁警告全球最大車廠提升電動車銷售的努力面臨前所未見的挑戰，並表示豐田很可能連續第二年未能達成已經訂得很低的目標。"
2023-01-22 15:09:04,分享年,首就獻給車版文略長且圖多前言一直以來都有一個手排敞篷車的夢可是能選擇且負擔得起的車也並不多雖然的也很靚麗可是並不會讓人很驚豔前年無意中看到某買了台就深深的被吸引住也就從那時候慢慢的在找二手車這種冷門的二手車真的不好找而且價格也都很高後來在彰化的一間車商入手這一輛年出廠的車里程數也僅僅只有公里出頭沒打錯真的只有花費回原廠將全車的油水都更換一遍總共花費左右另外來令片也有報價約不過因為還有一半的關係也就沒做更換前車主貼的隔熱紙是在是太黑兩側貼的透光率因此重貼前檔與兩側冰鑽也花保險費約初心得車長可以說是我看過最小的一台車還比她多了不過以我公分公斤的身材來開這台車雖然稍嫌點擁擠但腿部頭部的空間還算是很充裕雖然這台車的外型非常像一台超跑其實她只是用跟同顆引擎的缸車也讓平均的油耗有到左右原車匹再加上原廠加裝的機械增壓馬力也就僅有初的扭力加上追求極致的輕整車只有多公斤重使操控起來非常的靈活自年月入手到現在約行駛了多公里其中包括雲林恆春的單日來回不得不說腰真的非常的酸平常上下車可以說是躺著進去爬著出來很不方便而且因爲無助力的方向盤讓停車時非常的痛苦路感部分高情商說法是路感清晰反之則是顛的飛起是一台名副其實的爛路測試車每過一個小小的坑洞都可以讓我的方向盤抖來抖去而且都會以為有什麼零件從車上解體曾經以為特斯拉高速隔音已經很差了但這台車從四面八方的傳來聲響可以說是毫無隔音可言說了那麼多的缺點也不妨礙我喜歡她想要極致存粹的駕駛那就非這台車莫屬鮮少的電子配備令駕駛者可以完完全全的掌控在手中想熱血的時候也得益於低坐姿以及引擎就在身後轟轟作響同樣的車速下體感遠高於其他的車令人感到血脈賁張短軸距且前後皆是雙臂讓人在過彎的時候更加有信心其稀有性更是令她獨樹一格想悠閒的時候也可以敞著篷悠悠哉哉的行駛在海邊亦或是山上享受著微風徐徐的吹來可以說是兩者兼得下面就分享一些內裝外觀以及單純的曬照片無助力且無法調整的方向盤音響可以說是全車最豪華的配備速的手排毫無掩飾的鋁合金車架車內視角雖然是台中置後驅車但她並沒有前行李箱手動的敞篷下雨時就看熟練的速度了與同顆引擎基本上只拿來放蓬的後行李箱加裝的尾翼中出排氣管前後的胎不得不吐槽一下卡鉗非常之小單純曬照家族合照總結如果能接受其缺點那想要入手一台也不妨可以考慮一下這台小巧的萬內的車價搭配其外觀可說是非常的物超所值加上已停產令她更具有收藏的價值雖然邁向電動化的失去了對於輕的追求不過也希望此舉能重振這個載浮載沉且曾經與法拉利保時捷齊名的超跑車廠英國蓮花最後祝大家新年快樂每個人都買的起自己的,首就獻給車版文略長且圖多前言一直以來都有一個手排敞篷車的夢可是能選擇且負擔得起的車也並不多雖然的也很靚麗可是並不會讓人很驚豔前年無意中看到某買了台就深深的被吸引住也就從那時候慢慢的在找二手車這種冷門的二手車真的不好找而且價格也都很高後來在彰化的一間車商入手這一輛年出廠的車里程數也僅僅只有公里出頭沒打錯真的只有花費回原廠將全車的油水都更換一遍總共花費左右另外來令片也有報價約不過因為還有一半的關係也就沒做更換前車主貼的隔熱紙是在是太黑兩側貼的透光率因此重貼前檔與兩側冰鑽也花保險費約初心得車長可以說是我看過最小的一台車還比她多了不過以我公分公斤的身材來開這台車雖然稍嫌點擁擠但腿部頭部的空間還算是很充裕雖然這台車的外型非常像一台超跑其實她只是用跟同顆引擎的缸車也讓平均的油耗有到左右原車匹再加上原廠加裝的機械增壓馬力也就僅有初的扭力加上追求極致的輕整車只有多公斤重使操控起來非常的靈活自年月入手到現在約行駛了多公里其中包括雲林恆春的單日來回不得不說腰真的非常的酸平常上下車可以說是躺著進去爬著出來很不方便而且因爲無助力的方向盤讓停車時非常的痛苦路感部分高情商說法是路感清晰反之則是顛的飛起是一台名副其實的爛路測試車每過一個小小的坑洞都可以讓我的方向盤抖來抖去而且都會以為有什麼零件從車上解體曾經以為特斯拉高速隔音已經很差了但這台車從四面八方的傳來聲響可以說是毫無隔音可言說了那麼多的缺點也不妨礙我喜歡她想要極致存粹的駕駛那就非這台車莫屬鮮少的電子配備令駕駛者可以完完全全的掌控在手中想熱血的時候也得益於低坐姿以及引擎就在身後轟轟作響同樣的車速下體感遠高於其他的車令人感到血脈賁張短軸距且前後皆是雙臂讓人在過彎的時候更加有信心其稀有性更是令她獨樹一格想悠閒的時候也可以敞著篷悠悠哉哉的行駛在海邊亦或是山上享受著微風徐徐的吹來可以說是兩者兼得下面就分享一些內裝外觀以及單純的曬照片無助力且無法調整的方向盤音響可以說是全車最豪華的配備速的手排毫無掩飾的鋁合金車架車內視角雖然是台中置後驅車但她並沒有前行李箱手動的敞篷下雨時就看熟練的速度了與同顆引擎基本上只拿來放蓬的後行李箱加裝的尾翼中出排氣管前後的胎不得不吐槽一下卡鉗非常之小單純曬照家族合照總結如果能接受其缺點那想要入手一台也不妨可以考慮一下這台小巧的萬內的車價搭配其外觀可說是非常的物超所值加上已停產令她更具有收藏的價值雖然邁向電動化的失去了對於輕的追求不過也希望此舉能重振這個載浮載沉且曾經與法拉利保時捷齊名的超跑車廠英國蓮花最後祝大家新年快樂每個人都買的起自己的,"使用者體驗

主旨：作者對特斯拉手排敞篷車的ownership體驗。"
2023-01-23 08:34:17,討論特斯拉全球大降價只有台灣等三國沒講,上圖是全球特斯拉的降價表格只有台灣香港泰國沒有降價台灣的特斯拉價格好像也是名列前茅這等於說台灣的特斯拉價格又貴又沒降價是什麼原因造成特斯拉對台灣特別照顧是消費者慣壞了還是什麼原因坦白講有點扯,上圖是全球特斯拉的降價表格只有台灣香港泰國沒有降價台灣的特斯拉價格好像也是名列前茅這等於說台灣的特斯拉價格又貴又沒降價是什麼原因造成特斯拉對台灣特別照顧是消費者慣壞了還是什麼原因坦白講有點扯,"使用者體驗

該文本表示作者對特斯拉在台灣的價格政策感到困惑，認為特斯拉對台灣沒有特別照顧，而是因為消費者慣壞而沒有降低價格。"
2023-01-23 10:46:58,討論特斯拉全球大降價只有台灣等三國沒降,其實怪特斯拉在台灣沒降價不太對看看其他油車進口車很穩定的台灣比歐美貴快兩倍但台灣人都很習慣了特斯拉原本的溢價就比進口油車少很多了現在相對溢價變高只是比較接近油車的溢價而已所以與其怪特斯拉不降價不如怪政府的政策讓車商不夠競爭會不會降價根本不是成本的關係看中國就知道只要競爭激烈就會降價甚至賠錢賣也要殺紅眼去賣特斯拉是會跑的產品看其他的例子例如面板就知道只要工廠蓋了賠錢賣也是要賣因為不賣賠更多,其實怪特斯拉在台灣沒降價不太對看看其他油車進車很穩定的台灣比歐美貴快兩倍但台灣人都很習慣了特斯拉原本的溢價就比進油車少很多了現在相對溢價變高只是比較接近油車的溢價而已所以與其怪特斯拉不降價不如怪政府的政策讓車商不夠競爭會不會降價根本不是成本的關係看中國就知道只要競爭激烈就會降價甚至賠錢賣也要殺紅眼去賣特斯拉是會跑的產品看其他的例子例如面板就知道只要工廠蓋了賠錢賣也是要賣因為不賣賠更多,使用者體驗
2023-01-23 13:44:07,討論特斯拉全球大降價只有台灣等三國沒降,假設一台台特報關成本好了你三千個待交車車主損失台幣不交車台特的存貨成本是億起跳放著一天老馬就頭皮發麻一天跟他拼降價搞不好省個幾萬但抱歉這裡是台灣只有車子不夠貴的問題特是豪華車階級有錢人時間大於一切降不降價不在乎有車開才爽這年頭有錢人心態早變了沒有當盤子的問題只有你當不當得起的問題大家可以用每月掛牌數去推說如果車子賣不掉各代理商的存貨成本會有多可觀根本是天文數字你不買我不買明天降是確實發生過的以前雙奧迪歪什麼離譜的折扣怎沒有過時代變了各位老人醒醒吧外面有錢人真的變太多了咱們一起向上提升不要向下沈淪整天問降價,假設一台台特報關成本好了你三千個待交車車主損失台幣不交車台特的存貨成本是億起跳放著一天老馬就頭皮發麻一天跟他拼降價搞不好省個幾萬但抱歉這裡是台灣只有車子不夠貴的問題特是豪華車階級有錢人時間大於一切降不降價不在乎有車開才爽這年頭有錢人心態早變了沒有當盤子的問題只有你當不當得起的問題大家可以用每月掛牌數去推說如果車子賣不掉各代理商的存貨成本會有多可觀根本是天文數字你不買我不買明天降是確實發生過的以前雙奧迪歪什麼離譜的折扣怎沒有過時代變了各位老人醒醒吧外面有錢人真的變太多了咱們一起向上提升不要向下沈淪整天問降價,"使用者體驗

這段文字表達了作者對台特報關高價車款存貨成本高、影響使用體驗的觀點。"
2023-01-23 18:04:31,新聞特斯拉買十天就故障疑緊急煞車害電腦,原文連結原文內容特斯拉買十天就故障疑緊急煞車害電腦當機警民谷歌求解年月日週一下午男子剛買特斯拉上路十天開到一半突然故障卡在路中圖男子剛買特斯拉上路十天開到一半突然故障卡在路中圖不少人現在喜歡買電動車但若開到一半故障動彈不得需要推車時才會發現真的有夠重新北市一名李姓男子趁著農曆年前購入一輛特斯拉電動車才上路十天就突然在行進間失去動力導致車子停在馬路中央巡邏員警發現上前協助卻疑似因為車子啟動緊急剎車導致電腦當機電子手煞車也啟動想推也沒轍好在現場員警們及熱心民眾協助上網求解李姓男子才知道可以將車子變更為牽引模式解除電子手煞車順利將它推到路邊後等待原廠工程師排解歲李姓男子先前購買一輛白色特斯拉電動車但因為沒開多久車況還不熟日下午行經土城裕民裕生路附近時右轉到一半突然失去動力想重新啟動也沒有反應李姓男子當下也慌了不知道該如何是好就這樣坐在車內車子也卡在路中央這時巡邏員警剛好經過原先以為是車輛違停上前欲勸導才發現是故障了疑似是因為車輛偵測到行人啟動緊急煞車電子手煞車也拉起但電腦當機導致車子無法發動圖疑似是因為車輛偵測到行人啟動緊急煞車電子手煞車也拉起但電腦當機導致車子無法發動圖由於員警們對電動車也不熟悉當下就要求李姓男子將車子打入檔放手煞車這樣就能順利將車子推到安全位置沒想到怎麼操作都不行車輪就是鎖死推不動好在員警和現場熱心民眾急忙拿出手機上網求解這才發現李姓男子疑似是在右轉時車輛偵測到前方有行人才會啟動緊急剎車導致電腦當機若是想解除電子手剎車則是要將車子狀態變更為牽引模式將車子狀態改為牽引模式後電子手煞車才放下藉此推車圖將車子狀態改為牽引模式後電子手煞車才放下藉此推車圖員警和民眾協助推車圖員警和民眾協助推車圖事後李姓男子順利變更設定但因為電動車和轎車比起來多了電池重量重很多員警和熱心民眾協助推車將它移到安全位置後才聯繫原廠工程師到場協助排解對此李姓男子也頻頻向警方和民眾道謝表示自己牽車上路才十天因此很多東西都還是不熟悉還好有大家幫忙才沒造成事故意外心得說明,原文連結原文內容特斯拉買十天就故障疑緊急煞車害電腦當機警民谷歌求解年月日週一下午男子剛買特斯拉上路十天開到一半突然故障卡在路中圖男子剛買特斯拉上路十天開到一半突然故障卡在路中圖不少人現在喜歡買電動車但若開到一半故障動彈不得需要推車時才會發現真的有夠重新北市一名李姓男子趁著農曆年前購入一輛特斯拉電動車才上路十天就突然在行進間失去動力導致車子停在馬路中央巡邏員警發現上前協助卻疑似因為車子啟動緊急剎車導致電腦當機電子手煞車也啟動想推也沒轍好在現場員警們及熱心民眾協助上網求解李姓男子才知道可以將車子變更為牽引模式解除電子手煞車順利將它推到路邊後等待原廠工程師排解歲李姓男子先前購買一輛白色特斯拉電動車但因為沒開多久車況還不熟日下午行經土城裕民裕生路附近時右轉到一半突然失去動力想重新啟動也沒有反應李姓男子當下也慌了不知道該如何是好就這樣坐在車內車子也卡在路中央這時巡邏員警剛好經過原先以為是車輛違停上前欲勸導才發現是故障了疑似是因為車輛偵測到行人啟動緊急煞車電子手煞車也拉起但電腦當機導致車子無法發動圖疑似是因為車輛偵測到行人啟動緊急煞車電子手煞車也拉起但電腦當機導致車子無法發動圖由於員警們對電動車也不熟悉當下就要求李姓男子將車子打入檔放手煞車這樣就能順利將車子推到安全位置沒想到怎麼操作都不行車輪就是鎖死推不動好在員警和現場熱心民眾急忙拿出手機上網求解這才發現李姓男子疑似是在右轉時車輛偵測到前方有行人才會啟動緊急剎車導致電腦當機若是想解除電子手剎車則是要將車子狀態變更為牽引模式將車子狀態改為牽引模式後電子手煞車才放下藉此推車圖將車子狀態改為牽引模式後電子手煞車才放下藉此推車圖員警和民眾協助推車圖員警和民眾協助推車圖事後李姓男子順利變更設定但因為電動車和轎車比起來多了電池重量重很多員警和熱心民眾協助推車將它移到安全位置後才聯繫原廠工程師到場協助排解對此李姓男子也頻頻向警方和民眾道謝表示自己牽車上路才十天因此很多東西都還是不熟悉還好有大家幫忙才沒造成事故意外心得說明,安全性能面
2023-01-23 19:30:14,討論特斯拉全球大降價只有台灣等三國沒降,全世界都降了沒道理台灣不降我猜應該是台灣稅金複雜加上適逢農曆春節作業流程比較慢很快就會跟上了坐等降價來打臉這些見獵心喜的特黑們,全世界都降了沒道理台灣不降我猜應該是台灣稅金複雜加上適逢農曆春節作業流程比較慢很快就會跟上了坐等降價來打臉這些見獵心喜的特黑們,"投訴方面

該文本表達了對台灣稅金和農曆春節作業流程的投訴，認為這些因素導致全球其他國家降價特價，而台灣尚未跟上。"
2023-01-23 19:42:11,討論特斯拉全球大降價只有台灣等三國沒降,現實生活中降不降價還真的是很在乎呢大部份買麻豆歪的人都是因爲省很大斤斤計較台灣有錢人是很多沒錯但是願意當盤子的有錢人我看應該是沒有很多反正我銀彈是準備好了坐等崩崩低買,現實生活中降不降價還真的是很在乎呢大部份買麻豆歪的人都是因爲省很大斤斤計較台灣有錢人是很多沒錯但是願意當盤子的有錢人我看應該是沒有很多反正我銀彈是準備好了坐等崩崩低買,"使用者體驗

這段文字表達了作者對降價產品的看法，並認為降價並非所有的人都願意購買。作者還表示自己已經準備好了低價購買。這表明作者對使用者體驗並非完全滿足，但並非因價格而拒絕購買。"
2023-01-24 20:45:16,討論特斯拉如果反向操作再漲五萬會怎樣,現在市場瀰漫著降價的味道你不買我不買台特降兩百潛在買家都不出手二手市場也擔心新車降太多直接多給點折扣求售如果台特反其道而行漲五萬是不是皆大歡喜反正幾年前砍半價被罵到臭頭漲價就沒事了對吧,現在市場瀰漫著降價的味道你不買我不買台特降兩百潛在買家都不出手二手市場也擔心新車降太多直接多給點折扣求售如果台特反其道而行漲五萬是不是皆大歡喜反正幾年前砍半價被罵到臭頭漲價就沒事了對吧,產品性價格面
2023-01-26 10:28:57,新聞特斯拉大陸價格創歷史新低背後原因曝,原文連結原文內容特斯拉大陸價格創歷史新低背後原因曝馬斯克推文現端倪記者蔡儀潔綜合報導特斯拉全系列車型在大陸創下歷史最低價格引發車主不滿日前四川就爆發激烈維權行動陸媒指出頻頻降價的背後是特斯拉面臨需求減弱訂單增速放緩據乘聯會數據特斯拉中國在年月交付了萬輛較月下降了據澎湃新聞報導月日特斯拉國產車型大幅降價起售價萬元人民幣下同起售價萬元創下歷史最低價格交付週期為周其中降幅最大的一款車型為長續航版降幅高達萬元此次已經是特斯拉近兩個多月以來的第二次大幅降價實際上特斯拉在進入年第四季度以來頻頻推出名目繁多的促銷活動變相降價進入年還推出了新年限時福利報導指出特斯拉頻出優惠購車政策的背後是需求減弱訂單增速放緩特斯拉在月日交出了一份不及預期的交付數據年第四季度全球生產超過萬輛汽車交付超過萬輛汽車創下交付新高但仍稍低於華爾街此前所預期的萬輛交付量據乘聯會數據特斯拉中國在月交付了萬輛較月下降了交付量不及預期佐證了此前市場對於特斯拉最大的顧慮即需求不足華爾街分析師普遍已將特斯拉年的銷量預期從超萬輛調低至萬輛左右伯恩斯坦分析師認為特斯拉只有兩條路可行要麼降低其增長目標並使其工廠產量低於產能運行要麼維持甚至擴大在全球的降價促銷進而對利潤率構成壓力值得注意的是從特斯拉執行長馬斯克此前的表態可以推斷特斯拉將會選擇降價這條路當地時間年月日馬斯克曾在上提到要在不讓公司面臨風險的情況下實現最快的增長即使不盈利特斯拉也會在必要時降價以推動交付特斯拉的連番降價在大陸引發車主不滿網友不是鄭小康爆料指出降價消息一出成都太古里就爆發了進入大陸以來最激烈的維權那個門店所有給用戶的周邊禮品零食和水都被搶一台純電動小車被毀壞他透露現場簽字的車主們的訴求是萬公里超充萬積分完全自動駕駛功能選裝價萬元終身使用權車輛延保年總金額或達逾萬元除了成都太古里網上還流傳出多張車主維權的照片暱稱轟轟就曝光了疑似特斯拉杭州蕭山體驗中心的維權畫面顯示多人聚集店內高喊退錢心得說明字以上說真的車市是一個穩定的市場電動車再怎樣的成長總會有其限度更何況毛利率抓這麼高先買的自然就是韭菜命用早買早享受安慰自己至於東台灣歐特斯拉銷售很熱的官網收到這麼多的尚未交車訂單這麼肥流油的場子憑啥談降價棄了單要轉買啥嗎放福利不是放給已經不會有銷量貢獻的車主好嗎,原文連結原文內容特斯拉大陸價格創歷史新低背後原因曝馬斯克推文現端倪記者蔡儀潔綜合報導特斯拉全系列車型在大陸創下歷史最低價格引發車主不滿日前四川就爆發激烈維權行動陸媒指出頻頻降價的背後是特斯拉面臨需求減弱訂單增速放緩據乘聯會數據特斯拉中國在年月交付了萬輛較月下降了據澎湃新聞報導月日特斯拉國產車型大幅降價起售價萬元人民幣下同起售價萬元創下歷史最低價格交付週期為周其中降幅最大的一款車型為長續航版降幅高達萬元此次已經是特斯拉近兩個多月以來的第二次大幅降價實際上特斯拉在進入年第四季度以來頻頻推出名目繁多的促銷活動變相降價進入年還推出了新年限時福利報導指出特斯拉頻出優惠購車政策的背後是需求減弱訂單增速放緩特斯拉在月日交出了一份不及預期的交付數據年第四季度全球生產超過萬輛汽車交付超過萬輛汽車創下交付新高但仍稍低於華爾街此前所預期的萬輛交付量據乘聯會數據特斯拉中國在月交付了萬輛較月下降了交付量不及預期佐證了此前市場對於特斯拉最大的顧慮即需求不足華爾街分析師普遍已將特斯拉年的銷量預期從超萬輛調低至萬輛左右伯恩斯坦分析師認為特斯拉只有兩條路可行要麼降低其增長目標並使其工廠產量低於產能運行要麼維持甚至擴大在全球的降價促銷進而對利潤率構成壓力值得注意的是從特斯拉執行長馬斯克此前的表態可以推斷特斯拉將會選擇降價這條路當地時間年月日馬斯克曾在上提到要在不讓公司面臨風險的情況下實現最快的增長即使不盈利特斯拉也會在必要時降價以推動交付特斯拉的連番降價在大陸引發車主不滿網友不是鄭小康爆料指出降價消息一出成都太古里就爆發了進入大陸以來最激烈的維權那個門店所有給用戶的周邊禮品零食和水都被搶一台純電動小車被毀壞他透露現場簽字的車主們的訴求是萬公里超充萬積分完全自動駕駛功能選裝價萬元終身使用權車輛延保年總金額或達逾萬元除了成都太古里網上還流傳出多張車主維權的照片暱稱轟轟就曝光了疑似特斯拉杭州蕭山體驗中心的維權畫面顯示多人聚集店內高喊退錢心得說明字以上說真的車市是一個穩定的市場電動車再怎樣的成長總會有其限度更何況毛利率抓這麼高先買的自然就是韭菜命用早買早享受安慰自己至於東台灣歐特斯拉銷售很熱的官網收到這麼多的尚未交車訂單這麼肥流油的場子憑啥談降價棄了單要轉買啥嗎放福利不是放給已經不會有銷量貢獻的車主好嗎,"產品性價格面

原因：文本中指出特斯拉在大陸創下歷史最低價格，引發車主不滿。"
2023-01-26 11:32:34,新聞特斯拉男喊爸過世想插隊充電遭拒,特斯拉男喊爸過世想插隊充電遭拒怒掏槍掃射下場曝中時新聞網陳慧雯去年月日一名林姓男子在宜蘭市女中路的特斯拉電動車充電樁站聲稱自己爸爸過世要求正在充電的陳姓男子讓位然而林男不滿遭到陳男拒絕竟持槍掃射日前法院判決出爐林男遭依強制罪判處月徒刑得易科罰金又犯恐嚇危害安全罪判處有期徒刑月均緩刑年還得給付公庫萬元回顧事發過程林男因特斯拉沒電自稱父親過世急著奔喪遂向正在使用充電樁的陳姓男子溝通但兩人溝通失敗陳男先行駕車離開林男不服氣驅車上前理論還在車上朝對方比中指嗆罵下來嘛你拍我的車子是怎麼樣我有沒有跟你說我爸爸過世了讓個位置會怎麼樣下車看怎樣都可以等話陳男也解釋自己也有急事不便讓出停車樁但林男仍怒氣沖沖最後還拿把槍朝著陳的車內掃射彈隨即揚長而去林男的惡行曝光後遭到網友起底有人指他開槍落跑並非首次還被肉搜出特斯拉是貸款近日法院判決出爐林男遭依強制罪判處月徒刑得易科罰金又犯恐嚇危害安全罪判處有期徒刑月均緩刑年緩刑期間付保護管束並應於判決確定年內給付公庫萬元月內向指定機關提供小時的義務勞務參加法治教育場立悔過書全案可上訴急著用電找附近的就好了還是充電樁不夠普及話說有攜帶式備用電池可應急嗎,特斯拉男喊爸過世想插隊充電遭拒怒掏槍掃射下場曝中時新聞網陳慧雯去年月日一名林姓男子在宜蘭市女中路的特斯拉電動車充電樁站聲稱自己爸爸過世要求正在充電的陳姓男子讓位然而林男不滿遭到陳男拒絕竟持槍掃射日前法院判決出爐林男遭依強制罪判處月徒刑得易科罰金又犯恐嚇危害安全罪判處有期徒刑月均緩刑年還得給付公庫萬元回顧事發過程林男因特斯拉沒電自稱父親過世急著奔喪遂向正在使用充電樁的陳姓男子溝通但兩人溝通失敗陳男先行駕車離開林男不服氣驅車上前理論還在車上朝對方比中指嗆罵下來嘛你拍我的車子是怎麼樣我有沒有跟你說我爸爸過世了讓個位置會怎麼樣下車看怎樣都可以等話陳男也解釋自己也有急事不便讓出停車樁但林男仍怒氣沖沖最後還拿把槍朝著陳的車內掃射彈隨即揚長而去林男的惡行曝光後遭到網友起底有人指他開槍落跑並非首次還被肉搜出特斯拉是貸款近日法院判決出爐林男遭依強制罪判處月徒刑得易科罰金又犯恐嚇危害安全罪判處有期徒刑月均緩刑年緩刑期間付保護管束並應於判決確定年內給付公庫萬元月內向指定機關提供小時的義務勞務參加法治教育場立悔過書全案可上訴急著用電找附近的就好了還是充電樁不夠普及話說有攜帶式備用電池可應急嗎,投訴方面、物流方面、產品性價格面、安全性能面、使用者體驗
2023-01-29 19:33:05,新聞特斯拉男路中倒車機車男飆國罵春節街頭,原文連結原文內容影特斯拉男路中倒車機車男飆國罵春節街頭爆行車糾紛聯合新聞網桃園市黃姓男子昨天開特斯拉轎車行經中壢區弘揚路未注意後方行車在路中停車且倒車遭後方李姓機車騎士按喇叭開罵三字經黃男追趕攔下不滿李罵人侮辱兩人爆發激烈口角網友文引發熱議警方到場勸解雙方相互道歉結束新春街頭行車糾紛警方今天上午表示黃姓男子歲昨天下午駕駛特斯拉轎車他搭載女友出遊行經中壢區弘揚路趁過年期間欲尋找店家買東西卻未注意後方李姓機車騎士歲行車黃突然路中停車並倒車李男不滿開罵三字經幹譙後離開不料李黃男開斯特拉轎車從後追趕切入車道攔下李男機車黃男說他未注意後方機車他可以道歉對方難道可以侮辱罵人嗎李機車騎士回嗆你違規知道嗎難道可以在路上倒車嗎道歉有用嗎雙方在路中一言不合爆激烈口角黃男女友下車勸解兩人仍你一言我一語嗆聲叫罵分鐘警方表示黃姓李姓駕駛雙方爆發激烈口角警方到場後化解雙方爭執兩人見警察頓時語氣放軟各自說明警方調解新春期間駕駛人應遵守交通規則最後黃李兩人表示不願追究互相致歉後離去化解行車糾紛心得說明影片看了影片雙方都沒有拿武器最大的武器就是嘴砲機車騎士的嘴砲戰力似乎勝過特斯拉駕駛行駛路上火氣別那麼大阿,原文連結原文內容影特斯拉男路中倒車機車男飆國罵春節街頭爆行車糾紛聯合新聞網桃園市黃姓男子昨天開特斯拉轎車行經中壢區弘揚路未注意後方行車在路中停車且倒車遭後方李姓機車騎士按喇叭開罵三字經黃男追趕攔下不滿李罵人侮辱兩人爆發激烈角網友文引發熱議警方到場勸解雙方相互道歉結束新春街頭行車糾紛警方今天上午表示黃姓男子歲昨天下午駕駛特斯拉轎車他搭載女友出遊行經中壢區弘揚路趁過年期間欲尋找店家買東西卻未注意後方李姓機車騎士歲行車黃突然路中停車並倒車李男不滿開罵三字經幹譙後離開不料李黃男開斯特拉轎車從後追趕切入車道攔下李男機車黃男說他未注意後方機車他可以道歉對方難道可以侮辱罵人嗎李機車騎士回嗆你違規知道嗎難道可以在路上倒車嗎道歉有用嗎雙方在路中一言不合爆激烈角黃男女友下車勸解兩人仍你一言我一語嗆聲叫罵分鐘警方表示黃姓李姓駕駛雙方爆發激烈角警方到場後化解雙方爭執兩人見警察頓時語氣放軟各自說明警方調解新春期間駕駛人應遵守交通規則最後黃李兩人表示不願追究互相致歉後離去化解行車糾紛心得說明影片看了影片雙方都沒有拿武器最大的武器就是嘴砲機車騎士的嘴砲戰力似乎勝過特斯拉駕駛行駛路上火氣別那麼大阿,"投訴方面

原因：文本中描述特斯拉的客服人員態度差，並無法解決問題，這表明客戶對服務品質的不滿。"
2023-01-30 11:15:11,問題連假十天的純電車使用心得,小弟只擁有過油車目前要換車一直把目標放在純電車看過特斯拉奧迪但太座比較屬意油電因為有連假就常會出遠門遊玩所以想請教各位純電車的先進這次連假十天的純電車出遊心得謝謝大家,小弟只擁有過油車目前要換車一直把目標放在純電車看過特斯拉奧迪但太座比較屬意油電因為有連假就常會出遠門遊玩所以想請教各位純電車的先進這次連假十天的純電車出遊心得謝謝大家,"使用者體驗

這段文字討論的是純電車在連假十天的出遊心得，而不是針對特斯拉等特定品牌或模型進行分類。因此，該分類應為使用者體驗。"
2023-01-30 14:14:25,新聞二手車商以後不敢收車新車大降價中古車崩盤跌,作者看板標題新聞二手車商以後不敢收車新車大降價中古車崩盤跌價時間備註請放最後面違者新聞文章刪除媒體來源自由時報記者署名陳英傑完整新聞標題二手車商以後不敢收車新車大降價中古車崩盤跌價萬元完整新聞內文隨著猶如跳樓大拍賣的新車大降價首當其衝的就是的中古車行情來自國外的調查顯示過去半年中古車價格跌幅高達跌價高達萬元相當驚人的最新調查顯示中古車在年月時為美元約萬元台幣但到了現在只剩下美元約萬元台幣有著美元約萬元台幣的價差跌幅其中中古車平均售價僅需美元約萬元台幣中古車平均售價美元約萬元台幣儘管認為規模經濟是導致價格下跌的主因之一但與的改款也跟跌價有關聯台灣截至目前為止仍未調降售價台灣特斯拉至今也都無相關訊息成為全球少數特斯拉未降價的國家完整新聞連結或短網址不可用等轉載媒體備註了不起我的特連二手價都瘋狂跳水了只是這些還是他國事務跟台灣關係不大,作者看板標題新聞二手車商以後不敢收車新車大降價中古車崩盤跌價時間備註請放最後面違者新聞文章刪除媒體來源自由時報記者署名陳英傑完整新聞標題二手車商以後不敢收車新車大降價中古車崩盤跌價萬元完整新聞內文隨著猶如跳樓大拍賣的新車大降價首當其衝的就是的中古車行情來自國外的調查顯示過去半年中古車價格跌幅高達跌價高達萬元相當驚人的最新調查顯示中古車在年月時為美元約萬元台幣但到了現在只剩下美元約萬元台幣有著美元約萬元台幣的價差跌幅其中中古車平均售價僅需美元約萬元台幣中古車平均售價美元約萬元台幣儘管認為規模經濟是導致價格下跌的主因之一但與的改款也跟跌價有關聯台灣截至目前為止仍未調降售價台灣特斯拉至今也都無相關訊息成為全球少數特斯拉未降價的國家完整新聞連結或短網址不可用等轉載媒體備註了不起我的特連二手價都瘋狂跳水了只是這些還是他國事務跟台灣關係不大,使用者體驗
2023-01-30 21:20:27,新聞超越和特斯,原文連結原文內容超越和特斯拉衝上全球暢銷車第四名席次特斯拉執行長馬斯克曾發下有機會於年成為全球最暢銷車的豪語雖然這高難度目標能否達成現在還無法下定論但這款純電休旅在年已取得相當優質的銷售表現全球總銷量超越等知名燃油車款擠身全球銷量排名前五的暢銷車儘管特斯拉官方從來都不會公開單一車款的銷售數據但第三方的最新統計數據指出去年的全球累計銷量達到將近萬輛僅位居在和之後一舉躍身為年全球第四熱賣的車款比都還要更加熱賣年全球前十大熱賣車款萬輛輛輛輛輛輛輛輛輛輛順帶一提和年相比的全球銷量大幅增長了是年全球前十大熱賣車款當中成長率最高的而且近期特斯拉在全球推行的降價策略目前台灣尚未進行價格調整外界認為可望讓特斯拉年的整體銷量增長超過可預期的銷量也會進一步攀升但今年是否能問鼎全球最暢銷車款寶座仍有待持續觀察心得說明字以上雖然因為柏林工廠下半年才加入供應因此成長率高達繳出全年輛的成績但是第一名的可是突破百萬門檻的神車不太可能符合馬斯克的期待變成第一名個人認為頂多坐二望一但是能夠爬到第二名也已經很驚人了是說和也通算在當中嗎如果是這樣的話可是包辦了三種車型從五門掀背四門房車跟休旅車都有這統計方式好像有點怪,原文連結原文內容超越和特斯拉衝上全球暢銷車第四名席次特斯拉執行長馬斯克曾發下有機會於年成為全球最暢銷車的豪語雖然這高難度目標能否達成現在還無法下定論但這款純電休旅在年已取得相當優質的銷售表現全球總銷量超越等知名燃油車款擠身全球銷量排名前五的暢銷車儘管特斯拉官方從來都不會公開單一車款的銷售數據但第三方的最新統計數據指出去年的全球累計銷量達到將近萬輛僅位居在和之後一舉躍身為年全球第四熱賣的車款比都還要更加熱賣年全球前十大熱賣車款萬輛輛輛輛輛輛輛輛輛輛順帶一提和年相比的全球銷量大幅增長了是年全球前十大熱賣車款當中成長率最高的而且近期特斯拉在全球推行的降價策略目前台灣尚未進行價格調整外界認為可望讓特斯拉年的整體銷量增長超過可預期的銷量也會進一步攀升但今年是否能問鼎全球最暢銷車款寶座仍有待持續觀察心得說明字以上雖然因為柏林工廠下半年才加入供應因此成長率高達繳出全年輛的成績但是第一名的可是突破百萬門檻的神車不太可能符合馬斯克的期待變成第一名個人認為頂多坐二望一但是能夠爬到第二名也已經很驚人了是說和也通算在當中嗎如果是這樣的話可是包辦了三種車型從五門掀背四門房車跟休旅車都有這統計方式好像有點怪,"產品性價格面

主要論點：該文提到特斯拉的降價策略會導致其銷量增長，並認為這將會使特斯拉在年全球第四熱賣的車款名次中取得進步。"
2023-01-31 13:00:48,討論特斯拉之外最強的電車廠是誰,我老爸最近想換車了想買台好車退休開而且指名要豪華品牌純電車油電什麼的都不要全世界都知道電車龍頭就是特斯拉電控熱控安全都屌打歐系電車還不成氣候連個前備箱都做不出來只能賣賣品牌和內裝工藝慚愧的是我這個資深特粉長期小股東影響不了他反正不是花我的錢所以囉上來問問看歐系雙和系比較推哪台啊到時候再借來板上開箱應該不會再讓老婆入鏡了,我老爸最近想換車了想買台好車退休開而且指名要豪華品牌純電車油電什麼的都不要全世界都知道電車龍頭就是特斯拉電控熱控安全都屌打歐系電車還不成氣候連個前備箱都做不出來只能賣賣品牌和內裝工藝慚愧的是我這個資深特粉長期小股東影響不了他反正不是花我的錢所以囉上來問問看歐系雙和系比較推哪台啊到時候再借來板上開箱應該不會再讓老婆入鏡了,使用者體驗
2023-01-31 21:40:16,新聞和台灣市場大不同年各國熱賣車款出爐,原文連結原文內容和台灣市場大不同年各國熱賣車款出爐年已經過去對於去年而言無疑是艱難的一年包括全球通貨膨脹壓力俄羅斯入侵烏克蘭及其對歐洲能源成本的影響另外包括疫情及晶片短缺等問題都讓汽車業去年銷售表現喜憂參半外媒匯總了年部分國家最暢銷車款的數據相較於台灣市場日系車當道休旅車表現亮眼不同國家則呈現出不同風貌考慮到全球所面臨的挑戰全球最大的中國汽車市場表現情況相當不錯與年相比銷量增長了達到萬台銷量甚至比新冠肺炎尚未到來的年還要好這個市場規模幾乎是第二名美國的兩倍其中在中國政府的大力推動下電動汽車促成了不小的增長表現根據初步數據這些車輛佔總銷量的其中五菱宏光進入車型總銷量前三銷售冠軍則是比亞迪的宋休旅車全球第二大的美國則是情勢更加艱困受到通貨膨脹壓力和更高利率的影響汽車銷量萬輛比年下降為年以來的最低水平銷量比年下降儘管銷售表現不佳消費者繼續從轎車和轉向和皮卡銷售前三名均是皮卡包括系列貨卡及則持續強化市佔率和在電動車排名中名列前茅儘管如此電動汽車仍然只佔總數的一小部分歐洲情況與美國的情況則類似佔整個地區約的前大市場德國英國法國義大利和西班牙的數據表明仍呈現持續下降的趨勢年銷量總計萬台比年下降比年疫情發生前下降四年內市場損失超過萬台與年相比法國和義大利的降幅最大而德國的數據保持穩定然而它們在年至年期間都出現了兩位數的下降經銷商缺乏新車以及部分由於能源危機導致的生活成本增加解釋了嚴峻的形勢德國部分依然是以品牌最受歡迎銷售前三名分別是義大利則是由拿下冠軍法國則是拿下年度銷售冠軍寶座西班牙市場則是由最為暢銷有趣的是雖然整體車型排名繼續由傳統車型主導但成長趨勢更為明顯甚至在英國當地成為暢銷車第三名的位置給人留下了深刻的印象心得說明字以上各國的暢銷車款真的差很多同樣是牛頭牌稱霸的島台灣和日本的銷量前三名車款也是不一樣,原文連結原文內容和台灣市場大不同年各國熱賣車款出爐年已經過去對於去年而言無疑是艱難的一年包括全球通貨膨脹壓力俄羅斯入侵烏克蘭及其對歐洲能源成本的影響另外包括疫情及晶片短缺等問題都讓汽車業去年銷售表現喜憂參半外媒匯總了年部分國家最暢銷車款的數據相較於台灣市場日系車當道休旅車表現亮眼不同國家則呈現出不同風貌考慮到全球所面臨的挑戰全球最大的中國汽車市場表現情況相當不錯與年相比銷量增長了達到萬台銷量甚至比新冠肺炎尚未到來的年還要好這個市場規模幾乎是第二名美國的兩倍其中在中國政府的大力推動下電動汽車促成了不小的增長表現根據初步數據這些車輛佔總銷量的其中五菱宏光進入車型總銷量前三銷售冠軍則是比亞迪的宋休旅車全球第二大的美國則是情勢更加艱困受到通貨膨脹壓力和更高利率的影響汽車銷量萬輛比年下降為年以來的最低水平銷量比年下降儘管銷售表現不佳消費者繼續從轎車和轉向和皮卡銷售前三名均是皮卡包括系列貨卡及則持續強化市佔率和在電動車排名中名列前茅儘管如此電動汽車仍然只佔總數的一小部分歐洲情況與美國的情況則類似佔整個地區約的前大市場德國英國法國義大利和西班牙的數據表明仍呈現持續下降的趨勢年銷量總計萬台比年下降比年疫情發生前下降四年內市場損失超過萬台與年相比法國和義大利的降幅最大而德國的數據保持穩定然而它們在年至年期間都出現了兩位數的下降經銷商缺乏新車以及部分由於能源危機導致的生活成本增加解釋了嚴峻的形勢德國部分依然是以品牌最受歡迎銷售前三名分別是義大利則是由拿下冠軍法國則是拿下年度銷售冠軍寶座西班牙市場則是由最為暢銷有趣的是雖然整體車型排名繼續由傳統車型主導但成長趨勢更為明顯甚至在英國當地成為暢銷車第三名的位置給人留下了深刻的印象心得說明字以上各國的暢銷車款真的差很多同樣是牛頭牌稱霸的島台灣和日本的銷量前三名車款也是不一樣,"使用者體驗

相關內容：全球市場所面臨的挑戰，例如通貨膨脹、俄羅斯入侵烏克蘭、疫情和晶片短缺，導致汽車業去年銷售表現不佳。"
2023-02-01 10:42:25,新聞降幅最高美元美國調整,原文連結原文內容張宸毓撰文攝影美國宣佈對應合作供應鏈供貨調整將於年提升旗下純電跨界跑旅的產量緩解旗下電動車電池與原料短缺訂單延遲的情形同時對消費者最有感的售價部分調降年式全車系售價降幅最高達美元約合新臺幣萬更新後車系的建議售價自美元起約臺幣萬降幅最高逾新臺幣萬容量電池選配同步降價現行美規年式車系編成劃分為與共計款再細分為與車型不同等級的降價幅度自美元至美元之間美國表示等待交車的車主將適用調整後的價格而年月日後已交車的車主將由當地與車主聯繫協調補償除車型建議售價調降之外在車輛選配部分也進行調整攸關電動車續航里程的電池容量原先選配容量電池的價格為美元此次更新調降後則為美元至於野馬車系經典的外觀選配套件以及套件都維持原先選配價並無調整缺料後重啟接單純電野馬車系最高續航約公里於年月重新展開年式接單的同時也針對配備輔助駕駛等進行升級官方數據指出車型的可用電池容量為至於選配容量電池後的可用容量則達到不同車型等級可行駛里程約自公里至公里英里至英里純電野馬下半年導入國內零件短缺能否迎來曙光待觀察繼先前率先在全球市場包含美國歐洲等地調降車型建議售價後包含小鵬汽車也陸續調整其電動車產品售價與電動車售價直接關聯的電池車用原料與晶片等短缺能否在年迎來後疫情時代的緩解有待市場觀察將於下半年導入國內市場的傳出在經銷端通路已展開非正式接單而導入國內的車輛規格有望採用規格作為直流快充至於確切引進時程與規配將待福特六和正式公佈為主心得說明字以上福特電車也跟上降價了但是進到台灣後價格跟台特一樣世界前幾名不過還是期待越來越多電動車導入台灣原文及網址連結心得或意見字不含標點符號,原文連結原文內容張宸毓撰文攝影美國宣佈對應合作供應鏈供貨調整將於年提升旗下純電跨界跑旅的產量緩解旗下電動車電池與原料短缺訂單延遲的情形同時對消費者最有感的售價部分調降年式全車系售價降幅最高達美元約合新臺幣萬更新後車系的建議售價自美元起約臺幣萬降幅最高逾新臺幣萬容量電池選配同步降價現行美規年式車系編成劃分為與共計款再細分為與車型不同等級的降價幅度自美元至美元之間美國表示等待交車的車主將適用調整後的價格而年月日後已交車的車主將由當地與車主聯繫協調補償除車型建議售價調降之外在車輛選配部分也進行調整攸關電動車續航里程的電池容量原先選配容量電池的價格為美元此次更新調降後則為美元至於野馬車系經典的外觀選配套件以及套件都維持原先選配價並無調整缺料後重啟接單純電野馬車系最高續航約公里於年月重新展開年式接單的同時也針對配備輔助駕駛等進行升級官方數據指出車型的可用電池容量為至於選配容量電池後的可用容量則達到不同車型等級可行駛里程約自公里至公里英里至英里純電野馬下半年導入國內零件短缺能否迎來曙光待觀察繼先前率先在全球市場包含美國歐洲等地調降車型建議售價後包含小鵬汽車也陸續調整其電動車產品售價與電動車售價直接關聯的電池車用原料與晶片等短缺能否在年迎來後疫情時代的緩解有待市場觀察將於下半年導入國內市場的傳出在經銷端通路已展開非正式接單而導入國內的車輛規格有望採用規格作為直流快充至於確切引進時程與規配將待福特六和正式公佈為主心得說明字以上福特電車也跟上降價了但是進到台灣後價格跟台特一樣世界前幾名不過還是期待越來越多電動車導入台灣原文及網址連結心得或意見字不含標點符號,投訴方面
